ISO-10303-21;
HEADER;
FILE_DESCRIPTION(('CATIA V5 STEP Exchange'),'2;1');

FILE_NAME('C:\\Users\\citd.lab1sys4.001\\Desktop\\5 blade rotor head (please dont delete)\\my project files\\5_blade_rotor_head.stp','2018-06-06T13:26:26+00:00',('none'),('none'),'CATIA Version 5 Release 18 GA (IN-10)','CATIA V5 STEP AP203','none');

FILE_SCHEMA(('CONFIG_CONTROL_DESIGN'));

ENDSEC;
/* file written by CATIA V5R18 */
DATA;
#5=PRODUCT('Product1','','',(#2)) ;
#54=PRODUCT('swash_plate_down','','',(#2)) ;
#513=PRODUCT('swash_plate_up','','',(#2)) ;
#1517=PRODUCT('sphere','','',(#2)) ;
#1858=PRODUCT('washer','','',(#2)) ;
#2422=PRODUCT('main_shaft','','',(#2)) ;
#2693=PRODUCT('hub','','',(#2)) ;
#4434=PRODUCT('blade_grip','','',(#2)) ;
#5613=PRODUCT('grip_arm','','',(#2)) ;
#5905=PRODUCT('grip_arm_support','','',(#2)) ;
#6164=PRODUCT('ball_head','','',(#2)) ;
#6580=PRODUCT('metal_joint_link','','',(#2)) ;
#7432=PRODUCT('feather_shaft','','',(#2)) ;
#7588=PRODUCT('hub_connector','','',(#2)) ;
#7906=PRODUCT('hub_connector2','','',(#2)) ;
#8401=PRODUCT('head_plate','','',(#2)) ;
#8656=PRODUCT('main_shaft_screw','','',(#2)) ;
#9378=PRODUCT('main_shaft_screw_washer','','',(#2)) ;
#1=APPLICATION_CONTEXT('configuration controlled 3D design of mechanical parts and assemblies') ;
#17=PRODUCT_DEFINITION('Product1',' ',#6,#3) ;
#19=SECURITY_CLASSIFICATION(' ',' ',#18) ;
#18=SECURITY_CLASSIFICATION_LEVEL('unclassified') ;
#61=CARTESIAN_POINT('Axis2P3D Location',(0.,0.,0.)) ;
#66=CARTESIAN_POINT('Axis2P3D Location',(0.,0.,3.5)) ;
#70=CARTESIAN_POINT('Vertex',(-10.,1.22460635382E-015,3.5)) ;
#72=CARTESIAN_POINT('Vertex',(10.,0.,3.5)) ;
#75=CARTESIAN_POINT('Line Origine',(10.,-2.44921270764E-015,0.)) ;
#79=CARTESIAN_POINT('Vertex',(10.,0.,-3.5)) ;
#82=CARTESIAN_POINT('Axis2P3D Location',(0.,0.,-3.5)) ;
#86=CARTESIAN_POINT('Vertex',(-10.,1.22460635382E-015,-3.5)) ;
#89=CARTESIAN_POINT('Line Origine',(-10.,1.22460635382E-015,0.)) ;
#101=CARTESIAN_POINT('Axis2P3D Location',(0.,0.,3.5)) ;
#106=CARTESIAN_POINT('Axis2P3D Location',(0.,0.,-3.5)) ;
#118=CARTESIAN_POINT('Axis2P3D Location',(0.,0.,-3.5)) ;
#123=CARTESIAN_POINT('Axis2P3D Location',(0.,0.,-3.5)) ;
#127=CARTESIAN_POINT('Vertex',(-16.,1.95937016612E-015,-3.5)) ;
#129=CARTESIAN_POINT('Vertex',(16.,0.,-3.5)) ;
#132=CARTESIAN_POINT('Axis2P3D Location',(0.,0.,-3.5)) ;
#146=CARTESIAN_POINT('Axis2P3D Location',(0.,0.,3.5)) ;
#151=CARTESIAN_POINT('Axis2P3D Location',(0.,0.,3.5)) ;
#155=CARTESIAN_POINT('Vertex',(16.,0.,3.5)) ;
#157=CARTESIAN_POINT('Vertex',(-16.,1.95937016612E-015,3.5)) ;
#160=CARTESIAN_POINT('Axis2P3D Location',(0.,0.,3.5)) ;
#174=CARTESIAN_POINT('Axis2P3D Location',(11.,0.,0.)) ;
#179=CARTESIAN_POINT('Axis2P3D Location',(11.,0.,-0.77)) ;
#183=CARTESIAN_POINT('Vertex',(11.,1.5,-0.77)) ;
#185=CARTESIAN_POINT('Vertex',(11.,-1.5,-0.77)) ;
#188=CARTESIAN_POINT('Axis2P3D Location',(11.,0.,-0.77)) ;
#198=CARTESIAN_POINT('Axis2P3D Location',(13.5,0.,-0.77)) ;
#204=CARTESIAN_POINT('Control Point',(16.,-3.99680288865E-015,0.73)) ;
#205=CARTESIAN_POINT('Control Point',(16.,-0.47148417828,0.73)) ;
#206=CARTESIAN_POINT('Control Point',(15.9828102854,-0.943347446589,0.544985010265)) ;
#207=CARTESIAN_POINT('Control Point',(15.9468416924,-1.31496833436,0.17334430512)) ;
#208=CARTESIAN_POINT('Control Point',(15.9295323221,-1.5,-0.29851582172)) ;
#209=CARTESIAN_POINT('Control Point',(15.9295323221,-1.5,-0.77)) ;
#210=CARTESIAN_POINT('Vertex',(16.,0.,0.73)) ;
#212=CARTESIAN_POINT('Vertex',(15.9295323221,-1.5,-0.77)) ;
#215=CARTESIAN_POINT('Line Origine',(13.5,-1.5,-0.77)) ;
#220=CARTESIAN_POINT('Line Origine',(13.5,1.5,-0.77)) ;
#224=CARTESIAN_POINT('Vertex',(15.9295323221,1.5,-0.77)) ;
#228=CARTESIAN_POINT('Control Point',(16.,0.,0.73)) ;
#229=CARTESIAN_POINT('Control Point',(16.,0.471484178285,0.73)) ;
#230=CARTESIAN_POINT('Control Point',(15.9828102854,0.943347446606,0.544985010239)) ;
#231=CARTESIAN_POINT('Control Point',(15.9468416924,1.31496833435,0.173344305144)) ;
#232=CARTESIAN_POINT('Control Point',(15.9295323221,1.5,-0.298515821715)) ;
#233=CARTESIAN_POINT('Control Point',(15.9295323221,1.5,-0.77)) ;
#244=CARTESIAN_POINT('Control Point',(16.,-2.22044604925E-016,-2.27)) ;
#245=CARTESIAN_POINT('Control Point',(16.,0.471484178281,-2.27)) ;
#246=CARTESIAN_POINT('Control Point',(15.9828102854,0.943347446632,-2.08498501023)) ;
#247=CARTESIAN_POINT('Control Point',(15.9468416924,1.31496833434,-1.71334430514)) ;
#248=CARTESIAN_POINT('Control Point',(15.9295323221,1.5,-1.24148417828)) ;
#249=CARTESIAN_POINT('Control Point',(15.9295323221,1.5,-0.77)) ;
#250=CARTESIAN_POINT('Vertex',(16.,0.,-2.27)) ;
#254=CARTESIAN_POINT('Control Point',(16.,-5.3290705182E-015,-2.27)) ;
#255=CARTESIAN_POINT('Control Point',(16.,-0.47148417828,-2.27)) ;
#256=CARTESIAN_POINT('Control Point',(15.9828102854,-0.943347446569,-2.08498501028)) ;
#257=CARTESIAN_POINT('Control Point',(15.9468416924,-1.31496833437,-1.71334430511)) ;
#258=CARTESIAN_POINT('Control Point',(15.9295323221,-1.5,-1.24148417828)) ;
#259=CARTESIAN_POINT('Control Point',(15.9295323221,-1.5,-0.77)) ;
#269=CARTESIAN_POINT('Axis2P3D Location',(0.,0.,0.)) ;
#274=CARTESIAN_POINT('Line Origine',(16.,0.,0.)) ;
#279=CARTESIAN_POINT('Line Origine',(-16.,1.95937016612E-015,0.)) ;
#284=CARTESIAN_POINT('Line Origine',(16.,0.,0.)) ;
#299=CARTESIAN_POINT('Control Point',(-9.26380426671,13.0453796613,-0.77)) ;
#300=CARTESIAN_POINT('Control Point',(-9.26380426671,13.0453796613,-0.298514835064)) ;
#301=CARTESIAN_POINT('Control Point',(-9.11222437767,13.1528742357,0.173332840223)) ;
#302=CARTESIAN_POINT('Control Point',(-8.808374887,13.3698484615,0.544974344077)) ;
#303=CARTESIAN_POINT('Control Point',(-8.40831147778,13.6206676992,0.729998184974)) ;
#304=CARTESIAN_POINT('Control Point',(-8.00000050207,13.8564061707,0.729996339878)) ;
#305=CARTESIAN_POINT('Vertex',(-9.26380426671,13.0453796613,-0.77)) ;
#307=CARTESIAN_POINT('Vertex',(-7.9999983162,13.8564035441,0.73)) ;
#311=CARTESIAN_POINT('Control Point',(-9.26380426671,13.0453796613,-0.77)) ;
#312=CARTESIAN_POINT('Control Point',(-9.26380426671,13.0453796613,-1.25753282552)) ;
#313=CARTESIAN_POINT('Control Point',(-9.10159331391,13.1605691426,-1.74506094101)) ;
#314=CARTESIAN_POINT('Control Point',(-8.77614650607,13.3923800647,-2.12218713253)) ;
#315=CARTESIAN_POINT('Control Point',(-7.9582787653,13.90036406,-2.45433620061)) ;
#316=CARTESIAN_POINT('Control Point',(-7.14048529072,14.3285472926,-2.04656731716)) ;
#317=CARTESIAN_POINT('Control Point',(-6.82358104177,14.4730401848,-1.68089009494)) ;
#318=CARTESIAN_POINT('Control Point',(-6.66573072451,14.5453784381,-1.22544923642)) ;
#319=CARTESIAN_POINT('Control Point',(-6.66572842315,14.5453794928,-0.770000022853)) ;
#320=CARTESIAN_POINT('Vertex',(-6.66572805536,14.5453796613,-0.77)) ;
#324=CARTESIAN_POINT('Control Point',(-6.66572842315,14.5453794928,-0.770000022853)) ;
#325=CARTESIAN_POINT('Control Point',(-6.66572604073,14.5453805846,-0.298510220491)) ;
#326=CARTESIAN_POINT('Control Point',(-6.83462537863,14.4678481497,0.173355663181)) ;
#327=CARTESIAN_POINT('Control Point',(-7.174439771,14.3132004833,0.54496162685)) ;
#328=CARTESIAN_POINT('Control Point',(-7.5916765192,14.0921521321,0.730000000001)) ;
#329=CARTESIAN_POINT('Control Point',(-8.,13.8564064605,0.73)) ;
#347=CARTESIAN_POINT('Control Point',(-6.66572805536,-14.5453796613,-0.77)) ;
#348=CARTESIAN_POINT('Control Point',(-6.66572805536,-14.5453796613,-0.298514835065)) ;
#349=CARTESIAN_POINT('Control Point',(-6.83461103215,-14.4678549139,0.173332840329)) ;
#350=CARTESIAN_POINT('Control Point',(-7.1744409689,-14.3132006489,0.544974344049)) ;
#351=CARTESIAN_POINT('Control Point',(-7.59168850513,-14.0921451923,0.729998184974)) ;
#352=CARTESIAN_POINT('Control Point',(-7.99999949793,-13.8564067504,0.729996339878)) ;
#353=CARTESIAN_POINT('Vertex',(-6.66572805536,-14.5453796613,-0.77)) ;
#355=CARTESIAN_POINT('Vertex',(-7.99999831617,-13.8564035441,0.73)) ;
#359=CARTESIAN_POINT('Control Point',(-6.66572805536,-14.5453796613,-0.77)) ;
#360=CARTESIAN_POINT('Control Point',(-6.66572805536,-14.5453796613,-1.25753282555)) ;
#361=CARTESIAN_POINT('Control Point',(-6.84659054885,-14.4624955961,-1.74506094106)) ;
#362=CARTESIAN_POINT('Control Point',(-7.21006810012,-14.296555854,-2.12218713251)) ;
#363=CARTESIAN_POINT('Control Point',(-8.05892901517,-13.8422536112,-2.45433620063)) ;
#364=CARTESIAN_POINT('Control Point',(-8.83864330934,-13.3481153034,-2.04656731716)) ;
#365=CARTESIAN_POINT('Control Point',(-9.12222994919,-13.1459146193,-1.68089009473)) ;
#366=CARTESIAN_POINT('Control Point',(-9.26380187283,-13.0453813613,-1.2254492364)) ;
#367=CARTESIAN_POINT('Control Point',(-9.26380393685,-13.0453798956,-0.770000022853)) ;
#368=CARTESIAN_POINT('Vertex',(-9.26380426671,-13.0453796613,-0.77)) ;
#372=CARTESIAN_POINT('Control Point',(-9.26380393685,-13.0453798956,-0.770000022853)) ;
#373=CARTESIAN_POINT('Control Point',(-9.26380607358,-13.0453783782,-0.298510220514)) ;
#374=CARTESIAN_POINT('Control Point',(-9.11221134646,-13.152883278,0.173355663103)) ;
#375=CARTESIAN_POINT('Control Point',(-8.8083753425,-13.3698473412,0.544961626847)) ;
#376=CARTESIAN_POINT('Control Point',(-8.40832348081,-13.620660789,0.730000000001)) ;
#377=CARTESIAN_POINT('Control Point',(-8.,-13.8564064606,0.73)) ;
#385=CARTESIAN_POINT('Axis2P3D Location',(-5.5,9.52627944163,0.)) ;
#390=CARTESIAN_POINT('Axis2P3D Location',(-5.5,9.52627944163,-0.77)) ;
#394=CARTESIAN_POINT('Vertex',(-6.79903810568,8.77627944163,-0.77)) ;
#396=CARTESIAN_POINT('Vertex',(-4.20096189432,10.2762794416,-0.77)) ;
#399=CARTESIAN_POINT('Axis2P3D Location',(-5.5,9.52627944163,-0.77)) ;
#409=CARTESIAN_POINT('Axis2P3D Location',(-6.75,11.6913429511,-0.77)) ;
#414=CARTESIAN_POINT('Line Origine',(-5.45096189432,12.4413429511,-0.77)) ;
#419=CARTESIAN_POINT('Line Origine',(-8.04903810568,10.9413429511,-0.77)) ;
#439=CARTESIAN_POINT('Axis2P3D Location',(-5.5,-9.52627944163,0.)) ;
#444=CARTESIAN_POINT('Axis2P3D Location',(-5.5,-9.52627944163,-0.77)) ;
#448=CARTESIAN_POINT('Vertex',(-4.20096189432,-10.2762794416,-0.77)) ;
#450=CARTESIAN_POINT('Vertex',(-6.79903810568,-8.77627944163,-0.77)) ;
#453=CARTESIAN_POINT('Axis2P3D Location',(-5.5,-9.52627944163,-0.77)) ;
#463=CARTESIAN_POINT('Axis2P3D Location',(-6.75,-11.6913429511,-0.77)) ;
#468=CARTESIAN_POINT('Line Origine',(-8.04903810568,-10.9413429511,-0.77)) ;
#473=CARTESIAN_POINT('Line Origine',(-5.45096189432,-12.4413429511,-0.77)) ;
#503=CARTESIAN_POINT('NONE',(0.,0.,0.)) ;
#504=CARTESIAN_POINT('NONE',(0.,0.,0.)) ;
#520=CARTESIAN_POINT('Axis2P3D Location',(0.,0.,8.84999999963)) ;
#525=CARTESIAN_POINT('Line Origine',(4.79425538604,-8.7758256189,4.85)) ;
#529=CARTESIAN_POINT('Vertex',(4.79425538604,-8.7758256189,5.3290705182E-015)) ;
#531=CARTESIAN_POINT('Vertex',(4.79425538604,-8.7758256189,1.5)) ;
#534=CARTESIAN_POINT('Axis2P3D Location',(0.,0.,1.5)) ;
#538=CARTESIAN_POINT('Vertex',(-4.79425538604,8.7758256189,1.5)) ;
#541=CARTESIAN_POINT('Line Origine',(-4.79425538604,8.7758256189,4.85)) ;
#545=CARTESIAN_POINT('Vertex',(-4.79425538604,8.7758256189,5.3290705182E-015)) ;
#548=CARTESIAN_POINT('Axis2P3D Location',(0.,0.,5.3290705182E-015)) ;
#560=CARTESIAN_POINT('Axis2P3D Location',(0.,0.,1.5)) ;
#565=CARTESIAN_POINT('Axis2P3D Location',(0.,0.,5.3290705182E-015)) ;
#577=CARTESIAN_POINT('Axis2P3D Location',(0.,0.,8.84999999963)) ;
#582=CARTESIAN_POINT('Line Origine',(4.55454261674,-8.33703433796,2.25)) ;
#586=CARTESIAN_POINT('Vertex',(4.55454261674,-8.33703433796,1.5)) ;
#588=CARTESIAN_POINT('Vertex',(4.55454261674,-8.33703433796,3.)) ;
#591=CARTESIAN_POINT('Axis2P3D Location',(0.,0.,3.)) ;
#595=CARTESIAN_POINT('Vertex',(-4.55454261674,8.33703433796,3.)) ;
#598=CARTESIAN_POINT('Line Origine',(-4.55454261674,8.33703433796,2.25)) ;
#602=CARTESIAN_POINT('Vertex',(-4.55454261674,8.33703433796,1.5)) ;
#605=CARTESIAN_POINT('Axis2P3D Location',(0.,0.,1.5)) ;
#617=CARTESIAN_POINT('Axis2P3D Location',(0.,0.,3.)) ;
#622=CARTESIAN_POINT('Axis2P3D Location',(0.,0.,1.5)) ;
#634=CARTESIAN_POINT('Line Origine',(4.79425538604,-8.7758256189,4.85)) ;
#638=CARTESIAN_POINT('Vertex',(4.79425538604,-8.7758256189,3.)) ;
#640=CARTESIAN_POINT('Vertex',(4.79425538604,-8.7758256189,9.7)) ;
#643=CARTESIAN_POINT('Axis2P3D Location',(0.,0.,9.7)) ;
#647=CARTESIAN_POINT('Vertex',(-4.79425538604,8.7758256189,9.7)) ;
#650=CARTESIAN_POINT('Line Origine',(-4.79425538604,8.7758256189,4.85)) ;
#654=CARTESIAN_POINT('Vertex',(-4.79425538604,8.7758256189,3.)) ;
#657=CARTESIAN_POINT('Axis2P3D Location',(0.,0.,3.)) ;
#669=CARTESIAN_POINT('Axis2P3D Location',(0.,0.,9.7)) ;
#674=CARTESIAN_POINT('Axis2P3D Location',(0.,0.,3.)) ;
#686=CARTESIAN_POINT('Axis2P3D Location',(0.,8.,0.)) ;
#695=CARTESIAN_POINT('Axis2P3D Location',(0.,0.,0.)) ;
#699=CARTESIAN_POINT('Vertex',(3.83540430883,-7.02066049512,0.)) ;
#701=CARTESIAN_POINT('Vertex',(-3.83540430883,7.02066049512,0.)) ;
#704=CARTESIAN_POINT('Axis2P3D Location',(0.,0.,0.)) ;
#714=CARTESIAN_POINT('Axis2P3D Location',(0.,10.,1.5)) ;
#728=CARTESIAN_POINT('Axis2P3D Location',(0.,9.5,3.)) ;
#742=CARTESIAN_POINT('Axis2P3D Location',(0.,10.,9.7)) ;
#747=CARTESIAN_POINT('Axis2P3D Location',(0.,0.,9.7)) ;
#751=CARTESIAN_POINT('Vertex',(-7.19138307906,13.1637384284,9.7)) ;
#753=CARTESIAN_POINT('Vertex',(7.19138307906,-13.1637384284,9.7)) ;
#756=CARTESIAN_POINT('Axis2P3D Location',(0.,0.,9.7)) ;
#770=CARTESIAN_POINT('Axis2P3D Location',(0.,15.,17.7)) ;
#775=CARTESIAN_POINT('Axis2P3D Location',(0.,0.,17.7)) ;
#779=CARTESIAN_POINT('Vertex',(7.19138307906,-13.1637384284,17.7)) ;
#781=CARTESIAN_POINT('Vertex',(-7.19138307906,13.1637384284,17.7)) ;
#784=CARTESIAN_POINT('Axis2P3D Location',(0.,0.,17.7)) ;
#793=CARTESIAN_POINT('Axis2P3D Location',(0.,0.,17.7)) ;
#797=CARTESIAN_POINT('Vertex',(3.86525226334,-7.07529680937,17.7)) ;
#799=CARTESIAN_POINT('Vertex',(-3.86525226334,7.07529680937,17.7)) ;
#802=CARTESIAN_POINT('Axis2P3D Location',(0.,0.,17.7)) ;
#812=CARTESIAN_POINT('Axis2P3D Location',(0.,0.,8.84999999963)) ;
#817=CARTESIAN_POINT('Axis2P3D Location',(0.,0.,9.7)) ;
#821=CARTESIAN_POINT('Vertex',(3.83540430883,-7.02066049512,9.7)) ;
#823=CARTESIAN_POINT('Vertex',(-3.83540430883,7.02066049512,9.7)) ;
#826=CARTESIAN_POINT('Line Origine',(-3.83540430883,7.02066049512,8.85)) ;
#831=CARTESIAN_POINT('Line Origine',(3.83540430883,-7.02066049512,8.85)) ;
#843=CARTESIAN_POINT('Axis2P3D Location',(0.,0.,9.7)) ;
#855=CARTESIAN_POINT('Axis2P3D Location',(0.,0.,13.7)) ;
#860=CARTESIAN_POINT('Axis2P3D Location',(0.,0.,9.7)) ;
#864=CARTESIAN_POINT('Vertex',(-3.86525226334,7.07529680937,9.7)) ;
#866=CARTESIAN_POINT('Vertex',(3.86525226334,-7.07529680937,9.7)) ;
#869=CARTESIAN_POINT('Axis2P3D Location',(0.,0.,13.7)) ;
#874=CARTESIAN_POINT('Axis2P3D Location',(0.,0.,13.7)) ;
#886=CARTESIAN_POINT('Axis2P3D Location',(0.,0.,9.7)) ;
#907=CARTESIAN_POINT('Axis2P3D Location',(0.,10.,0.)) ;
#912=CARTESIAN_POINT('Axis2P3D Location',(0.,10.,14.97)) ;
#916=CARTESIAN_POINT('Vertex',(-1.5,10.,14.97)) ;
#918=CARTESIAN_POINT('Vertex',(1.5,10.,14.97)) ;
#921=CARTESIAN_POINT('Axis2P3D Location',(0.,10.,14.97)) ;
#931=CARTESIAN_POINT('Axis2P3D Location',(0.,12.5,14.97)) ;
#937=CARTESIAN_POINT('Control Point',(1.2426599242E-006,14.9999965913,16.47)) ;
#938=CARTESIAN_POINT('Control Point',(0.47151083985,14.9999965913,16.4699996094)) ;
#939=CARTESIAN_POINT('Control Point',(0.943407336464,14.9816711868,16.2849109501)) ;
#940=CARTESIAN_POINT('Control Point',(1.31492542911,14.9432877462,15.9133802874)) ;
#941=CARTESIAN_POINT('Control Point',(1.5,14.9248115566,15.441521726)) ;
#942=CARTESIAN_POINT('Control Point',(1.5,14.9248115566,14.97)) ;
#943=CARTESIAN_POINT('Vertex',(1.2426599242E-006,15.,16.47)) ;
#945=CARTESIAN_POINT('Vertex',(1.5,14.9248115566,14.97)) ;
#948=CARTESIAN_POINT('Line Origine',(1.5,12.5,14.97)) ;
#953=CARTESIAN_POINT('Line Origine',(-1.5,12.5,14.97)) ;
#957=CARTESIAN_POINT('Vertex',(-1.5,14.9248115566,14.97)) ;
#961=CARTESIAN_POINT('Control Point',(-1.5,14.9248115566,14.97)) ;
#962=CARTESIAN_POINT('Control Point',(-1.5,14.9248115566,15.4415218107)) ;
#963=CARTESIAN_POINT('Control Point',(-1.31492356899,14.9432878193,15.9133855439)) ;
#964=CARTESIAN_POINT('Control Point',(-0.943405348319,14.9816713052,16.284911067)) ;
#965=CARTESIAN_POINT('Control Point',(-0.471508439189,14.9999965913,16.4700003906)) ;
#966=CARTESIAN_POINT('Control Point',(1.24265992399E-006,14.9999965913,16.47)) ;
#977=CARTESIAN_POINT('Control Point',(-1.24265979218E-006,14.9999965913,13.47)) ;
#978=CARTESIAN_POINT('Control Point',(-0.471510839836,14.9999965913,13.4700003906)) ;
#979=CARTESIAN_POINT('Control Point',(-0.943407336433,14.9816711868,13.65508905)) ;
#980=CARTESIAN_POINT('Control Point',(-1.31492542901,14.9432877462,14.0266197124)) ;
#981=CARTESIAN_POINT('Control Point',(-1.5,14.9248115566,14.498478274)) ;
#982=CARTESIAN_POINT('Control Point',(-1.5,14.9248115566,14.97)) ;
#983=CARTESIAN_POINT('Vertex',(-1.24265979212E-006,15.,13.47)) ;
#987=CARTESIAN_POINT('Control Point',(1.5,14.9248115566,14.97)) ;
#988=CARTESIAN_POINT('Control Point',(1.5,14.9248115566,14.4984781892)) ;
#989=CARTESIAN_POINT('Control Point',(1.31492356901,14.9432878193,14.0266144563)) ;
#990=CARTESIAN_POINT('Control Point',(0.943405348465,14.9816713052,13.655088933)) ;
#991=CARTESIAN_POINT('Control Point',(0.471508439266,14.9999965913,13.4699996094)) ;
#992=CARTESIAN_POINT('Control Point',(-1.24265979218E-006,14.9999965913,13.47)) ;
#1002=CARTESIAN_POINT('Axis2P3D Location',(0.,0.,8.84999999963)) ;
#1007=CARTESIAN_POINT('Line Origine',(-7.19138307906,13.1637384284,13.7)) ;
#1012=CARTESIAN_POINT('Line Origine',(7.19138307906,-13.1637384284,13.7)) ;
#1030=CARTESIAN_POINT('Control Point',(7.55905863686,-12.9561040643,14.9699999964)) ;
#1031=CARTESIAN_POINT('Control Point',(7.55905851619,-12.9561041347,15.4415276583)) ;
#1032=CARTESIAN_POINT('Control Point',(7.71966706322,-12.8622547266,15.913403294)) ;
#1033=CARTESIAN_POINT('Control Point',(8.04277061518,-12.6749443458,16.2848983937)) ;
#1034=CARTESIAN_POINT('Control Point',(8.43530394179,-12.4124125638,16.4699996094)) ;
#1035=CARTESIAN_POINT('Control Point',(8.81677777906,-12.135255646,16.47)) ;
#1036=CARTESIAN_POINT('Vertex',(8.81677710084,-12.1352547126,16.47)) ;
#1038=CARTESIAN_POINT('Vertex',(7.55905863465,-12.9561040656,14.97)) ;
#1042=CARTESIAN_POINT('Control Point',(9.98610961778,-11.1927483087,14.97)) ;
#1043=CARTESIAN_POINT('Control Point',(9.98610961778,-11.1927483087,15.4415208316)) ;
#1044=CARTESIAN_POINT('Control Point',(9.84723106064,-11.3164879066,15.9133892004)) ;
#1045=CARTESIAN_POINT('Control Point',(9.56924023429,-11.565899574,16.284902177)) ;
#1046=CARTESIAN_POINT('Control Point',(9.19824158416,-11.8581060076,16.4699982865)) ;
#1047=CARTESIAN_POINT('Control Point',(8.81677797489,-12.1352555038,16.4699988177)) ;
#1048=CARTESIAN_POINT('Vertex',(9.98610961778,-11.1927483087,14.97)) ;
#1052=CARTESIAN_POINT('Control Point',(9.98610961778,-11.1927483087,14.97)) ;
#1053=CARTESIAN_POINT('Control Point',(9.98610961778,-11.1927483087,14.5099897505)) ;
#1054=CARTESIAN_POINT('Control Point',(9.85386388969,-11.3107372334,14.0499836994)) ;
#1055=CARTESIAN_POINT('Control Point',(9.5891142732,-11.5478895517,13.6826234063)) ;
#1056=CARTESIAN_POINT('Control Point',(8.86137685894,-12.1256460182,13.2851914198)) ;
#1057=CARTESIAN_POINT('Control Point',(8.06697778051,-12.6604970527,13.6283202544)) ;
#1058=CARTESIAN_POINT('Control Point',(7.72785956299,-12.8576195127,14.0039090583)) ;
#1059=CARTESIAN_POINT('Control Point',(7.55905876048,-12.9561039922,14.486954683)) ;
#1060=CARTESIAN_POINT('Control Point',(7.55905863686,-12.9561040643,14.9699999964)) ;
#1068=CARTESIAN_POINT('Control Point',(14.6578647764,3.18543563689,14.9699999964)) ;
#1069=CARTESIAN_POINT('Control Point',(14.6578648061,3.18543550037,15.4415276583)) ;
#1070=CARTESIAN_POINT('Control Point',(14.6182394854,3.3671843678,15.9134032944)) ;
#1071=CARTESIAN_POINT('Control Point',(14.5399412157,3.73235619702,16.2848983935)) ;
#1072=CARTESIAN_POINT('Control Point',(14.4115581225,4.18680435736,16.4699996094)) ;
#1073=CARTESIAN_POINT('Control Point',(14.2658481284,4.63525373379,16.47)) ;
#1074=CARTESIAN_POINT('Vertex',(14.2658470311,4.63525337722,16.47)) ;
#1076=CARTESIAN_POINT('Vertex',(14.6578647769,3.18543563439,14.97)) ;
#1080=CARTESIAN_POINT('Control Point',(13.7308137938,6.03860518328,14.97)) ;
#1081=CARTESIAN_POINT('Control Point',(13.7308137938,6.03860518328,15.4415208317)) ;
#1082=CARTESIAN_POINT('Control Point',(13.8055813102,5.86828618823,15.9133891995)) ;
#1083=CARTESIAN_POINT('Control Point',(13.9568820123,5.52682875736,16.2849021772)) ;
#1084=CARTESIAN_POINT('Control Point',(14.1201419573,5.08369131966,16.4699982865)) ;
#1085=CARTESIAN_POINT('Control Point',(14.2658480536,4.635253964,16.4699988177)) ;
#1086=CARTESIAN_POINT('Vertex',(13.7308137938,6.03860518328,14.97)) ;
#1090=CARTESIAN_POINT('Control Point',(13.7308137938,6.03860518328,14.97)) ;
#1091=CARTESIAN_POINT('Control Point',(13.7308137938,6.03860518328,14.5099897505)) ;
#1092=CARTESIAN_POINT('Control Point',(13.8021617521,5.87637143895,14.0499836993)) ;
#1093=CARTESIAN_POINT('Control Point',(13.945894879,5.55129549441,13.6826234063)) ;
#1094=CARTESIAN_POINT('Control Point',(14.2704907029,4.6806395176,13.2851914197)) ;
#1095=CARTESIAN_POINT('Control Point',(14.533681449,3.75984303829,13.6283202545)) ;
#1096=CARTESIAN_POINT('Control Point',(14.6163627567,3.37640825775,14.0039090584)) ;
#1097=CARTESIAN_POINT('Control Point',(14.657864746,3.18543577674,14.4869546829)) ;
#1098=CARTESIAN_POINT('Control Point',(14.6578647764,3.18543563689,14.9699999964)) ;
#1106=CARTESIAN_POINT('Control Point',(9.98610961587,11.1927483104,14.9699999964)) ;
#1107=CARTESIAN_POINT('Control Point',(9.98610972011,11.1927482174,15.4415276583)) ;
#1108=CARTESIAN_POINT('Control Point',(9.84722285844,11.3164949606,15.9134032942)) ;
#1109=CARTESIAN_POINT('Control Point',(9.56923561177,11.5659026083,16.2848983936)) ;
#1110=CARTESIAN_POINT('Control Point',(9.19825358106,11.8580972042,16.4699996094)) ;
#1111=CARTESIAN_POINT('Control Point',(8.81677978972,12.1352541852,16.47)) ;
#1112=CARTESIAN_POINT('Vertex',(8.81677911151,12.1352532517,16.47)) ;
#1114=CARTESIAN_POINT('Vertex',(9.98610961778,11.1927483087,14.97)) ;
#1118=CARTESIAN_POINT('Control Point',(7.55905863465,12.9561040656,14.97)) ;
#1119=CARTESIAN_POINT('Control Point',(7.55905863465,12.9561040656,15.4415208316)) ;
#1120=CARTESIAN_POINT('Control Point',(7.71965781955,12.8622603476,15.9133891998)) ;
#1121=CARTESIAN_POINT('Control Point',(8.04276630104,12.6749478045,16.2849021771)) ;
#1122=CARTESIAN_POINT('Control Point',(8.43531602157,12.4124038745,16.4699982865)) ;
#1123=CARTESIAN_POINT('Control Point',(8.81677959389,12.1352543275,16.4699988177)) ;
#1124=CARTESIAN_POINT('Vertex',(7.55905863465,12.9561040656,14.97)) ;
#1128=CARTESIAN_POINT('Control Point',(7.55905863465,12.9561040656,14.97)) ;
#1129=CARTESIAN_POINT('Control Point',(7.55905863465,12.9561040656,14.5099897505)) ;
#1130=CARTESIAN_POINT('Control Point',(7.71213894772,12.866791487,14.0499836994)) ;
#1131=CARTESIAN_POINT('Control Point',(8.0194963362,12.6882837356,13.6826234063)) ;
#1132=CARTESIAN_POINT('Control Point',(8.79385861693,12.1747008924,13.2851914198)) ;
#1133=CARTESIAN_POINT('Control Point',(9.54801499415,11.5844605314,13.6283202544)) ;
#1134=CARTESIAN_POINT('Control Point',(9.84028288654,11.322854131,14.0039090584)) ;
#1135=CARTESIAN_POINT('Control Point',(9.98610950908,11.1927484057,14.4869546829)) ;
#1136=CARTESIAN_POINT('Control Point',(9.98610961587,11.1927483104,14.9699999964)) ;
#1151=CARTESIAN_POINT('Control Point',(-13.7308137948,6.03860518093,14.9699999964)) ;
#1152=CARTESIAN_POINT('Control Point',(-13.7308137386,6.03860530882,15.4415276583)) ;
#1153=CARTESIAN_POINT('Control Point',(-13.8055854846,5.86827620742,15.9134032941)) ;
#1154=CARTESIAN_POINT('Control Point',(-13.9568834697,5.52682342327,16.2848983937)) ;
#1155=CARTESIAN_POINT('Control Point',(-14.120137292,5.08370544976,16.4699996094)) ;
#1156=CARTESIAN_POINT('Control Point',(-14.2658473604,4.63525609746,16.47)) ;
#1157=CARTESIAN_POINT('Vertex',(-14.265846263,4.63525574091,16.47)) ;
#1159=CARTESIAN_POINT('Vertex',(-13.7308137938,6.03860518328,14.97)) ;
#1163=CARTESIAN_POINT('Control Point',(-14.6578647769,3.18543563439,14.97)) ;
#1164=CARTESIAN_POINT('Control Point',(-14.6578647769,3.18543563439,15.4415208317)) ;
#1165=CARTESIAN_POINT('Control Point',(-14.6182419749,3.36717383938,15.9133891997)) ;
#1166=CARTESIAN_POINT('Control Point',(-14.5399431719,3.73235102521,16.2849021772)) ;
#1167=CARTESIAN_POINT('Control Point',(-14.4115535914,4.18681853105,16.4699982865)) ;
#1168=CARTESIAN_POINT('Control Point',(-14.2658474352,4.63525586725,16.4699988177)) ;
#1169=CARTESIAN_POINT('Vertex',(-14.6578647769,3.18543563439,14.97)) ;
#1173=CARTESIAN_POINT('Control Point',(-14.6578647769,3.18543563439,14.97)) ;
#1174=CARTESIAN_POINT('Control Point',(-14.6578647769,3.18543563439,14.5099897505)) ;
#1175=CARTESIAN_POINT('Control Point',(-14.6202278854,3.35862276825,14.0499836994)) ;
#1176=CARTESIAN_POINT('Control Point',(-14.5454355816,3.70609894416,13.6826234063)) ;
#1177=CARTESIAN_POINT('Control Point',(-14.2962803764,4.60126706382,13.2851914198)) ;
#1178=CARTESIAN_POINT('Control Point',(-13.9679755719,5.500906703,13.6283202544)) ;
#1179=CARTESIAN_POINT('Control Point',(-13.8094888458,5.85971081011,14.0039090584)) ;
#1180=CARTESIAN_POINT('Control Point',(-13.7308138525,6.03860504993,14.4869546829)) ;
#1181=CARTESIAN_POINT('Control Point',(-13.7308137948,6.03860518093,14.9699999964)) ;
#1189=CARTESIAN_POINT('Control Point',(-9.98610961587,-11.1927483104,14.9699999964)) ;
#1190=CARTESIAN_POINT('Control Point',(-9.98610972011,-11.1927482174,15.4415276583)) ;
#1191=CARTESIAN_POINT('Control Point',(-9.84722285849,-11.3164949606,15.9134032941)) ;
#1192=CARTESIAN_POINT('Control Point',(-9.56923561178,-11.5659026083,16.2848983937)) ;
#1193=CARTESIAN_POINT('Control Point',(-9.19825358107,-11.8580972042,16.4699996094)) ;
#1194=CARTESIAN_POINT('Control Point',(-8.81677978972,-12.1352541852,16.47)) ;
#1195=CARTESIAN_POINT('Vertex',(-8.81677911151,-12.1352532517,16.47)) ;
#1197=CARTESIAN_POINT('Vertex',(-9.98610961778,-11.1927483087,14.97)) ;
#1201=CARTESIAN_POINT('Control Point',(-7.55905863465,-12.9561040656,14.97)) ;
#1202=CARTESIAN_POINT('Control Point',(-7.55905863465,-12.9561040656,15.4415208316)) ;
#1203=CARTESIAN_POINT('Control Point',(-7.71965781955,-12.8622603476,15.9133891998)) ;
#1204=CARTESIAN_POINT('Control Point',(-8.04276630104,-12.6749478045,16.2849021772)) ;
#1205=CARTESIAN_POINT('Control Point',(-8.43531602158,-12.4124038745,16.4699982865)) ;
#1206=CARTESIAN_POINT('Control Point',(-8.81677959389,-12.1352543275,16.4699988177)) ;
#1207=CARTESIAN_POINT('Vertex',(-7.55905863465,-12.9561040656,14.97)) ;
#1211=CARTESIAN_POINT('Control Point',(-7.55905863465,-12.9561040656,14.97)) ;
#1212=CARTESIAN_POINT('Control Point',(-7.55905863465,-12.9561040656,14.5099897505)) ;
#1213=CARTESIAN_POINT('Control Point',(-7.71213894774,-12.866791487,14.0499836993)) ;
#1214=CARTESIAN_POINT('Control Point',(-8.01949633615,-12.6882837357,13.6826234063)) ;
#1215=CARTESIAN_POINT('Control Point',(-8.7938586169,-12.1747008924,13.2851914198)) ;
#1216=CARTESIAN_POINT('Control Point',(-9.54801499413,-11.5844605315,13.6283202544)) ;
#1217=CARTESIAN_POINT('Control Point',(-9.84028288654,-11.322854131,14.0039090584)) ;
#1218=CARTESIAN_POINT('Control Point',(-9.98610950908,-11.1927484057,14.4869546829)) ;
#1219=CARTESIAN_POINT('Control Point',(-9.98610961587,-11.1927483104,14.9699999964)) ;
#1227=CARTESIAN_POINT('Axis2P3D Location',(5.87785252292,-8.09016994375,0.)) ;
#1232=CARTESIAN_POINT('Axis2P3D Location',(5.87785252292,-8.09016994375,14.97)) ;
#1236=CARTESIAN_POINT('Vertex',(7.09137801449,-7.20849206531,14.97)) ;
#1238=CARTESIAN_POINT('Vertex',(4.66432703136,-8.97184782219,14.97)) ;
#1241=CARTESIAN_POINT('Axis2P3D Location',(5.87785252292,-8.09016994375,14.97)) ;
#1251=CARTESIAN_POINT('Axis2P3D Location',(7.34731565366,-10.1127124297,14.97)) ;
#1256=CARTESIAN_POINT('Line Origine',(6.13379016209,-10.9943903081,14.97)) ;
#1261=CARTESIAN_POINT('Line Origine',(8.56084114522,-9.23103455125,14.97)) ;
#1281=CARTESIAN_POINT('Axis2P3D Location',(-5.87785252292,-8.09016994375,0.)) ;
#1286=CARTESIAN_POINT('Axis2P3D Location',(-5.87785252292,-8.09016994375,14.97)) ;
#1290=CARTESIAN_POINT('Vertex',(-4.66432703136,-8.97184782219,14.97)) ;
#1292=CARTESIAN_POINT('Vertex',(-7.09137801449,-7.20849206531,14.97)) ;
#1295=CARTESIAN_POINT('Axis2P3D Location',(-5.87785252292,-8.09016994375,14.97)) ;
#1305=CARTESIAN_POINT('Axis2P3D Location',(-7.34731565366,-10.1127124297,14.97)) ;
#1310=CARTESIAN_POINT('Line Origine',(-8.56084114522,-9.23103455125,14.97)) ;
#1315=CARTESIAN_POINT('Line Origine',(-6.13379016209,-10.9943903081,14.97)) ;
#1335=CARTESIAN_POINT('Axis2P3D Location',(-9.51056516295,3.09016994375,0.)) ;
#1340=CARTESIAN_POINT('Axis2P3D Location',(-9.51056516295,3.09016994375,14.97)) ;
#1344=CARTESIAN_POINT('Vertex',(-9.97409065451,1.66358516931,14.97)) ;
#1346=CARTESIAN_POINT('Vertex',(-9.04703967139,4.51675471819,14.97)) ;
#1349=CARTESIAN_POINT('Axis2P3D Location',(-9.51056516295,3.09016994375,14.97)) ;
#1359=CARTESIAN_POINT('Axis2P3D Location',(-11.8882064537,3.86271242969,14.97)) ;
#1364=CARTESIAN_POINT('Line Origine',(-11.4246809621,5.28929720413,14.97)) ;
#1369=CARTESIAN_POINT('Line Origine',(-12.3517319453,2.43612765524,14.97)) ;
#1389=CARTESIAN_POINT('Axis2P3D Location',(9.51056516295,3.09016994375,0.)) ;
#1394=CARTESIAN_POINT('Axis2P3D Location',(9.51056516295,3.09016994375,14.97)) ;
#1398=CARTESIAN_POINT('Vertex',(9.04703967139,4.51675471819,14.97)) ;
#1400=CARTESIAN_POINT('Vertex',(9.97409065451,1.66358516931,14.97)) ;
#1403=CARTESIAN_POINT('Axis2P3D Location',(9.51056516295,3.09016994375,14.97)) ;
#1413=CARTESIAN_POINT('Axis2P3D Location',(11.8882064537,3.86271242969,14.97)) ;
#1418=CARTESIAN_POINT('Line Origine',(12.3517319453,2.43612765524,14.97)) ;
#1423=CARTESIAN_POINT('Line Origine',(11.4246809621,5.28929720413,14.97)) ;
#1443=CARTESIAN_POINT('Axis2P3D Location',(5.87785252292,8.09016994375,0.)) ;
#1448=CARTESIAN_POINT('Axis2P3D Location',(5.87785252292,8.09016994375,14.97)) ;
#1452=CARTESIAN_POINT('Vertex',(4.66432703136,8.97184782219,14.97)) ;
#1454=CARTESIAN_POINT('Vertex',(7.09137801449,7.20849206531,14.97)) ;
#1457=CARTESIAN_POINT('Axis2P3D Location',(5.87785252292,8.09016994375,14.97)) ;
#1467=CARTESIAN_POINT('Axis2P3D Location',(7.34731565366,10.1127124297,14.97)) ;
#1472=CARTESIAN_POINT('Line Origine',(8.56084114522,9.23103455125,14.97)) ;
#1477=CARTESIAN_POINT('Line Origine',(6.13379016209,10.9943903081,14.97)) ;
#1507=CARTESIAN_POINT('NONE',(0.,0.,0.)) ;
#1508=CARTESIAN_POINT('NONE',(7.1054273576E-015,7.28306304154E-014,-6.2)) ;
#1524=CARTESIAN_POINT('Axis2P3D Location',(2.98351016362E-014,3.30514264381E-014,1.89560425454)) ;
#1529=CARTESIAN_POINT('Line Origine',(-4.53937642495,2.47987264329,7.06819612462)) ;
#1533=CARTESIAN_POINT('Vertex',(-4.69084004045,2.56261759356,7.24078799469)) ;
#1535=CARTESIAN_POINT('Vertex',(-4.38791280945,2.39712769302,6.89560425454)) ;
#1538=CARTESIAN_POINT('Axis2P3D Location',(8.881784197E-016,8.881784197E-016,6.89560425454)) ;
#1542=CARTESIAN_POINT('Vertex',(5.,0.,6.89560425454)) ;
#1545=CARTESIAN_POINT('Line Origine',(5.17259187007,4.25206718934E-015,7.06819612462)) ;
#1549=CARTESIAN_POINT('Vertex',(5.34518374015,-8.18580450055E-015,7.24078799469)) ;
#1552=CARTESIAN_POINT('Axis2P3D Location',(-1.11022302463E-015,-1.33226762955E-015,7.24078799469)) ;
#1564=CARTESIAN_POINT('Axis2P3D Location',(-2.75069552541E-014,4.74076934196E-015,1.89560425454)) ;
#1569=CARTESIAN_POINT('Axis2P3D Location',(-1.7763568394E-015,3.06151588456E-016,6.89560425454)) ;
#1573=CARTESIAN_POINT('Vertex',(4.38791280945,-2.39712769302,6.89560425454)) ;
#1576=CARTESIAN_POINT('Line Origine',(4.53937642495,-2.47987264329,7.06819612462)) ;
#1580=CARTESIAN_POINT('Vertex',(4.69084004045,-2.56261759356,7.24078799469)) ;
#1583=CARTESIAN_POINT('Axis2P3D Location',(1.38839519319E-028,-2.36658271566E-029,7.24078799469)) ;
#1595=CARTESIAN_POINT('Axis2P3D Location',(-1.19771207876E-014,8.76079598581E-015,1.89560425454)) ;
#1600=CARTESIAN_POINT('Axis2P3D Location',(8.881784197E-016,-8.881784197E-016,6.89560425454)) ;
#1604=CARTESIAN_POINT('Vertex',(-5.,6.12303176911E-016,6.89560425454)) ;
#1607=CARTESIAN_POINT('Line Origine',(-5.17259187007,-2.32863628141E-015,7.06819612462)) ;
#1611=CARTESIAN_POINT('Vertex',(-5.34518374015,-3.95186446077E-012,7.24078799469)) ;
#1614=CARTESIAN_POINT('Axis2P3D Location',(1.7763568394E-015,-1.55431223448E-015,7.24078799469)) ;
#1626=CARTESIAN_POINT('Axis2P3D Location',(0.,-4.74076934196E-015,1.89560425454)) ;
#1631=CARTESIAN_POINT('Axis2P3D Location',(0.,-3.06151588456E-016,6.89560425454)) ;
#1636=CARTESIAN_POINT('Axis2P3D Location',(0.,0.,7.24078799469)) ;
#1648=CARTESIAN_POINT('Axis2P3D Location',(0.,0.,0.)) ;
#1653=CARTESIAN_POINT('Axis2P3D Location',(0.,0.,0.)) ;
#1657=CARTESIAN_POINT('Vertex',(4.69084004045,-2.56261759356,-7.24078799469)) ;
#1660=CARTESIAN_POINT('Axis2P3D Location',(0.,0.,0.)) ;
#1664=CARTESIAN_POINT('Vertex',(-4.69084004045,2.56261759356,-7.24078799469)) ;
#1667=CARTESIAN_POINT('Axis2P3D Location',(0.,0.,-7.24078799469)) ;
#1671=CARTESIAN_POINT('Vertex',(-5.34518374015,4.55110446821E-014,-7.24078799469)) ;
#1674=CARTESIAN_POINT('Axis2P3D Location',(0.,0.,-7.24078799469)) ;
#1688=CARTESIAN_POINT('Axis2P3D Location',(0.,0.,-7.24078799469)) ;
#1692=CARTESIAN_POINT('Vertex',(5.34518374015,-3.43832765322E-015,-7.24078799469)) ;
#1695=CARTESIAN_POINT('Axis2P3D Location',(0.,0.,-7.24078799469)) ;
#1709=CARTESIAN_POINT('Axis2P3D Location',(0.,0.,0.)) ;
#1714=CARTESIAN_POINT('Axis2P3D Location',(0.,0.,-6.89560425454)) ;
#1718=CARTESIAN_POINT('Vertex',(4.38791280945,-2.39712769302,-6.89560425454)) ;
#1720=CARTESIAN_POINT('Vertex',(5.,-1.22460635382E-015,-6.89560425454)) ;
#1723=CARTESIAN_POINT('Axis2P3D Location',(0.,0.,-6.89560425454)) ;
#1727=CARTESIAN_POINT('Vertex',(-5.,6.12303176911E-016,-6.89560425454)) ;
#1730=CARTESIAN_POINT('Line Origine',(-5.,6.12303176911E-016,0.)) ;
#1735=CARTESIAN_POINT('Line Origine',(5.,-1.22460635382E-015,0.)) ;
#1749=CARTESIAN_POINT('Axis2P3D Location',(0.,0.,-6.89560425454)) ;
#1753=CARTESIAN_POINT('Vertex',(-4.38791280945,2.39712769302,-6.89560425454)) ;
#1756=CARTESIAN_POINT('Axis2P3D Location',(0.,0.,-6.89560425454)) ;
#1770=CARTESIAN_POINT('Axis2P3D Location',(-8.881784197E-016,6.87673881352E-015,-1.89560425454)) ;
#1775=CARTESIAN_POINT('Line Origine',(-4.53937642495,2.47987264329,-7.06819612462)) ;
#1780=CARTESIAN_POINT('Line Origine',(-5.17259187007,-4.37445270697E-016,-7.06819612462)) ;
#1792=CARTESIAN_POINT('Axis2P3D Location',(-2.75069552541E-014,2.55019098706E-015,-1.89560425454)) ;
#1797=CARTESIAN_POINT('Line Origine',(4.53937642495,-2.47987264329,-7.06819612462)) ;
#1809=CARTESIAN_POINT('Axis2P3D Location',(3.76811434457E-015,1.7763568394E-015,-1.89560425454)) ;
#1814=CARTESIAN_POINT('Line Origine',(5.17259187007,2.55351295664E-015,-7.06819612462)) ;
#1826=CARTESIAN_POINT('Axis2P3D Location',(0.,7.76491723322E-015,-1.89560425454)) ;
#1848=CARTESIAN_POINT('NONE',(0.,0.,0.)) ;
#1849=CARTESIAN_POINT('NONE',(7.1054273576E-015,6.2172489379E-014,7.5)) ;
#1865=CARTESIAN_POINT('Axis2P3D Location',(-10.2688850417,-0.8,0.)) ;
#1870=CARTESIAN_POINT('Line Origine',(-9.96979130264,-0.776699029126,0.)) ;
#1874=CARTESIAN_POINT('Vertex',(-9.96979130264,-0.776699029126,-0.5)) ;
#1876=CARTESIAN_POINT('Vertex',(-9.96979130264,-0.776699029126,0.5)) ;
#1879=CARTESIAN_POINT('Axis2P3D Location',(-10.2688850417,-0.8,-0.5)) ;
#1883=CARTESIAN_POINT('Vertex',(-10.2688850417,-0.5,-0.5)) ;
#1886=CARTESIAN_POINT('Line Origine',(-10.2688850417,-0.5,0.)) ;
#1890=CARTESIAN_POINT('Vertex',(-10.2688850417,-0.5,0.5)) ;
#1893=CARTESIAN_POINT('Axis2P3D Location',(-10.2688850417,-0.8,0.5)) ;
#1905=CARTESIAN_POINT('Axis2P3D Location',(-10.2688850417,-0.5,0.)) ;
#1910=CARTESIAN_POINT('Line Origine',(-12.1281886097,-0.5,-0.5)) ;
#1914=CARTESIAN_POINT('Vertex',(-13.9874921777,-0.5,-0.5)) ;
#1917=CARTESIAN_POINT('Line Origine',(-13.9874921777,-0.5,0.)) ;
#1921=CARTESIAN_POINT('Vertex',(-13.9874921777,-0.5,0.5)) ;
#1924=CARTESIAN_POINT('Line Origine',(-12.1281886097,-0.5,0.5)) ;
#1936=CARTESIAN_POINT('Axis2P3D Location',(-13.9874921777,-0.5,0.)) ;
#1941=CARTESIAN_POINT('Line Origine',(-13.9874921777,-1.65,-0.5)) ;
#1945=CARTESIAN_POINT('Vertex',(-13.9874921777,-2.8,-0.5)) ;
#1948=CARTESIAN_POINT('Line Origine',(-13.9874921777,-2.8,0.)) ;
#1952=CARTESIAN_POINT('Vertex',(-13.9874921777,-2.8,0.5)) ;
#1955=CARTESIAN_POINT('Line Origine',(-13.9874921777,-1.65,0.5)) ;
#1967=CARTESIAN_POINT('Axis2P3D Location',(-13.2874921777,-2.8,0.)) ;
#1972=CARTESIAN_POINT('Axis2P3D Location',(-13.2874921777,-2.8,-0.5)) ;
#1976=CARTESIAN_POINT('Vertex',(-13.2874921777,-3.5,-0.5)) ;
#1979=CARTESIAN_POINT('Line Origine',(-13.2874921777,-3.5,0.)) ;
#1983=CARTESIAN_POINT('Vertex',(-13.2874921777,-3.5,0.5)) ;
#1986=CARTESIAN_POINT('Axis2P3D Location',(-13.2874921777,-2.8,0.5)) ;
#1998=CARTESIAN_POINT('Axis2P3D Location',(-11.4782402832,-3.5,0.)) ;
#2003=CARTESIAN_POINT('Line Origine',(-12.3828662305,-3.5,-0.5)) ;
#2007=CARTESIAN_POINT('Vertex',(-11.4782402832,-3.5,-0.5)) ;
#2010=CARTESIAN_POINT('Line Origine',(-11.4782402832,-3.5,0.)) ;
#2014=CARTESIAN_POINT('Vertex',(-11.4782402832,-3.5,0.5)) ;
#2017=CARTESIAN_POINT('Line Origine',(-12.3828662305,-3.5,0.5)) ;
#2029=CARTESIAN_POINT('Axis2P3D Location',(0.,0.,0.)) ;
#2034=CARTESIAN_POINT('Axis2P3D Location',(0.,0.,-0.5)) ;
#2038=CARTESIAN_POINT('Vertex',(-11.4782402832,3.5,-0.5)) ;
#2041=CARTESIAN_POINT('Line Origine',(-11.4782402832,3.5,0.)) ;
#2045=CARTESIAN_POINT('Vertex',(-11.4782402832,3.5,0.5)) ;
#2048=CARTESIAN_POINT('Axis2P3D Location',(0.,0.,0.5)) ;
#2060=CARTESIAN_POINT('Axis2P3D Location',(-11.4782402832,3.5,0.)) ;
#2065=CARTESIAN_POINT('Line Origine',(-12.3828662305,3.5,-0.5)) ;
#2069=CARTESIAN_POINT('Vertex',(-13.2874921777,3.5,-0.5)) ;
#2072=CARTESIAN_POINT('Line Origine',(-13.2874921777,3.5,0.)) ;
#2076=CARTESIAN_POINT('Vertex',(-13.2874921777,3.5,0.5)) ;
#2079=CARTESIAN_POINT('Line Origine',(-12.3828662305,3.5,0.5)) ;
#2091=CARTESIAN_POINT('Axis2P3D Location',(-13.2874921777,2.8,0.)) ;
#2096=CARTESIAN_POINT('Axis2P3D Location',(-13.2874921777,2.8,-0.5)) ;
#2100=CARTESIAN_POINT('Vertex',(-13.9874921777,2.8,-0.5)) ;
#2103=CARTESIAN_POINT('Line Origine',(-13.9874921777,2.8,0.)) ;
#2107=CARTESIAN_POINT('Vertex',(-13.9874921777,2.8,0.5)) ;
#2110=CARTESIAN_POINT('Axis2P3D Location',(-13.2874921777,2.8,0.5)) ;
#2122=CARTESIAN_POINT('Line Origine',(-13.9874921777,1.65,-0.5)) ;
#2126=CARTESIAN_POINT('Vertex',(-13.9874921777,0.5,-0.5)) ;
#2129=CARTESIAN_POINT('Line Origine',(-13.9874921777,0.5,0.)) ;
#2133=CARTESIAN_POINT('Vertex',(-13.9874921777,0.5,0.5)) ;
#2136=CARTESIAN_POINT('Line Origine',(-13.9874921777,1.65,0.5)) ;
#2148=CARTESIAN_POINT('Axis2P3D Location',(-10.2688850417,0.5,0.)) ;
#2153=CARTESIAN_POINT('Line Origine',(-12.1281886097,0.5,-0.5)) ;
#2157=CARTESIAN_POINT('Vertex',(-10.2688850417,0.5,-0.5)) ;
#2160=CARTESIAN_POINT('Line Origine',(-10.2688850417,0.5,0.)) ;
#2164=CARTESIAN_POINT('Vertex',(-10.2688850417,0.5,0.5)) ;
#2167=CARTESIAN_POINT('Line Origine',(-12.1281886097,0.5,0.5)) ;
#2179=CARTESIAN_POINT('Axis2P3D Location',(-10.2688850417,0.8,0.)) ;
#2184=CARTESIAN_POINT('Axis2P3D Location',(-10.2688850417,0.8,-0.5)) ;
#2188=CARTESIAN_POINT('Vertex',(-9.96979130264,0.776699029126,-0.5)) ;
#2191=CARTESIAN_POINT('Line Origine',(-9.96979130264,0.776699029126,0.)) ;
#2195=CARTESIAN_POINT('Vertex',(-9.96979130264,0.776699029126,0.5)) ;
#2198=CARTESIAN_POINT('Axis2P3D Location',(-10.2688850417,0.8,0.5)) ;
#2210=CARTESIAN_POINT('Axis2P3D Location',(0.,0.,0.)) ;
#2215=CARTESIAN_POINT('Axis2P3D Location',(0.,0.,-0.5)) ;
#2220=CARTESIAN_POINT('Axis2P3D Location',(0.,0.,0.5)) ;
#2232=CARTESIAN_POINT('Axis2P3D Location',(-12.2874921777,1.8,0.)) ;
#2237=CARTESIAN_POINT('Axis2P3D Location',(-12.2874921777,1.8,0.5)) ;
#2241=CARTESIAN_POINT('Vertex',(-12.9874921777,1.8,0.5)) ;
#2243=CARTESIAN_POINT('Vertex',(-11.5874921777,1.8,0.5)) ;
#2246=CARTESIAN_POINT('Line Origine',(-11.5874921777,1.8,0.)) ;
#2250=CARTESIAN_POINT('Vertex',(-11.5874921777,1.8,-0.5)) ;
#2253=CARTESIAN_POINT('Axis2P3D Location',(-12.2874921777,1.8,-0.5)) ;
#2257=CARTESIAN_POINT('Vertex',(-12.9874921777,1.8,-0.5)) ;
#2260=CARTESIAN_POINT('Line Origine',(-12.9874921777,1.8,0.)) ;
#2272=CARTESIAN_POINT('Axis2P3D Location',(-12.2874921777,1.8,0.5)) ;
#2277=CARTESIAN_POINT('Axis2P3D Location',(-12.2874921777,1.8,-0.5)) ;
#2289=CARTESIAN_POINT('Axis2P3D Location',(-12.2874921777,-1.8,0.)) ;
#2294=CARTESIAN_POINT('Axis2P3D Location',(-12.2874921777,-1.8,0.5)) ;
#2298=CARTESIAN_POINT('Vertex',(-12.9874921777,-1.8,0.5)) ;
#2300=CARTESIAN_POINT('Vertex',(-11.5874921777,-1.8,0.5)) ;
#2303=CARTESIAN_POINT('Line Origine',(-11.5874921777,-1.8,0.)) ;
#2307=CARTESIAN_POINT('Vertex',(-11.5874921777,-1.8,-0.5)) ;
#2310=CARTESIAN_POINT('Axis2P3D Location',(-12.2874921777,-1.8,-0.5)) ;
#2314=CARTESIAN_POINT('Vertex',(-12.9874921777,-1.8,-0.5)) ;
#2317=CARTESIAN_POINT('Line Origine',(-12.9874921777,-1.8,0.)) ;
#2329=CARTESIAN_POINT('Axis2P3D Location',(-12.2874921777,-1.8,0.5)) ;
#2334=CARTESIAN_POINT('Axis2P3D Location',(-12.2874921777,-1.8,-0.5)) ;
#2346=CARTESIAN_POINT('Axis2P3D Location',(0.,0.,-0.5)) ;
#2374=CARTESIAN_POINT('Axis2P3D Location',(0.,0.,0.5)) ;
#2412=CARTESIAN_POINT('NONE',(0.,0.,0.)) ;
#2413=CARTESIAN_POINT('NONE',(7.1054273576E-015,7.1054273576E-014,-4.2)) ;
#2429=CARTESIAN_POINT('Axis2P3D Location',(0.,0.,31.3)) ;
#2434=CARTESIAN_POINT('Axis2P3D Location',(0.,0.,31.3)) ;
#2438=CARTESIAN_POINT('Vertex',(-1.31637384284,0.719138307906,31.3)) ;
#2440=CARTESIAN_POINT('Vertex',(1.31637384284,-0.719138307906,31.3)) ;
#2443=CARTESIAN_POINT('Axis2P3D Location',(0.,0.,31.3)) ;
#2453=CARTESIAN_POINT('Axis2P3D Location',(0.,0.,37.4)) ;
#2458=CARTESIAN_POINT('Axis2P3D Location',(0.,0.,37.5)) ;
#2462=CARTESIAN_POINT('Vertex',(1.31637384284,-0.719138307906,37.5)) ;
#2464=CARTESIAN_POINT('Vertex',(-1.31637384284,0.719138307906,37.5)) ;
#2467=CARTESIAN_POINT('Line Origine',(-1.31637384284,0.719138307906,34.5549992371)) ;
#2472=CARTESIAN_POINT('Line Origine',(1.31637384284,-0.719138307906,34.5549992371)) ;
#2484=CARTESIAN_POINT('Axis2P3D Location',(0.,0.,37.5)) ;
#2496=CARTESIAN_POINT('Axis2P3D Location',(0.,0.,37.5)) ;
#2501=CARTESIAN_POINT('Axis2P3D Location',(1.41102407536E-014,-1.35197408824E-013,37.5)) ;
#2505=CARTESIAN_POINT('Vertex',(-3.6,5.79764690708E-007,37.5)) ;
#2507=CARTESIAN_POINT('Vertex',(3.6,-4.98399065074E-015,37.5)) ;
#2510=CARTESIAN_POINT('Axis2P3D Location',(-1.88841997595E-014,-3.88578058619E-016,37.5)) ;
#2524=CARTESIAN_POINT('Axis2P3D Location',(-3.10862446895E-014,-2.8853586187E-012,41.1)) ;
#2529=CARTESIAN_POINT('Line Origine',(-3.8,6.23723295236E-013,37.3)) ;
#2533=CARTESIAN_POINT('Vertex',(-4.,4.89842541529E-016,37.1)) ;
#2536=CARTESIAN_POINT('Axis2P3D Location',(1.17950482549E-026,1.22124532818E-015,37.1)) ;
#2540=CARTESIAN_POINT('Vertex',(4.,-9.79685083058E-016,37.1)) ;
#2543=CARTESIAN_POINT('Line Origine',(3.8,6.23390228329E-013,37.3)) ;
#2555=CARTESIAN_POINT('Axis2P3D Location',(-8.12683254026E-013,1.51456625019E-012,41.1)) ;
#2560=CARTESIAN_POINT('Axis2P3D Location',(1.64587939265E-025,2.22044604618E-016,37.1)) ;
#2572=CARTESIAN_POINT('Axis2P3D Location',(0.,0.,-37.5)) ;
#2577=CARTESIAN_POINT('Axis2P3D Location',(-1.92242055608E-014,-8.881784197E-016,-37.5)) ;
#2581=CARTESIAN_POINT('Vertex',(3.6,-1.81430391544E-015,-37.5)) ;
#2583=CARTESIAN_POINT('Vertex',(-3.6,5.79764642247E-007,-37.5)) ;
#2586=CARTESIAN_POINT('Axis2P3D Location',(7.39686090157E-015,-7.32747196253E-015,-37.5)) ;
#2596=CARTESIAN_POINT('Axis2P3D Location',(0.,0.,0.)) ;
#2601=CARTESIAN_POINT('Line Origine',(-4.,4.89842541529E-016,0.)) ;
#2605=CARTESIAN_POINT('Vertex',(-4.,4.89842541529E-016,-37.1)) ;
#2608=CARTESIAN_POINT('Line Origine',(4.,0.,0.)) ;
#2612=CARTESIAN_POINT('Vertex',(4.,-9.79685083058E-016,-37.1)) ;
#2615=CARTESIAN_POINT('Axis2P3D Location',(0.,0.,-37.1)) ;
#2627=CARTESIAN_POINT('Axis2P3D Location',(0.,0.,-37.1)) ;
#2639=CARTESIAN_POINT('Axis2P3D Location',(6.66133814775E-015,7.54951656745E-014,-41.1)) ;
#2644=CARTESIAN_POINT('Line Origine',(-3.8,9.51754982104E-007,-37.3)) ;
#2649=CARTESIAN_POINT('Line Origine',(3.8,-7.04991620638E-015,-37.3)) ;
#2661=CARTESIAN_POINT('Axis2P3D Location',(-8.19566636778E-013,1.49480428036E-012,-41.1)) ;
#2683=CARTESIAN_POINT('NONE',(0.,0.,0.)) ;
#2684=CARTESIAN_POINT('NONE',(2.84217094304E-014,1.42108547152E-014,15.6111053565)) ;
#2700=CARTESIAN_POINT('Axis2P3D Location',(0.,0.,15.)) ;
#2705=CARTESIAN_POINT('Line Origine',(1.91770215442,-3.51033024756,15.)) ;
#2709=CARTESIAN_POINT('Vertex',(1.91770215442,-3.51033024756,30.)) ;
#2711=CARTESIAN_POINT('Vertex',(1.91770215442,-3.51033024756,0.)) ;
#2714=CARTESIAN_POINT('Axis2P3D Location',(0.,0.,0.)) ;
#2718=CARTESIAN_POINT('Vertex',(-1.91770215442,3.51033024756,0.)) ;
#2721=CARTESIAN_POINT('Line Origine',(-1.91770215442,3.51033024756,15.)) ;
#2725=CARTESIAN_POINT('Vertex',(-1.91770215442,3.51033024756,30.)) ;
#2728=CARTESIAN_POINT('Axis2P3D Location',(0.,0.,30.)) ;
#2740=CARTESIAN_POINT('Axis2P3D Location',(0.,0.,0.)) ;
#2745=CARTESIAN_POINT('Axis2P3D Location',(0.,0.,30.)) ;
#2757=CARTESIAN_POINT('Axis2P3D Location',(0.,7.5,30.)) ;
#2762=CARTESIAN_POINT('Axis2P3D Location',(0.,0.,30.)) ;
#2766=CARTESIAN_POINT('Vertex',(3.59569153953,-6.58186921418,30.)) ;
#2768=CARTESIAN_POINT('Vertex',(-3.59569153953,6.58186921418,30.)) ;
#2771=CARTESIAN_POINT('Axis2P3D Location',(0.,0.,30.)) ;
#2785=CARTESIAN_POINT('Axis2P3D Location',(0.,0.,15.)) ;
#2790=CARTESIAN_POINT('Line Origine',(-3.59569153953,6.58186921418,24.)) ;
#2794=CARTESIAN_POINT('Vertex',(-3.59569153953,6.58186921418,25.6607412384)) ;
#2797=CARTESIAN_POINT('Line Origine',(3.59569153953,-6.58186921418,24.)) ;
#2801=CARTESIAN_POINT('Vertex',(3.59569153953,-6.58186921418,18.)) ;
#2804=CARTESIAN_POINT('Axis2P3D Location',(0.,0.,18.)) ;
#2808=CARTESIAN_POINT('Vertex',(-3.59569153953,6.58186921418,18.)) ;
#2811=CARTESIAN_POINT('Line Origine',(-3.59569153953,6.58186921418,24.)) ;
#2815=CARTESIAN_POINT('Vertex',(-3.59569153953,6.58186921418,20.3392544237)) ;
#2819=CARTESIAN_POINT('Control Point',(-3.59569153953,6.58186921418,20.3392544237)) ;
#2820=CARTESIAN_POINT('Control Point',(-3.27352479474,6.757869709,20.1513468725)) ;
#2821=CARTESIAN_POINT('Control Point',(-2.91367970481,6.92885950335,20.0233218404)) ;
#2822=CARTESIAN_POINT('Control Point',(-2.52542464763,7.08100889051,19.9641847963)) ;
#2823=CARTESIAN_POINT('Control Point',(-1.81646277298,7.29875445245,19.9902789132)) ;
#2824=CARTESIAN_POINT('Control Point',(-1.13088420921,7.42335839527,20.231219613)) ;
#2825=CARTESIAN_POINT('Control Point',(-0.84511652927,7.45978946933,20.3745089566)) ;
#2826=CARTESIAN_POINT('Control Point',(-0.150262364774,7.51649527785,20.8368125998)) ;
#2827=CARTESIAN_POINT('Control Point',(0.373405983285,7.49927003606,21.5023262775)) ;
#2828=CARTESIAN_POINT('Control Point',(0.610387628622,7.47607095726,21.9758747114)) ;
#2829=CARTESIAN_POINT('Control Point',(0.729028897259,7.46448369728,22.4879362011)) ;
#2830=CARTESIAN_POINT('Control Point',(0.729028897259,7.46448369728,23.)) ;
#2831=CARTESIAN_POINT('Vertex',(0.729028897259,7.46448369728,23.)) ;
#2835=CARTESIAN_POINT('Control Point',(0.729028897259,7.46448369728,23.)) ;
#2836=CARTESIAN_POINT('Control Point',(0.729028897259,7.46448369728,23.6210176496)) ;
#2837=CARTESIAN_POINT('Control Point',(0.554528861469,7.48152647932,24.2420319042)) ;
#2838=CARTESIAN_POINT('Control Point',(0.209926835935,7.51496246976,24.7918442099)) ;
#2839=CARTESIAN_POINT('Control Point',(-0.547482439937,7.5147391403,25.5341750326)) ;
#2840=CARTESIAN_POINT('Control Point',(-1.50299930149,7.36353357014,25.9210429842)) ;
#2841=CARTESIAN_POINT('Control Point',(-1.89835206485,7.27357347889,26.0097483156)) ;
#2842=CARTESIAN_POINT('Control Point',(-2.5012461917,7.0882563574,26.0364389859)) ;
#2843=CARTESIAN_POINT('Control Point',(-3.06311573414,6.85079732411,25.9043255102)) ;
#2844=CARTESIAN_POINT('Control Point',(-3.25002378725,6.76377077811,25.8401704318)) ;
#2845=CARTESIAN_POINT('Control Point',(-3.42796108974,6.67350077652,25.7585723288)) ;
#2846=CARTESIAN_POINT('Control Point',(-3.59569153953,6.58186921418,25.6607412384)) ;
#2858=CARTESIAN_POINT('Control Point',(3.79771666597,-6.46740659964,23.)) ;
#2859=CARTESIAN_POINT('Control Point',(3.79771666597,-6.46740659964,23.6048757104)) ;
#2860=CARTESIAN_POINT('Control Point',(3.94115007073,-6.38318127325,24.209749282)) ;
#2861=CARTESIAN_POINT('Control Point',(4.22467656658,-6.21651819809,24.7487211464)) ;
#2862=CARTESIAN_POINT('Control Point',(4.84684042936,-5.76935994105,25.5286958908)) ;
#2863=CARTESIAN_POINT('Control Point',(5.55709783028,-5.06572522141,25.9363150957)) ;
#2864=CARTESIAN_POINT('Control Point',(5.8587199057,-4.71773077542,26.0304264098)) ;
#2865=CARTESIAN_POINT('Control Point',(6.33485325248,-4.06251655197,26.0348025606)) ;
#2866=CARTESIAN_POINT('Control Point',(6.69998641413,-3.39332231246,25.7834222787)) ;
#2867=CARTESIAN_POINT('Control Point',(6.83157332725,-3.11561145148,25.6328247638)) ;
#2868=CARTESIAN_POINT('Control Point',(7.10384342815,-2.4611355406,25.161073123)) ;
#2869=CARTESIAN_POINT('Control Point',(7.24948948063,-1.95393688012,24.4807662334)) ;
#2870=CARTESIAN_POINT('Control Point',(7.29934934846,-1.72716291819,24.0128167686)) ;
#2871=CARTESIAN_POINT('Control Point',(7.32442817972,-1.61330463339,23.5064091339)) ;
#2872=CARTESIAN_POINT('Control Point',(7.32442817972,-1.61330463339,23.)) ;
#2873=CARTESIAN_POINT('Vertex',(3.79771666597,-6.46740659964,23.)) ;
#2875=CARTESIAN_POINT('Vertex',(7.32442817972,-1.61330463339,23.)) ;
#2879=CARTESIAN_POINT('Control Point',(7.32442817972,-1.61330463339,23.)) ;
#2880=CARTESIAN_POINT('Control Point',(7.32442817972,-1.61330463339,22.3951242896)) ;
#2881=CARTESIAN_POINT('Control Point',(7.28864849385,-1.77574496487,21.790250718)) ;
#2882=CARTESIAN_POINT('Control Point',(7.21775699577,-2.09689640883,21.2512788536)) ;
#2883=CARTESIAN_POINT('Control Point',(6.98474342848,-2.82678890535,20.4713041092)) ;
#2884=CARTESIAN_POINT('Control Point',(6.53502865052,-3.71971892096,20.0636849043)) ;
#2885=CARTESIAN_POINT('Control Point',(6.29727261221,-4.11411475902,19.9695735902)) ;
#2886=CARTESIAN_POINT('Control Point',(5.82126015117,-4.7694168111,19.9651974394)) ;
#2887=CARTESIAN_POINT('Control Point',(5.29765096117,-5.32347147633,20.2165777213)) ;
#2888=CARTESIAN_POINT('Control Point',(5.07419482958,-5.53443544308,20.3671752362)) ;
#2889=CARTESIAN_POINT('Control Point',(4.53588733803,-5.99562387559,20.838926877)) ;
#2890=CARTESIAN_POINT('Control Point',(4.09851985232,-6.29087450848,21.5192337666)) ;
#2891=CARTESIAN_POINT('Control Point',(3.8982525446,-6.40837106879,21.9871832314)) ;
#2892=CARTESIAN_POINT('Control Point',(3.79771666597,-6.46740659964,22.4935908661)) ;
#2893=CARTESIAN_POINT('Control Point',(3.79771666597,-6.46740659964,23.)) ;
#2900=CARTESIAN_POINT('Control Point',(7.32442817972,1.61330463339,23.)) ;
#2901=CARTESIAN_POINT('Control Point',(7.32442817972,1.61330463339,23.6048757104)) ;
#2902=CARTESIAN_POINT('Control Point',(7.28864849386,1.77574496486,24.209749282)) ;
#2903=CARTESIAN_POINT('Control Point',(7.21775699577,2.09689640883,24.7487211464)) ;
#2904=CARTESIAN_POINT('Control Point',(6.98474342848,2.82678890534,25.5286958908)) ;
#2905=CARTESIAN_POINT('Control Point',(6.53502865054,3.71971892093,25.9363150957)) ;
#2906=CARTESIAN_POINT('Control Point',(6.29727261224,4.11411475898,26.0304264098)) ;
#2907=CARTESIAN_POINT('Control Point',(5.8212601512,4.76941681106,26.0348025606)) ;
#2908=CARTESIAN_POINT('Control Point',(5.2976509612,5.3234714763,25.7834222787)) ;
#2909=CARTESIAN_POINT('Control Point',(5.07419482961,5.53443544305,25.6328247638)) ;
#2910=CARTESIAN_POINT('Control Point',(4.53588733805,5.99562387557,25.161073123)) ;
#2911=CARTESIAN_POINT('Control Point',(4.09851985233,6.29087450847,24.4807662334)) ;
#2912=CARTESIAN_POINT('Control Point',(3.8982525446,6.40837106879,24.0128167686)) ;
#2913=CARTESIAN_POINT('Control Point',(3.79771666597,6.46740659964,23.5064091339)) ;
#2914=CARTESIAN_POINT('Control Point',(3.79771666597,6.46740659964,23.)) ;
#2915=CARTESIAN_POINT('Vertex',(7.32442817972,1.61330463339,23.)) ;
#2917=CARTESIAN_POINT('Vertex',(3.79771666597,6.46740659964,23.)) ;
#2921=CARTESIAN_POINT('Control Point',(3.79771666597,6.46740659964,23.)) ;
#2922=CARTESIAN_POINT('Control Point',(3.79771666597,6.46740659964,22.3951242896)) ;
#2923=CARTESIAN_POINT('Control Point',(3.94115007074,6.38318127324,21.790250718)) ;
#2924=CARTESIAN_POINT('Control Point',(4.22467656657,6.21651819809,21.2512788536)) ;
#2925=CARTESIAN_POINT('Control Point',(4.84684042937,5.76935994104,20.4713041092)) ;
#2926=CARTESIAN_POINT('Control Point',(5.55709783031,5.06572522138,20.0636849043)) ;
#2927=CARTESIAN_POINT('Control Point',(5.85871990574,4.71773077538,19.9695735902)) ;
#2928=CARTESIAN_POINT('Control Point',(6.33485325251,4.06251655193,19.9651974394)) ;
#2929=CARTESIAN_POINT('Control Point',(6.69998641414,3.39332231242,20.2165777213)) ;
#2930=CARTESIAN_POINT('Control Point',(6.83157332727,3.11561145144,20.3671752362)) ;
#2931=CARTESIAN_POINT('Control Point',(7.10384342815,2.46113554058,20.838926877)) ;
#2932=CARTESIAN_POINT('Control Point',(7.24948948063,1.95393688011,21.5192337666)) ;
#2933=CARTESIAN_POINT('Control Point',(7.29934934846,1.72716291819,21.9871832314)) ;
#2934=CARTESIAN_POINT('Control Point',(7.32442817972,1.61330463339,22.4935908661)) ;
#2935=CARTESIAN_POINT('Control Point',(7.32442817972,1.61330463339,23.)) ;
#2942=CARTESIAN_POINT('Axis2P3D Location',(0.,0.,18.)) ;
#2948=CARTESIAN_POINT('Control Point',(-3.59569887392,6.58186520738,25.6607369605)) ;
#2949=CARTESIAN_POINT('Control Point',(-4.11353849081,6.29896738607,25.3586974896)) ;
#2950=CARTESIAN_POINT('Control Point',(-4.53365709711,6.00399974981,24.9008917202)) ;
#2951=CARTESIAN_POINT('Control Point',(-4.82653140419,5.7443757335,24.3262928556)) ;
#2952=CARTESIAN_POINT('Control Point',(-4.97731020051,5.61038173103,23.6627498243)) ;
#2953=CARTESIAN_POINT('Control Point',(-4.97731020051,5.61038173103,23.)) ;
#2954=CARTESIAN_POINT('Vertex',(-4.97731020051,5.61038173103,23.)) ;
#2958=CARTESIAN_POINT('Control Point',(-4.97731020051,5.61038173103,23.)) ;
#2959=CARTESIAN_POINT('Control Point',(-4.97731020051,5.61038173103,22.3370783846)) ;
#2960=CARTESIAN_POINT('Control Point',(-4.82646283473,5.74445411475,21.6734514065)) ;
#2961=CARTESIAN_POINT('Control Point',(-4.53341361187,6.00415612813,21.0988900559)) ;
#2962=CARTESIAN_POINT('Control Point',(-4.11356905682,6.29895143705,20.6413125897)) ;
#2963=CARTESIAN_POINT('Control Point',(-3.59569153953,6.58186921418,20.3392544237)) ;
#2975=CARTESIAN_POINT('Control Point',(-6.87386354243,-3.,23.)) ;
#2976=CARTESIAN_POINT('Control Point',(-6.87386354243,-3.,22.3951242896)) ;
#2977=CARTESIAN_POINT('Control Point',(-6.94039719974,-2.84755223958,21.790250718)) ;
#2978=CARTESIAN_POINT('Control Point',(-7.07181285554,-2.54606628656,21.2512788536)) ;
#2979=CARTESIAN_POINT('Control Point',(-7.3123209649,-1.81860891437,20.4713041092)) ;
#2980=CARTESIAN_POINT('Control Point',(-7.47334516142,-0.83187764273,20.0636849043)) ;
#2981=CARTESIAN_POINT('Control Point',(-7.51281654308,-0.373055214262,19.9695735902)) ;
#2982=CARTESIAN_POINT('Control Point',(-7.51289125457,0.436888386819,19.9651974394)) ;
#2983=CARTESIAN_POINT('Control Point',(-7.41494768264,1.19289778665,20.2165777213)) ;
#2984=CARTESIAN_POINT('Control Point',(-7.35816938311,1.49491543964,20.3671752362)) ;
#2985=CARTESIAN_POINT('Control Point',(-7.1937492334,2.18443392387,20.838926877)) ;
#2986=CARTESIAN_POINT('Control Point',(-7.01345547241,2.68037486142,21.5192337666)) ;
#2987=CARTESIAN_POINT('Control Point',(-6.9204985624,2.89314574548,21.9871832314)) ;
#2988=CARTESIAN_POINT('Control Point',(-6.87386354243,3.,22.4935908661)) ;
#2989=CARTESIAN_POINT('Control Point',(-6.87386354243,3.,23.)) ;
#2990=CARTESIAN_POINT('Vertex',(-6.87386354243,-3.,23.)) ;
#2992=CARTESIAN_POINT('Vertex',(-6.87386354243,3.,23.)) ;
#2996=CARTESIAN_POINT('Control Point',(-6.87386354243,3.,23.)) ;
#2997=CARTESIAN_POINT('Control Point',(-6.87386354243,3.,23.6048757104)) ;
#2998=CARTESIAN_POINT('Control Point',(-6.94039719973,2.84755223959,24.209749282)) ;
#2999=CARTESIAN_POINT('Control Point',(-7.07181285554,2.54606628656,24.7487211464)) ;
#3000=CARTESIAN_POINT('Control Point',(-7.31232096489,1.81860891438,25.5286958908)) ;
#3001=CARTESIAN_POINT('Control Point',(-7.47334516141,0.831877642767,25.9363150957)) ;
#3002=CARTESIAN_POINT('Control Point',(-7.51281654308,0.373055214319,26.0304264098)) ;
#3003=CARTESIAN_POINT('Control Point',(-7.51289125457,-0.436888386771,26.0348025606)) ;
#3004=CARTESIAN_POINT('Control Point',(-7.41494768265,-1.19289778661,25.7834222787)) ;
#3005=CARTESIAN_POINT('Control Point',(-7.35816938312,-1.4949154396,25.6328247638)) ;
#3006=CARTESIAN_POINT('Control Point',(-7.19374923341,-2.18443392385,25.161073123)) ;
#3007=CARTESIAN_POINT('Control Point',(-7.01345547242,-2.68037486141,24.4807662334)) ;
#3008=CARTESIAN_POINT('Control Point',(-6.9204985624,-2.89314574548,24.0128167686)) ;
#3009=CARTESIAN_POINT('Control Point',(-6.87386354243,-3.,23.5064091339)) ;
#3010=CARTESIAN_POINT('Control Point',(-6.87386354243,-3.,23.)) ;
#3017=CARTESIAN_POINT('Control Point',(-4.97731020051,-5.61038173103,23.)) ;
#3018=CARTESIAN_POINT('Control Point',(-4.97731020051,-5.61038173103,23.6048757104)) ;
#3019=CARTESIAN_POINT('Control Point',(-4.85288379538,-5.72076794808,24.209749282)) ;
#3020=CARTESIAN_POINT('Control Point',(-4.60676328615,-5.93891594693,24.7487211464)) ;
#3021=CARTESIAN_POINT('Control Point',(-3.98923130509,-6.39244944223,25.5286958908)) ;
#3022=CARTESIAN_POINT('Control Point',(-3.10055331262,-6.85050928543,25.9363150957)) ;
#3023=CARTESIAN_POINT('Control Point',(-2.67638457995,-7.02983272796,26.0304264098)) ;
#3024=CARTESIAN_POINT('Control Point',(-1.90610552742,-7.28019012004,26.0348025606)) ;
#3025=CARTESIAN_POINT('Control Point',(-1.15683163311,-7.42066000019,25.7834222787)) ;
#3026=CARTESIAN_POINT('Control Point',(-0.852050316733,-7.4599892158,25.6328247638)) ;
#3027=CARTESIAN_POINT('Control Point',(-0.145470648701,-7.51668929058,25.161073123)) ;
#3028=CARTESIAN_POINT('Control Point',(0.381911047786,-7.49847391226,24.4807662334)) ;
#3029=CARTESIAN_POINT('Control Point',(0.612993448502,-7.47581645634,24.0128167686)) ;
#3030=CARTESIAN_POINT('Control Point',(0.729028897259,-7.46448369728,23.5064091339)) ;
#3031=CARTESIAN_POINT('Control Point',(0.729028897259,-7.46448369728,23.)) ;
#3032=CARTESIAN_POINT('Vertex',(-4.97731020051,-5.61038173103,23.)) ;
#3034=CARTESIAN_POINT('Vertex',(0.729028897259,-7.46448369728,23.)) ;
#3038=CARTESIAN_POINT('Control Point',(0.729028897259,-7.46448369728,23.)) ;
#3039=CARTESIAN_POINT('Control Point',(0.729028897259,-7.46448369728,22.3951242896)) ;
#3040=CARTESIAN_POINT('Control Point',(0.563482430508,-7.48065201688,21.790250718)) ;
#3041=CARTESIAN_POINT('Control Point',(0.236142579351,-7.51247144964,21.2512788536)) ;
#3042=CARTESIAN_POINT('Control Point',(-0.530031587871,-7.51641156357,20.4713041092)) ;
#3043=CARTESIAN_POINT('Control Point',(-1.51822800683,-7.36463794313,20.0636849043)) ;
#3044=CARTESIAN_POINT('Control Point',(-1.96679139497,-7.26039353007,19.9695735902)) ;
#3045=CARTESIAN_POINT('Control Point',(-2.73711662173,-7.0101782477,19.9651974394)) ;
#3046=CARTESIAN_POINT('Control Point',(-3.42585805961,-6.68340862294,20.2165777213)) ;
#3047=CARTESIAN_POINT('Control Point',(-3.69554845705,-6.53608066381,20.3671752362)) ;
#3048=CARTESIAN_POINT('Control Point',(-4.30051088411,-6.16663487945,20.838926877)) ;
#3049=CARTESIAN_POINT('Control Point',(-4.71646490833,-5.84191114531,21.5192337666)) ;
#3050=CARTESIAN_POINT('Control Point',(-4.89009677916,-5.68775405123,21.9871832314)) ;
#3051=CARTESIAN_POINT('Control Point',(-4.97731020051,-5.61038173103,22.4935908661)) ;
#3052=CARTESIAN_POINT('Control Point',(-4.97731020051,-5.61038173103,23.)) ;
#3059=CARTESIAN_POINT('Axis2P3D Location',(0.,6.,18.)) ;
#3068=CARTESIAN_POINT('Axis2P3D Location',(0.,0.,18.)) ;
#3072=CARTESIAN_POINT('Vertex',(2.87655323163,-5.26549537134,18.)) ;
#3074=CARTESIAN_POINT('Vertex',(-2.87655323163,5.26549537134,18.)) ;
#3077=CARTESIAN_POINT('Axis2P3D Location',(0.,0.,18.)) ;
#3087=CARTESIAN_POINT('Axis2P3D Location',(-1.34113375552,4.1275852805,23.)) ;
#3092=CARTESIAN_POINT('Line Origine',(-4.1943033044,3.20053429738,23.)) ;
#3096=CARTESIAN_POINT('Vertex',(-8.26096695045,15.716438052,23.)) ;
#3099=CARTESIAN_POINT('Axis2P3D Location',(-5.40779740156,16.6434890352,23.)) ;
#3103=CARTESIAN_POINT('Vertex',(-2.55462785268,17.5705400183,23.)) ;
#3106=CARTESIAN_POINT('Line Origine',(1.51203579337,5.05463626363,23.)) ;
#3119=CARTESIAN_POINT('Axis2P3D Location',(-5.40779740156,16.6434890352,23.)) ;
#3132=CARTESIAN_POINT('Axis2P3D Location',(3.5111337554,-2.55098799482,23.)) ;
#3137=CARTESIAN_POINT('Line Origine',(1.74777799853,-4.97803897794,23.)) ;
#3141=CARTESIAN_POINT('Vertex',(12.3944416447,-12.7132928982,23.)) ;
#3144=CARTESIAN_POINT('Axis2P3D Location',(14.1577974016,-10.2862419151,23.)) ;
#3148=CARTESIAN_POINT('Vertex',(15.9211531584,-7.85919093199,23.)) ;
#3151=CARTESIAN_POINT('Line Origine',(5.27448951228,-0.123937011691,23.)) ;
#3163=CARTESIAN_POINT('Axis2P3D Location',(14.1577974016,-10.2862419151,23.)) ;
#3175=CARTESIAN_POINT('Axis2P3D Location',(3.5111337554,2.55098799482,23.)) ;
#3180=CARTESIAN_POINT('Line Origine',(5.27448951228,0.123937011691,23.)) ;
#3184=CARTESIAN_POINT('Vertex',(15.9211531584,7.85919093199,23.)) ;
#3187=CARTESIAN_POINT('Axis2P3D Location',(14.1577974016,10.2862419151,23.)) ;
#3191=CARTESIAN_POINT('Vertex',(12.3944416447,12.7132928982,23.)) ;
#3194=CARTESIAN_POINT('Line Origine',(1.74777799853,4.97803897794,23.)) ;
#3206=CARTESIAN_POINT('Axis2P3D Location',(14.1577974016,10.2862419151,23.)) ;
#3218=CARTESIAN_POINT('Axis2P3D Location',(-4.33999999977,0.,23.)) ;
#3223=CARTESIAN_POINT('Line Origine',(-4.33999999977,-3.,23.)) ;
#3227=CARTESIAN_POINT('Vertex',(-17.5,-3.,23.)) ;
#3230=CARTESIAN_POINT('Axis2P3D Location',(-17.5,0.,23.)) ;
#3234=CARTESIAN_POINT('Vertex',(-17.5,3.,23.)) ;
#3237=CARTESIAN_POINT('Line Origine',(-4.33999999977,3.,23.)) ;
#3249=CARTESIAN_POINT('Axis2P3D Location',(-17.5,0.,23.)) ;
#3261=CARTESIAN_POINT('Axis2P3D Location',(-1.34113375552,-4.1275852805,23.)) ;
#3266=CARTESIAN_POINT('Line Origine',(-4.1943033044,-3.20053429738,23.)) ;
#3270=CARTESIAN_POINT('Vertex',(-8.26096695045,-15.716438052,23.)) ;
#3273=CARTESIAN_POINT('Axis2P3D Location',(-5.40779740156,-16.6434890352,23.)) ;
#3277=CARTESIAN_POINT('Vertex',(-2.55462785268,-17.5705400183,23.)) ;
#3280=CARTESIAN_POINT('Line Origine',(1.51203579337,-5.05463626363,23.)) ;
#3292=CARTESIAN_POINT('Axis2P3D Location',(-5.40779740156,-16.6434890352,23.)) ;
#3304=CARTESIAN_POINT('Axis2P3D Location',(-5.40779740156,16.6434890352,0.)) ;
#3313=CARTESIAN_POINT('Axis2P3D Location',(-5.40779740156,16.6434890352,23.)) ;
#3317=CARTESIAN_POINT('Vertex',(-3.98121262712,17.1070145267,23.)) ;
#3319=CARTESIAN_POINT('Vertex',(-6.834382176,16.1799635436,23.)) ;
#3322=CARTESIAN_POINT('Axis2P3D Location',(-5.40779740156,16.6434890352,23.)) ;
#3332=CARTESIAN_POINT('Axis2P3D Location',(14.1577974016,-10.2862419151,0.)) ;
#3341=CARTESIAN_POINT('Axis2P3D Location',(14.1577974016,-10.2862419151,23.)) ;
#3345=CARTESIAN_POINT('Vertex',(13.2761195231,-11.4997674067,23.)) ;
#3347=CARTESIAN_POINT('Vertex',(15.03947528,-9.07271642356,23.)) ;
#3350=CARTESIAN_POINT('Axis2P3D Location',(14.1577974016,-10.2862419151,23.)) ;
#3360=CARTESIAN_POINT('Axis2P3D Location',(14.1577974016,10.2862419151,0.)) ;
#3369=CARTESIAN_POINT('Axis2P3D Location',(14.1577974016,10.2862419151,23.)) ;
#3373=CARTESIAN_POINT('Vertex',(15.03947528,9.07271642356,23.)) ;
#3375=CARTESIAN_POINT('Vertex',(13.2761195231,11.4997674067,23.)) ;
#3378=CARTESIAN_POINT('Axis2P3D Location',(14.1577974016,10.2862419151,23.)) ;
#3388=CARTESIAN_POINT('Axis2P3D Location',(-17.5,0.,0.)) ;
#3397=CARTESIAN_POINT('Axis2P3D Location',(-17.5,0.,23.)) ;
#3401=CARTESIAN_POINT('Vertex',(-17.5,1.5,23.)) ;
#3403=CARTESIAN_POINT('Vertex',(-17.5,-1.5,23.)) ;
#3406=CARTESIAN_POINT('Axis2P3D Location',(-17.5,0.,23.)) ;
#3416=CARTESIAN_POINT('Axis2P3D Location',(-5.40779740156,-16.6434890352,0.)) ;
#3425=CARTESIAN_POINT('Axis2P3D Location',(-5.40779740156,-16.6434890352,23.)) ;
#3429=CARTESIAN_POINT('Vertex',(-6.834382176,-16.1799635436,23.)) ;
#3431=CARTESIAN_POINT('Vertex',(-3.98121262712,-17.1070145267,23.)) ;
#3434=CARTESIAN_POINT('Axis2P3D Location',(-5.40779740156,-16.6434890352,23.)) ;
#3444=CARTESIAN_POINT('Axis2P3D Location',(-2.93566144656,-9.0350369048,0.)) ;
#3449=CARTESIAN_POINT('Axis2P3D Location',(-2.93566144656,-9.0350369048,23.)) ;
#3453=CARTESIAN_POINT('Vertex',(-1.50907667212,-9.49856239637,23.)) ;
#3455=CARTESIAN_POINT('Vertex',(-4.362246221,-8.57151141324,23.)) ;
#3458=CARTESIAN_POINT('Axis2P3D Location',(-2.93566144656,-9.0350369048,23.)) ;
#3468=CARTESIAN_POINT('Axis2P3D Location',(-9.5,0.,0.)) ;
#3473=CARTESIAN_POINT('Axis2P3D Location',(-9.5,0.,23.)) ;
#3477=CARTESIAN_POINT('Vertex',(-9.5,-1.5,23.)) ;
#3479=CARTESIAN_POINT('Vertex',(-9.5,1.5,23.)) ;
#3482=CARTESIAN_POINT('Axis2P3D Location',(-9.5,0.,23.)) ;
#3492=CARTESIAN_POINT('Axis2P3D Location',(7.68566144656,5.58395989678,0.)) ;
#3497=CARTESIAN_POINT('Axis2P3D Location',(7.68566144656,5.58395989678,23.)) ;
#3501=CARTESIAN_POINT('Vertex',(6.80398356812,6.79748538834,23.)) ;
#3503=CARTESIAN_POINT('Vertex',(8.567339325,4.37043440522,23.)) ;
#3506=CARTESIAN_POINT('Axis2P3D Location',(7.68566144656,5.58395989678,23.)) ;
#3516=CARTESIAN_POINT('Axis2P3D Location',(7.68566144656,-5.58395989678,0.)) ;
#3521=CARTESIAN_POINT('Axis2P3D Location',(7.68566144656,-5.58395989678,23.)) ;
#3525=CARTESIAN_POINT('Vertex',(8.567339325,-4.37043440522,23.)) ;
#3527=CARTESIAN_POINT('Vertex',(6.80398356812,-6.79748538834,23.)) ;
#3530=CARTESIAN_POINT('Axis2P3D Location',(7.68566144656,-5.58395989678,23.)) ;
#3540=CARTESIAN_POINT('Axis2P3D Location',(-2.93566144656,9.0350369048,0.)) ;
#3545=CARTESIAN_POINT('Axis2P3D Location',(-2.93566144656,9.0350369048,23.)) ;
#3549=CARTESIAN_POINT('Vertex',(-4.362246221,8.57151141324,23.)) ;
#3551=CARTESIAN_POINT('Vertex',(-1.50907667212,9.49856239637,23.)) ;
#3554=CARTESIAN_POINT('Axis2P3D Location',(-2.93566144656,9.0350369048,23.)) ;
#3564=CARTESIAN_POINT('Axis2P3D Location',(-4.17172942406,-12.83926297,23.)) ;
#3569=CARTESIAN_POINT('Line Origine',(-5.5983141985,-12.3757374784,23.)) ;
#3574=CARTESIAN_POINT('Line Origine',(-2.74514464962,-13.3027884615,23.)) ;
#3593=CARTESIAN_POINT('Axis2P3D Location',(-13.5,0.,23.)) ;
#3598=CARTESIAN_POINT('Line Origine',(-13.5,1.5,23.)) ;
#3603=CARTESIAN_POINT('Line Origine',(-13.5,-1.5,23.)) ;
#3622=CARTESIAN_POINT('Axis2P3D Location',(10.9217294241,7.93510090595,23.)) ;
#3627=CARTESIAN_POINT('Line Origine',(11.8034073025,6.72157541439,23.)) ;
#3632=CARTESIAN_POINT('Line Origine',(10.0400515456,9.14862639751,23.)) ;
#3651=CARTESIAN_POINT('Axis2P3D Location',(10.9217294241,-7.93510090595,23.)) ;
#3656=CARTESIAN_POINT('Line Origine',(10.0400515456,-9.14862639751,23.)) ;
#3661=CARTESIAN_POINT('Line Origine',(11.8034073025,-6.72157541439,23.)) ;
#3680=CARTESIAN_POINT('Axis2P3D Location',(-4.17172942406,12.83926297,23.)) ;
#3685=CARTESIAN_POINT('Line Origine',(-2.74514464962,13.3027884615,23.)) ;
#3690=CARTESIAN_POINT('Line Origine',(-5.5983141985,12.3757374784,23.)) ;
#3709=CARTESIAN_POINT('Axis2P3D Location',(0.,0.,15.)) ;
#3714=CARTESIAN_POINT('Line Origine',(2.87655323163,-5.26549537134,9.)) ;
#3718=CARTESIAN_POINT('Vertex',(2.87655323163,-5.26549537134,3.5527136788E-015)) ;
#3721=CARTESIAN_POINT('Line Origine',(-2.87655323163,5.26549537134,9.)) ;
#3725=CARTESIAN_POINT('Vertex',(-2.87655323163,5.26549537134,3.5527136788E-015)) ;
#3728=CARTESIAN_POINT('Axis2P3D Location',(0.,0.,3.5527136788E-015)) ;
#3740=CARTESIAN_POINT('Axis2P3D Location',(10.,0.,1.5)) ;
#3745=CARTESIAN_POINT('Line Origine',(9.,0.,1.5)) ;
#3749=CARTESIAN_POINT('Vertex',(9.,1.,1.5)) ;
#3751=CARTESIAN_POINT('Vertex',(9.,-1.,1.5)) ;
#3754=CARTESIAN_POINT('Axis2P3D Location',(10.,-1.,1.5)) ;
#3758=CARTESIAN_POINT('Vertex',(11.,-1.,1.5)) ;
#3761=CARTESIAN_POINT('Line Origine',(11.,0.,1.5)) ;
#3765=CARTESIAN_POINT('Vertex',(11.,1.,1.5)) ;
#3768=CARTESIAN_POINT('Axis2P3D Location',(10.,1.,1.5)) ;
#3780=CARTESIAN_POINT('Axis2P3D Location',(10.,-1.,1.5)) ;
#3785=CARTESIAN_POINT('Axis2P3D Location',(10.,1.,1.5)) ;
#3797=CARTESIAN_POINT('Axis2P3D Location',(0.,4.,0.)) ;
#3802=CARTESIAN_POINT('Axis2P3D Location',(6.7082039325,2.,0.)) ;
#3806=CARTESIAN_POINT('Vertex',(5.749889085,1.71428571429,3.5527136788E-015)) ;
#3808=CARTESIAN_POINT('Vertex',(6.7082039325,1.,0.)) ;
#3811=CARTESIAN_POINT('Line Origine',(8.35410196625,1.,0.)) ;
#3815=CARTESIAN_POINT('Vertex',(10.,1.,0.)) ;
#3818=CARTESIAN_POINT('Line Origine',(10.,0.,0.)) ;
#3822=CARTESIAN_POINT('Vertex',(10.,-1.,3.5527136788E-015)) ;
#3825=CARTESIAN_POINT('Line Origine',(8.35410196625,-1.,0.)) ;
#3829=CARTESIAN_POINT('Vertex',(6.7082039325,-1.,3.5527136788E-015)) ;
#3832=CARTESIAN_POINT('Axis2P3D Location',(6.7082039325,-2.,0.)) ;
#3836=CARTESIAN_POINT('Vertex',(5.749889085,-1.71428571429,3.5527136788E-015)) ;
#3839=CARTESIAN_POINT('Axis2P3D Location',(0.,0.,0.)) ;
#3844=CARTESIAN_POINT('Axis2P3D Location',(0.,0.,0.)) ;
#3864=CARTESIAN_POINT('Line Origine',(5.749889085,-1.71428571429,9.)) ;
#3868=CARTESIAN_POINT('Vertex',(5.749889085,-1.71428571429,4.29438244456)) ;
#3872=CARTESIAN_POINT('Control Point',(5.85024290901,-1.33216286751,5.13758014515)) ;
#3873=CARTESIAN_POINT('Control Point',(5.80556727571,-1.52835757712,4.99437730249)) ;
#3874=CARTESIAN_POINT('Control Point',(5.76552588428,-1.66214565715,4.76736920815)) ;
#3875=CARTESIAN_POINT('Control Point',(5.749889085,-1.71428571429,4.52806485707)) ;
#3876=CARTESIAN_POINT('Control Point',(5.749889085,-1.71428571429,4.29438244456)) ;
#3877=CARTESIAN_POINT('Vertex',(5.85024290901,-1.33216286751,5.13758014515)) ;
#3881=CARTESIAN_POINT('Control Point',(5.93845991166,-0.857142857143,5.27848702108)) ;
#3882=CARTESIAN_POINT('Control Point',(5.91430377192,-1.02450150258,5.28874448957)) ;
#3883=CARTESIAN_POINT('Control Point',(5.88136344083,-1.19549589152,5.23733359669)) ;
#3884=CARTESIAN_POINT('Control Point',(5.85024290901,-1.33216286751,5.13758014515)) ;
#3885=CARTESIAN_POINT('Vertex',(5.93845991166,-0.857142857143,5.27848702108)) ;
#3889=CARTESIAN_POINT('Control Point',(5.93845991139,-0.85714285905,5.27848698931)) ;
#3890=CARTESIAN_POINT('Control Point',(6.02029137241,-0.290197867765,5.24373860186)) ;
#3891=CARTESIAN_POINT('Control Point',(6.02029264585,0.290189050115,5.24373814448)) ;
#3892=CARTESIAN_POINT('Control Point',(5.93845991031,0.857142866495,5.27848701121)) ;
#3893=CARTESIAN_POINT('Vertex',(5.93845991031,0.857142866495,5.27848701121)) ;
#3897=CARTESIAN_POINT('Control Point',(5.85024290901,1.33216286751,5.13758014515)) ;
#3898=CARTESIAN_POINT('Control Point',(5.88140720028,1.19530372028,5.23747386279)) ;
#3899=CARTESIAN_POINT('Control Point',(5.91426980365,1.02473683974,5.28875890086)) ;
#3900=CARTESIAN_POINT('Control Point',(5.93845991031,0.857142866495,5.27848701121)) ;
#3901=CARTESIAN_POINT('Vertex',(5.85024290901,1.33216286751,5.13758014515)) ;
#3905=CARTESIAN_POINT('Control Point',(5.749889085,1.71428571429,4.29438244456)) ;
#3906=CARTESIAN_POINT('Control Point',(5.749889085,1.71428571429,4.52807027909)) ;
#3907=CARTESIAN_POINT('Control Point',(5.76552236642,1.6621583411,4.76734114087)) ;
#3908=CARTESIAN_POINT('Control Point',(5.80556623912,1.52836212933,4.99437397982)) ;
#3909=CARTESIAN_POINT('Control Point',(5.85024290901,1.33216286751,5.13758014515)) ;
#3910=CARTESIAN_POINT('Vertex',(5.749889085,1.71428571429,4.29438244456)) ;
#3913=CARTESIAN_POINT('Line Origine',(5.749889085,1.71428571429,9.)) ;
#3933=CARTESIAN_POINT('Axis2P3D Location',(10.513030215,0.,2.90953893118)) ;
#3938=CARTESIAN_POINT('Line Origine',(6.64719350972,-1.,4.31658842243)) ;
#3942=CARTESIAN_POINT('Vertex',(6.58618317924,-1.00000001509,4.33879436671)) ;
#3944=CARTESIAN_POINT('Vertex',(6.7082039325,-1.,4.29438244456)) ;
#3947=CARTESIAN_POINT('Line Origine',(8.61061707374,-1.,3.60196068787)) ;
#3951=CARTESIAN_POINT('Vertex',(10.513030215,-1.,2.90953893118)) ;
#3954=CARTESIAN_POINT('Line Origine',(10.513030215,0.,2.90953893118)) ;
#3958=CARTESIAN_POINT('Vertex',(10.513030215,1.,2.90953893118)) ;
#3961=CARTESIAN_POINT('Line Origine',(8.61061707374,1.,3.60196068787)) ;
#3965=CARTESIAN_POINT('Vertex',(6.7082039325,1.,4.29438244456)) ;
#3968=CARTESIAN_POINT('Line Origine',(6.6471935233,1.,4.31658841749)) ;
#3972=CARTESIAN_POINT('Vertex',(6.58618311409,1.,4.33879439042)) ;
#3976=CARTESIAN_POINT('Control Point',(6.58618317924,-1.00000001509,4.33879436671)) ;
#3977=CARTESIAN_POINT('Control Point',(6.6434654222,-0.603138601093,4.31794533532)) ;
#3978=CARTESIAN_POINT('Control Point',(6.67241695897,-0.201585202142,4.3074078377)) ;
#3979=CARTESIAN_POINT('Control Point',(6.6724183568,0.201567331366,4.30740732893)) ;
#3980=CARTESIAN_POINT('Control Point',(6.6434661491,0.603132312654,4.31794507075)) ;
#3981=CARTESIAN_POINT('Control Point',(6.58618311409,1.,4.33879439042)) ;
#3993=CARTESIAN_POINT('Control Point',(6.7082039325,1.,4.29438244456)) ;
#3994=CARTESIAN_POINT('Control Point',(6.45199500743,1.,4.29438244456)) ;
#3995=CARTESIAN_POINT('Control Point',(6.19578608236,1.08205376661,4.29438244456)) ;
#3996=CARTESIAN_POINT('Control Point',(5.97492752787,1.24667201369,4.29438244456)) ;
#3997=CARTESIAN_POINT('Control Point',(5.82309163502,1.46875689733,4.29438244456)) ;
#3998=CARTESIAN_POINT('Control Point',(5.749889085,1.71428571429,4.29438244456)) ;
#3999=CARTESIAN_POINT('Control Point',(6.64811927467,1.,4.31625147154)) ;
#4000=CARTESIAN_POINT('Control Point',(6.40392728116,1.0153942256,4.32886148986)) ;
#4001=CARTESIAN_POINT('Control Point',(6.16466546328,1.10514511514,4.35501705436)) ;
#4002=CARTESIAN_POINT('Control Point',(5.96068445405,1.26750484823,4.393062584)) ;
#4003=CARTESIAN_POINT('Control Point',(5.819658226,1.48027290127,4.43719764809)) ;
#4004=CARTESIAN_POINT('Control Point',(5.749889085,1.71428571429,4.48133271218)) ;
#4005=CARTESIAN_POINT('Control Point',(6.5971276964,1.,4.33481088823)) ;
#4006=CARTESIAN_POINT('Control Point',(6.3641849289,1.02439621393,4.36597579383)) ;
#4007=CARTESIAN_POINT('Control Point',(6.14014395864,1.1144670037,4.42159818638)) ;
#4008=CARTESIAN_POINT('Control Point',(5.95181246768,1.26764025882,4.49790952337)) ;
#4009=CARTESIAN_POINT('Control Point',(5.8227274788,1.46482132677,4.58475035546)) ;
#4010=CARTESIAN_POINT('Control Point',(5.75974774358,1.68121876816,4.67159118755)) ;
#4011=CARTESIAN_POINT('Control Point',(6.55898635976,1.,4.34869319946)) ;
#4012=CARTESIAN_POINT('Control Point',(6.335672866,1.02398161184,4.40138183486)) ;
#4013=CARTESIAN_POINT('Control Point',(6.12461414353,1.10547971203,4.48774009771)) ;
#4014=CARTESIAN_POINT('Control Point',(5.95048678665,1.24213495407,4.60208961339)) ;
#4015=CARTESIAN_POINT('Control Point',(5.8341923742,1.41763543043,4.73066979177)) ;
#4016=CARTESIAN_POINT('Control Point',(5.78126946641,1.61074687432,4.85924997014)) ;
#4017=CARTESIAN_POINT('Control Point',(6.54058918133,1.,4.35538922481)) ;
#4018=CARTESIAN_POINT('Control Point',(6.32234477516,1.01373212144,4.42509434844)) ;
#4019=CARTESIAN_POINT('Control Point',(6.11994850281,1.07605265809,4.53834186191)) ;
#4020=CARTESIAN_POINT('Control Point',(5.95742766892,1.18561848091,4.68768269534)) ;
#4021=CARTESIAN_POINT('Control Point',(5.85423314693,1.32922138212,4.85534895411)) ;
#4022=CARTESIAN_POINT('Control Point',(5.8145015731,1.48912227696,5.02301521289)) ;
#4023=CARTESIAN_POINT('Control Point',(6.54058918133,1.,4.35538922481)) ;
#4024=CARTESIAN_POINT('Control Point',(6.32284585267,1.,4.43464131515)) ;
#4025=CARTESIAN_POINT('Control Point',(6.1242101501,1.03719519073,4.56639117671)) ;
#4026=CARTESIAN_POINT('Control Point',(5.96926858625,1.11174594331,4.74194638616)) ;
#4027=CARTESIAN_POINT('Control Point',(5.87703518608,1.21450358366,4.93976326565)) ;
#4028=CARTESIAN_POINT('Control Point',(5.85024290901,1.33216286751,5.13758014515)) ;
#4030=CARTESIAN_POINT('Control Point',(6.54058918133,1.,4.35538922481)) ;
#4031=CARTESIAN_POINT('Control Point',(6.26841002051,1.,4.45445433774)) ;
#4032=CARTESIAN_POINT('Control Point',(6.02709050202,1.0623634249,4.6419684628)) ;
#4033=CARTESIAN_POINT('Control Point',(5.88373325535,1.1850887627,4.89030904578)) ;
#4034=CARTESIAN_POINT('Control Point',(5.85024290901,1.33216286751,5.13758014515)) ;
#4035=CARTESIAN_POINT('Vertex',(6.54058918133,1.,4.35538922481)) ;
#4039=CARTESIAN_POINT('Control Point',(6.58618311409,1.,4.33879439042)) ;
#4040=CARTESIAN_POINT('Control Point',(6.55661360853,1.,4.34955681028)) ;
#4041=CARTESIAN_POINT('Control Point',(6.54058918133,1.,4.35538922481)) ;
#4042=CARTESIAN_POINT('Control Point',(6.54058918133,1.,4.35538922481)) ;
#4045=CARTESIAN_POINT('Control Point',(6.7082039325,1.,4.29438244456)) ;
#4046=CARTESIAN_POINT('Control Point',(6.38794277616,1.,4.29438244456)) ;
#4047=CARTESIAN_POINT('Control Point',(6.06568047542,1.1379643237,4.29438244456)) ;
#4048=CARTESIAN_POINT('Control Point',(5.84139227253,1.40737469309,4.29438244456)) ;
#4049=CARTESIAN_POINT('Control Point',(5.749889085,1.71428571429,4.29438244456)) ;
#4060=CARTESIAN_POINT('Control Point',(6.54058918133,1.,4.35538922481)) ;
#4061=CARTESIAN_POINT('Control Point',(6.26865329762,0.999903656881,4.45421179834)) ;
#4062=CARTESIAN_POINT('Control Point',(6.0270590459,1.06234404241,4.64194893115)) ;
#4063=CARTESIAN_POINT('Control Point',(5.8835277256,1.1852083648,4.89057502315)) ;
#4064=CARTESIAN_POINT('Control Point',(5.85024290901,1.33216286751,5.13758014515)) ;
#4065=CARTESIAN_POINT('Control Point',(6.54058918133,1.,4.35538922481)) ;
#4066=CARTESIAN_POINT('Control Point',(6.26898180468,0.990946209961,4.46043042603)) ;
#4067=CARTESIAN_POINT('Control Point',(6.03055025889,1.03436217867,4.66233837055)) ;
#4068=CARTESIAN_POINT('Control Point',(5.89376601919,1.13069189213,4.93082150232)) ;
#4069=CARTESIAN_POINT('Control Point',(5.86894148377,1.25004737917,5.19751637573)) ;
#4070=CARTESIAN_POINT('Control Point',(6.54562449661,1.,4.35355651993)) ;
#4071=CARTESIAN_POINT('Control Point',(6.27278785725,0.980800655642,4.46225922756)) ;
#4072=CARTESIAN_POINT('Control Point',(6.03577732308,1.0028614003,4.67536975449)) ;
#4073=CARTESIAN_POINT('Control Point',(5.90477347546,1.06958981312,4.96066144673)) ;
#4074=CARTESIAN_POINT('Control Point',(5.8883268356,1.15826073828,5.24398646118)) ;
#4075=CARTESIAN_POINT('Control Point',(6.55544429209,1.,4.34998240667)) ;
#4076=CARTESIAN_POINT('Control Point',(6.27984582472,0.970583643347,4.45931213026)) ;
#4077=CARTESIAN_POINT('Control Point',(6.04240183664,0.969790247874,4.67978450448)) ;
#4078=CARTESIAN_POINT('Control Point',(5.91583352512,1.00429014082,4.97772252887)) ;
#4079=CARTESIAN_POINT('Control Point',(5.90706891813,1.05957276457,5.27350894148)) ;
#4080=CARTESIAN_POINT('Control Point',(6.56925003987,1.,4.34495752541)) ;
#4081=CARTESIAN_POINT('Control Point',(6.28973282263,0.961339853048,4.45225625679)) ;
#4082=CARTESIAN_POINT('Control Point',(6.0501243285,0.937228745618,4.6759109538)) ;
#4083=CARTESIAN_POINT('Control Point',(5.92633539971,0.937705968099,4.98144252732)) ;
#4084=CARTESIAN_POINT('Control Point',(5.92394584632,0.957699250442,5.284650145)) ;
#4085=CARTESIAN_POINT('Control Point',(6.58618311409,1.,4.33879439042)) ;
#4086=CARTESIAN_POINT('Control Point',(6.30192438978,0.953548984435,4.44199887283)) ;
#4087=CARTESIAN_POINT('Control Point',(6.05863987834,0.906722673862,4.66492288758)) ;
#4088=CARTESIAN_POINT('Control Point',(5.93595108322,0.872832565434,4.97293927078)) ;
#4089=CARTESIAN_POINT('Control Point',(5.93845991031,0.857142866495,5.27848701121)) ;
#4091=CARTESIAN_POINT('Control Point',(6.58618311409,1.,4.33879439042)) ;
#4092=CARTESIAN_POINT('Control Point',(6.30163110042,0.953487530747,4.44236284304)) ;
#4093=CARTESIAN_POINT('Control Point',(6.05868742989,0.906727774677,4.66495643997)) ;
#4094=CARTESIAN_POINT('Control Point',(5.93618731072,0.872887898144,4.97253503771)) ;
#4095=CARTESIAN_POINT('Control Point',(5.93845991031,0.857142866495,5.27848701121)) ;
#4105=CARTESIAN_POINT('Control Point',(6.58618317924,-1.00000001509,4.33879436671)) ;
#4106=CARTESIAN_POINT('Control Point',(6.35854157148,-0.962790028902,4.42164913113)) ;
#4107=CARTESIAN_POINT('Control Point',(6.15658148497,-0.925580042717,4.57506329528)) ;
#4108=CARTESIAN_POINT('Control Point',(6.00914142484,-0.893061719697,4.7889638326)) ;
#4109=CARTESIAN_POINT('Control Point',(5.93664191429,-0.869738864091,5.03372541005)) ;
#4110=CARTESIAN_POINT('Control Point',(5.93845999795,-0.857142832182,5.27848698749)) ;
#4111=CARTESIAN_POINT('Control Point',(6.6434654222,-0.603138601093,4.31794533532)) ;
#4112=CARTESIAN_POINT('Control Point',(6.41425061094,-0.580746300535,4.40137268711)) ;
#4113=CARTESIAN_POINT('Control Point',(6.21059265562,-0.558353999976,4.55501692349)) ;
#4114=CARTESIAN_POINT('Control Point',(6.06138522078,-0.538761955682,4.76877913747)) ;
#4115=CARTESIAN_POINT('Control Point',(5.98718650071,-0.524660052114,5.01320854679)) ;
#4116=CARTESIAN_POINT('Control Point',(5.98755907206,-0.516975844585,5.25763795611)) ;
#4117=CARTESIAN_POINT('Control Point',(6.67241695897,-0.201585202142,4.3074078377)) ;
#4118=CARTESIAN_POINT('Control Point',(6.44241211132,-0.194109880922,4.39112270975)) ;
#4119=CARTESIAN_POINT('Control Point',(6.2379013266,-0.186634559703,4.54488194405)) ;
#4120=CARTESIAN_POINT('Control Point',(6.08780336663,-0.180090039181,4.75857464038)) ;
#4121=CARTESIAN_POINT('Control Point',(6.01274268158,-0.175370709962,5.00283754942)) ;
#4122=CARTESIAN_POINT('Control Point',(6.01237467749,-0.172787126809,5.24710045848)) ;
#4123=CARTESIAN_POINT('Control Point',(6.6724183568,0.201567331366,4.30740732893)) ;
#4124=CARTESIAN_POINT('Control Point',(6.44241347368,0.194092769779,4.39112222838)) ;
#4125=CARTESIAN_POINT('Control Point',(6.23790264754,0.186618208193,4.54488147365)) ;
#4126=CARTESIAN_POINT('Control Point',(6.08780463763,0.180074351465,4.75857416335)) ;
#4127=CARTESIAN_POINT('Control Point',(6.01274389589,0.17535549822,5.00283705653)) ;
#4128=CARTESIAN_POINT('Control Point',(6.01237583549,0.172772171955,5.24709994971)) ;
#4129=CARTESIAN_POINT('Control Point',(6.6434661491,0.603132312654,4.31794507075)) ;
#4130=CARTESIAN_POINT('Control Point',(6.41425131972,0.58074028951,4.40137243877)) ;
#4131=CARTESIAN_POINT('Control Point',(6.21059334273,0.558348266366,4.55501668167)) ;
#4132=CARTESIAN_POINT('Control Point',(6.06138588092,0.538756463906,4.76877889172)) ;
#4133=CARTESIAN_POINT('Control Point',(5.98718712926,0.524654732481,5.01320829163)) ;
#4134=CARTESIAN_POINT('Control Point',(5.98755966857,0.516970616143,5.25763769153)) ;
#4135=CARTESIAN_POINT('Control Point',(6.58618311409,1.,4.33879439042)) ;
#4136=CARTESIAN_POINT('Control Point',(6.35854150874,0.962790028595,4.42164915754)) ;
#4137=CARTESIAN_POINT('Control Point',(6.15658142404,0.925580057191,4.57506332278)) ;
#4138=CARTESIAN_POINT('Control Point',(6.00914136417,0.893061746978,4.78896385945)) ;
#4139=CARTESIAN_POINT('Control Point',(5.93664185176,0.869738900321,5.03372543533)) ;
#4140=CARTESIAN_POINT('Control Point',(5.93845993194,0.857142872925,5.27848701121)) ;
#4142=CARTESIAN_POINT('Control Point',(6.58618317924,-1.00000001509,4.33879436671)) ;
#4143=CARTESIAN_POINT('Control Point',(6.30163116954,-0.953487532356,4.44236282223)) ;
#4144=CARTESIAN_POINT('Control Point',(6.05868750582,-0.906727761371,4.6649564197)) ;
#4145=CARTESIAN_POINT('Control Point',(5.93618739337,-0.872887872068,4.97253501568)) ;
#4146=CARTESIAN_POINT('Control Point',(5.93845999795,-0.857142832182,5.27848698749)) ;
#4156=CARTESIAN_POINT('Control Point',(6.58618308695,-1.,4.3387944003)) ;
#4157=CARTESIAN_POINT('Control Point',(6.35854148386,-0.962790024527,4.4216491679)) ;
#4158=CARTESIAN_POINT('Control Point',(6.15658140132,-0.925580049055,4.57506333334)) ;
#4159=CARTESIAN_POINT('Control Point',(6.00914134309,-0.893061735267,4.78896386989)) ;
#4160=CARTESIAN_POINT('Control Point',(5.9366418315,-0.869738886004,5.03372544549)) ;
#4161=CARTESIAN_POINT('Control Point',(5.93845991166,-0.857142857143,5.27848702108)) ;
#4162=CARTESIAN_POINT('Control Point',(6.56927378913,-1.,4.34494888139)) ;
#4163=CARTESIAN_POINT('Control Point',(6.3454348569,-0.969047360457,4.43105854072)) ;
#4164=CARTESIAN_POINT('Control Point',(6.14656878306,-0.946891319627,4.58578056457)) ;
#4165=CARTESIAN_POINT('Control Point',(6.00022058049,-0.937349880258,4.7988947922)) ;
#4166=CARTESIAN_POINT('Control Point',(5.92605067024,-0.941610223148,5.04176814719)) ;
#4167=CARTESIAN_POINT('Control Point',(5.92396622782,-0.957558044403,5.28464150217)) ;
#4168=CARTESIAN_POINT('Control Point',(6.55548346889,-1.,4.34996814747)) ;
#4169=CARTESIAN_POINT('Control Point',(6.33478749169,-0.976459614521,4.43768312028)) ;
#4170=CARTESIAN_POINT('Control Point',(6.13795855894,-0.970020448095,4.59097225428)) ;
#4171=CARTESIAN_POINT('Control Point',(5.99141424867,-0.983536199845,4.79968374339)) ;
#4172=CARTESIAN_POINT('Control Point',(5.91428441794,-1.01511231209,5.03661175365)) ;
#4173=CARTESIAN_POINT('Control Point',(5.90711663526,-1.05928441743,5.2735397639)) ;
#4174=CARTESIAN_POINT('Control Point',(6.54561044531,-1.,4.35356163418)) ;
#4175=CARTESIAN_POINT('Control Point',(6.32714388951,-0.984701605384,4.44075017065)) ;
#4176=CARTESIAN_POINT('Control Point',(6.13109957399,-0.994021158929,4.58954332774)) ;
#4177=CARTESIAN_POINT('Control Point',(5.98297891337,-1.02981949044,4.79009593456)) ;
#4178=CARTESIAN_POINT('Control Point',(5.90161432311,-1.08745828244,5.01697677871)) ;
#4179=CARTESIAN_POINT('Control Point',(5.888272744,-1.15851696014,5.24385762287)) ;
#4180=CARTESIAN_POINT('Control Point',(6.54058918133,-1.,4.35538922481)) ;
#4181=CARTESIAN_POINT('Control Point',(6.32310763022,-0.992825938178,4.43962892975)) ;
#4182=CARTESIAN_POINT('Control Point',(6.12643655919,-1.01689491088,4.5810449588)) ;
#4183=CARTESIAN_POINT('Control Point',(5.97545462932,-1.07315276921,4.77029532512)) ;
#4184=CARTESIAN_POINT('Control Point',(5.88894763816,-1.15457165096,4.9838637706)) ;
#4185=CARTESIAN_POINT('Control Point',(5.86891522811,-1.25016268191,5.19743221607)) ;
#4186=CARTESIAN_POINT('Control Point',(6.54058918133,-1.,4.35538922481)) ;
#4187=CARTESIAN_POINT('Control Point',(6.32284585267,-1.,4.43464131515)) ;
#4188=CARTESIAN_POINT('Control Point',(6.1242101501,-1.03719519073,4.56639117671)) ;
#4189=CARTESIAN_POINT('Control Point',(5.96926858625,-1.11174594331,4.74194638616)) ;
#4190=CARTESIAN_POINT('Control Point',(5.87703518608,-1.21450358366,4.93976326565)) ;
#4191=CARTESIAN_POINT('Control Point',(5.85024290901,-1.33216286751,5.13758014515)) ;
#4193=CARTESIAN_POINT('Control Point',(6.54058918133,-1.,4.35538922481)) ;
#4194=CARTESIAN_POINT('Control Point',(6.26841002051,-1.,4.45445433774)) ;
#4195=CARTESIAN_POINT('Control Point',(6.02709050202,-1.0623634249,4.6419684628)) ;
#4196=CARTESIAN_POINT('Control Point',(5.88373325535,-1.1850887627,4.89030904578)) ;
#4197=CARTESIAN_POINT('Control Point',(5.85024290901,-1.33216286751,5.13758014515)) ;
#4198=CARTESIAN_POINT('Vertex',(6.54058918133,-1.,4.35538922481)) ;
#4202=CARTESIAN_POINT('Control Point',(6.58618308695,-1.,4.3387944003)) ;
#4203=CARTESIAN_POINT('Control Point',(6.57427524777,-1.,4.34312849932)) ;
#4204=CARTESIAN_POINT('Control Point',(6.56391418317,-1.,4.34689961842)) ;
#4205=CARTESIAN_POINT('Control Point',(6.55539152743,-1.,4.35000161143)) ;
#4206=CARTESIAN_POINT('Control Point',(6.54630687121,-1.,4.35330815588)) ;
#4207=CARTESIAN_POINT('Control Point',(6.54191081847,-1.,4.35490818823)) ;
#4208=CARTESIAN_POINT('Control Point',(6.54102847533,-1.,4.35522933487)) ;
#4209=CARTESIAN_POINT('Control Point',(6.54058918133,-1.,4.35538922481)) ;
#4210=CARTESIAN_POINT('Control Point',(6.54058918133,-1.,4.35538922481)) ;
#4220=CARTESIAN_POINT('Control Point',(6.54058918133,-1.,4.35538922481)) ;
#4221=CARTESIAN_POINT('Control Point',(6.26865329762,-0.999903656881,4.45421179834)) ;
#4222=CARTESIAN_POINT('Control Point',(6.0270590459,-1.06234404241,4.64194893115)) ;
#4223=CARTESIAN_POINT('Control Point',(5.8835277256,-1.1852083648,4.89057502315)) ;
#4224=CARTESIAN_POINT('Control Point',(5.85024290901,-1.33216286751,5.13758014515)) ;
#4225=CARTESIAN_POINT('Control Point',(6.54058918133,-1.,4.35538922481)) ;
#4226=CARTESIAN_POINT('Control Point',(6.26802538832,-1.01702494528,4.44232549647)) ;
#4227=CARTESIAN_POINT('Control Point',(6.02038593188,-1.11582865287,4.60297650124)) ;
#4228=CARTESIAN_POINT('Control Point',(5.86395822337,-1.28941129889,4.81364779343)) ;
#4229=CARTESIAN_POINT('Control Point',(5.81450240237,-1.4891186352,5.02301787102)) ;
#4230=CARTESIAN_POINT('Control Point',(6.55898579728,-1.,4.34869340419)) ;
#4231=CARTESIAN_POINT('Control Point',(6.28010279532,-1.02980492112,4.41440174531)) ;
#4232=CARTESIAN_POINT('Control Point',(6.02005505688,-1.15645514458,4.53712381272)) ;
#4233=CARTESIAN_POINT('Control Point',(5.84719958291,-1.3695502723,4.69870485887)) ;
#4234=CARTESIAN_POINT('Control Point',(5.78127228005,-1.61073564644,4.85926376303)) ;
#4235=CARTESIAN_POINT('Control Point',(6.59712896035,-1.,4.33481042819)) ;
#4236=CARTESIAN_POINT('Control Point',(6.30624873959,-1.03028769633,4.37364552801)) ;
#4237=CARTESIAN_POINT('Control Point',(6.02837306598,-1.17122206121,4.45394439111)) ;
#4238=CARTESIAN_POINT('Control Point',(5.83820873711,-1.41096967236,4.56316775952)) ;
#4239=CARTESIAN_POINT('Control Point',(5.75974696603,-1.68122137612,4.67158476251)) ;
#4240=CARTESIAN_POINT('Control Point',(6.64812066875,-1.,4.31625096414)) ;
#4241=CARTESIAN_POINT('Control Point',(6.34325108308,-1.01898507114,4.33193691789)) ;
#4242=CARTESIAN_POINT('Control Point',(6.04432750823,-1.16336700725,4.37064072539)) ;
#4243=CARTESIAN_POINT('Control Point',(5.83677137431,-1.42207773928,4.42624643091)) ;
#4244=CARTESIAN_POINT('Control Point',(5.749889085,-1.71428571429,4.48132837457)) ;
#4245=CARTESIAN_POINT('Control Point',(6.7082039325,-1.,4.29438244456)) ;
#4246=CARTESIAN_POINT('Control Point',(6.38843974251,-0.999686544404,4.29438244456)) ;
#4247=CARTESIAN_POINT('Control Point',(6.06563498641,-1.13790329379,4.29438244456)) ;
#4248=CARTESIAN_POINT('Control Point',(5.84094989299,-1.40776138458,4.29438244456)) ;
#4249=CARTESIAN_POINT('Control Point',(5.749889085,-1.71428571429,4.29438244456)) ;
#4251=CARTESIAN_POINT('Control Point',(6.7082039325,-1.,4.29438244456)) ;
#4252=CARTESIAN_POINT('Control Point',(6.38794277616,-1.,4.29438244456)) ;
#4253=CARTESIAN_POINT('Control Point',(6.06568047542,-1.1379643237,4.29438244456)) ;
#4254=CARTESIAN_POINT('Control Point',(5.84139227253,-1.40737469309,4.29438244456)) ;
#4255=CARTESIAN_POINT('Control Point',(5.749889085,-1.71428571429,4.29438244456)) ;
#4265=CARTESIAN_POINT('Axis2P3D Location',(6.7082039325,-2.,9.)) ;
#4270=CARTESIAN_POINT('Line Origine',(6.7082039325,-1.,9.)) ;
#4282=CARTESIAN_POINT('Axis2P3D Location',(6.7082039325,2.,9.)) ;
#4287=CARTESIAN_POINT('Line Origine',(6.7082039325,1.,9.)) ;
#4299=CARTESIAN_POINT('Axis2P3D Location',(11.5,-1.,3.5527136788E-015)) ;
#4304=CARTESIAN_POINT('Axis2P3D Location',(10.,-1.,1.5)) ;
#4308=CARTESIAN_POINT('Vertex',(11.4790199458,-1.,1.75)) ;
#4311=CARTESIAN_POINT('Axis2P3D Location',(10.,-1.,1.5)) ;
#4315=CARTESIAN_POINT('Vertex',(11.4790199458,-1.,1.25)) ;
#4318=CARTESIAN_POINT('Line Origine',(11.4790199458,-1.,1.5)) ;
#4336=CARTESIAN_POINT('Axis2P3D Location',(11.5,1.,4.55214759578)) ;
#4341=CARTESIAN_POINT('Axis2P3D Location',(10.,1.,1.5)) ;
#4345=CARTESIAN_POINT('Vertex',(11.4790199458,1.,1.25)) ;
#4348=CARTESIAN_POINT('Axis2P3D Location',(10.,1.,1.5)) ;
#4352=CARTESIAN_POINT('Vertex',(11.4790199458,1.,1.75)) ;
#4355=CARTESIAN_POINT('Line Origine',(11.4790199458,1.,1.5)) ;
#4373=CARTESIAN_POINT('Axis2P3D Location',(10.,0.,1.5)) ;
#4378=CARTESIAN_POINT('Line Origine',(11.4790199458,0.,1.75)) ;
#4390=CARTESIAN_POINT('Line Origine',(11.4790199458,0.,1.25)) ;
#4402=CARTESIAN_POINT('Axis2P3D Location',(11.4790199458,0.,1.75)) ;
#4424=CARTESIAN_POINT('NONE',(0.,0.,0.)) ;
#4425=CARTESIAN_POINT('NONE',(1.77649078225E-014,4.79625014425E-014,23.9110465332)) ;
#4441=CARTESIAN_POINT('Axis2P3D Location',(-14.,0.,0.)) ;
#4446=CARTESIAN_POINT('Line Origine',(-14.,0.,4.5)) ;
#4450=CARTESIAN_POINT('Vertex',(-14.,2.17944947177,4.5)) ;
#4452=CARTESIAN_POINT('Vertex',(-14.,-2.17944947177,4.5)) ;
#4455=CARTESIAN_POINT('Axis2P3D Location',(-14.,0.,0.)) ;
#4459=CARTESIAN_POINT('Vertex',(-14.,2.17944947177,-4.5)) ;
#4462=CARTESIAN_POINT('Line Origine',(-14.,0.,-4.5)) ;
#4466=CARTESIAN_POINT('Vertex',(-14.,-2.17944947177,-4.5)) ;
#4469=CARTESIAN_POINT('Axis2P3D Location',(-14.,0.,0.)) ;
#4480=CARTESIAN_POINT('Axis2P3D Location',(-14.,0.,0.)) ;
#4484=CARTESIAN_POINT('Vertex',(-14.,3.,0.)) ;
#4486=CARTESIAN_POINT('Vertex',(-14.,-3.,3.67381906147E-016)) ;
#4489=CARTESIAN_POINT('Axis2P3D Location',(-14.,0.,0.)) ;
#4499=CARTESIAN_POINT('Axis2P3D Location',(0.,0.,0.)) ;
#4504=CARTESIAN_POINT('Axis2P3D Location',(-9.,0.,0.)) ;
#4508=CARTESIAN_POINT('Vertex',(-9.,-3.,3.67381906147E-016)) ;
#4510=CARTESIAN_POINT('Vertex',(-9.,3.,-7.34763812293E-016)) ;
#4513=CARTESIAN_POINT('Line Origine',(0.,3.,-7.34763812293E-016)) ;
#4518=CARTESIAN_POINT('Line Origine',(0.,-3.,3.67381906147E-016)) ;
#4530=CARTESIAN_POINT('Axis2P3D Location',(-9.,0.,0.)) ;
#4542=CARTESIAN_POINT('Axis2P3D Location',(-6.,0.,0.)) ;
#4547=CARTESIAN_POINT('Axis2P3D Location',(-6.,0.,0.)) ;
#4551=CARTESIAN_POINT('Vertex',(-6.,3.,0.)) ;
#4553=CARTESIAN_POINT('Vertex',(-6.,-3.,3.67381906147E-016)) ;
#4556=CARTESIAN_POINT('Axis2P3D Location',(-6.,0.,0.)) ;
#4565=CARTESIAN_POINT('Axis2P3D Location',(-6.,0.,0.)) ;
#4569=CARTESIAN_POINT('Vertex',(-6.,1.5,0.)) ;
#4571=CARTESIAN_POINT('Vertex',(-6.,-1.5,1.83690953073E-016)) ;
#4574=CARTESIAN_POINT('Axis2P3D Location',(-6.,0.,0.)) ;
#4584=CARTESIAN_POINT('Axis2P3D Location',(-9.,0.,0.)) ;
#4593=CARTESIAN_POINT('Axis2P3D Location',(-9.,1.11022302463E-016,1.11022302463E-016)) ;
#4597=CARTESIAN_POINT('Vertex',(-9.,-1.5,1.83690953073E-016)) ;
#4599=CARTESIAN_POINT('Vertex',(-9.,1.5,0.)) ;
#4602=CARTESIAN_POINT('Axis2P3D Location',(-9.,-3.33066907388E-016,-3.33066907388E-016)) ;
#4612=CARTESIAN_POINT('Axis2P3D Location',(-16.,0.,0.)) ;
#4617=CARTESIAN_POINT('Line Origine',(-16.,-1.5,1.83690953073E-016)) ;
#4622=CARTESIAN_POINT('Line Origine',(-16.,1.5,-3.67381906147E-016)) ;
#4641=CARTESIAN_POINT('Axis2P3D Location',(-2.,0.,2.)) ;
#4646=CARTESIAN_POINT('Line Origine',(-2.,3.40932183623,-2.)) ;
#4650=CARTESIAN_POINT('Vertex',(-2.,4.58257569496,-2.)) ;
#4652=CARTESIAN_POINT('Vertex',(-2.,2.2360679775,-2.)) ;
#4655=CARTESIAN_POINT('Axis2P3D Location',(-2.,-1.7763568394E-015,-4.4408920985E-016)) ;
#4659=CARTESIAN_POINT('Vertex',(-2.,4.58257569496,2.)) ;
#4662=CARTESIAN_POINT('Line Origine',(-2.,3.40932183623,2.)) ;
#4666=CARTESIAN_POINT('Vertex',(-2.,2.2360679775,2.)) ;
#4669=CARTESIAN_POINT('Axis2P3D Location',(-2.,-6.66133814775E-016,-8.881784197E-016)) ;
#4673=CARTESIAN_POINT('Vertex',(-2.,3.,0.)) ;
#4676=CARTESIAN_POINT('Axis2P3D Location',(-2.,2.22044604925E-016,0.)) ;
#4689=CARTESIAN_POINT('Line Origine',(-2.,-3.40932183623,2.)) ;
#4693=CARTESIAN_POINT('Vertex',(-2.,-2.2360679775,2.)) ;
#4695=CARTESIAN_POINT('Vertex',(-2.,-4.58257569496,2.)) ;
#4698=CARTESIAN_POINT('Axis2P3D Location',(-2.,-8.881784197E-016,4.4408920985E-016)) ;
#4702=CARTESIAN_POINT('Vertex',(-2.,-4.58257569496,-2.)) ;
#4705=CARTESIAN_POINT('Line Origine',(-2.,-3.40932183623,-2.)) ;
#4709=CARTESIAN_POINT('Vertex',(-2.,-2.2360679775,-2.)) ;
#4712=CARTESIAN_POINT('Axis2P3D Location',(-2.,2.22044604925E-016,0.)) ;
#4716=CARTESIAN_POINT('Vertex',(-2.,-3.,3.67381906147E-016)) ;
#4719=CARTESIAN_POINT('Axis2P3D Location',(-2.,-6.66133814775E-016,-8.881784197E-016)) ;
#4732=CARTESIAN_POINT('Line Origine',(0.,2.2360679775,-2.)) ;
#4736=CARTESIAN_POINT('Vertex',(14.,2.2360679775,-2.)) ;
#4739=CARTESIAN_POINT('Line Origine',(0.,3.,-7.34763812293E-016)) ;
#4744=CARTESIAN_POINT('Line Origine',(0.,-3.,3.67381906147E-016)) ;
#4749=CARTESIAN_POINT('Line Origine',(0.,-2.2360679775,-2.)) ;
#4753=CARTESIAN_POINT('Vertex',(14.,-2.2360679775,-2.)) ;
#4756=CARTESIAN_POINT('Axis2P3D Location',(14.,0.,0.)) ;
#4772=CARTESIAN_POINT('Control Point',(12.,-4.4408920985E-016,-3.)) ;
#4773=CARTESIAN_POINT('Control Point',(12.,0.291826444106,-3.)) ;
#4774=CARTESIAN_POINT('Control Point',(11.9290311055,0.583651215458,-2.96451555272)) ;
#4775=CARTESIAN_POINT('Control Point',(11.78833512,0.843647489941,-2.89420926491)) ;
#4776=CARTESIAN_POINT('Control Point',(11.4696490732,1.20643606805,-2.75668748801)) ;
#4777=CARTESIAN_POINT('Control Point',(11.0374340676,1.42046912328,-2.64449400879)) ;
#4778=CARTESIAN_POINT('Control Point',(10.8475451697,1.47953006875,-2.60986032652)) ;
#4779=CARTESIAN_POINT('Control Point',(10.451420888,1.53149494895,-2.57993137754)) ;
#4780=CARTESIAN_POINT('Control Point',(10.0608587847,1.45451114481,-2.62429528773)) ;
#4781=CARTESIAN_POINT('Control Point',(9.87749589203,1.38483393414,-2.66388184304)) ;
#4782=CARTESIAN_POINT('Control Point',(9.47697940127,1.15601141016,-2.77884129918)) ;
#4783=CARTESIAN_POINT('Control Point',(9.18661896017,0.795135205777,-2.90673250618)) ;
#4784=CARTESIAN_POINT('Control Point',(9.06244986501,0.547501361135,-2.96877506747)) ;
#4785=CARTESIAN_POINT('Control Point',(9.,0.273751416546,-3.)) ;
#4786=CARTESIAN_POINT('Control Point',(9.,-5.55111512313E-016,-3.)) ;
#4787=CARTESIAN_POINT('Vertex',(12.,0.,-3.)) ;
#4789=CARTESIAN_POINT('Vertex',(9.,1.83690953073E-016,-3.)) ;
#4793=CARTESIAN_POINT('Control Point',(9.,-4.4408920985E-016,-3.)) ;
#4794=CARTESIAN_POINT('Control Point',(9.,-0.291826444106,-3.)) ;
#4795=CARTESIAN_POINT('Control Point',(9.07096889452,-0.583651215459,-2.96451555272)) ;
#4796=CARTESIAN_POINT('Control Point',(9.21166487999,-0.84364748994,-2.89420926492)) ;
#4797=CARTESIAN_POINT('Control Point',(9.53035092681,-1.20643606805,-2.75668748801)) ;
#4798=CARTESIAN_POINT('Control Point',(9.96256593243,-1.42046912328,-2.64449400879)) ;
#4799=CARTESIAN_POINT('Control Point',(10.1524548303,-1.47953006875,-2.60986032652)) ;
#4800=CARTESIAN_POINT('Control Point',(10.548579112,-1.53149494895,-2.57993137754)) ;
#4801=CARTESIAN_POINT('Control Point',(10.9391412153,-1.45451114481,-2.62429528773)) ;
#4802=CARTESIAN_POINT('Control Point',(11.122504108,-1.38483393414,-2.66388184304)) ;
#4803=CARTESIAN_POINT('Control Point',(11.5230205987,-1.15601141016,-2.77884129918)) ;
#4804=CARTESIAN_POINT('Control Point',(11.8133810398,-0.795135205774,-2.90673250619)) ;
#4805=CARTESIAN_POINT('Control Point',(11.937550135,-0.54750136114,-2.96877506747)) ;
#4806=CARTESIAN_POINT('Control Point',(12.,-0.273751416549,-3.)) ;
#4807=CARTESIAN_POINT('Control Point',(12.,2.05668500775E-015,-3.)) ;
#4814=CARTESIAN_POINT('Control Point',(4.,-3.33066907388E-016,-3.)) ;
#4815=CARTESIAN_POINT('Control Point',(4.,0.291826444106,-3.)) ;
#4816=CARTESIAN_POINT('Control Point',(3.92903110548,0.583651215458,-2.96451555272)) ;
#4817=CARTESIAN_POINT('Control Point',(3.78833512001,0.843647489941,-2.89420926491)) ;
#4818=CARTESIAN_POINT('Control Point',(3.46964907319,1.20643606805,-2.75668748801)) ;
#4819=CARTESIAN_POINT('Control Point',(3.03743406757,1.42046912328,-2.64449400879)) ;
#4820=CARTESIAN_POINT('Control Point',(2.84754516974,1.47953006875,-2.60986032652)) ;
#4821=CARTESIAN_POINT('Control Point',(2.45142088802,1.53149494895,-2.57993137754)) ;
#4822=CARTESIAN_POINT('Control Point',(2.0608587847,1.45451114481,-2.62429528773)) ;
#4823=CARTESIAN_POINT('Control Point',(1.87749589203,1.38483393414,-2.66388184304)) ;
#4824=CARTESIAN_POINT('Control Point',(1.47697940127,1.15601141015,-2.77884129918)) ;
#4825=CARTESIAN_POINT('Control Point',(1.18661896016,0.795135205773,-2.90673250619)) ;
#4826=CARTESIAN_POINT('Control Point',(1.06244986501,0.547501361141,-2.96877506747)) ;
#4827=CARTESIAN_POINT('Control Point',(1.,0.273751416549,-3.)) ;
#4828=CARTESIAN_POINT('Control Point',(1.,-5.02372773272E-016,-3.)) ;
#4829=CARTESIAN_POINT('Vertex',(4.,0.,-3.)) ;
#4831=CARTESIAN_POINT('Vertex',(1.,1.83690953073E-016,-3.)) ;
#4835=CARTESIAN_POINT('Control Point',(1.,-4.4408920985E-016,-3.)) ;
#4836=CARTESIAN_POINT('Control Point',(1.,-0.291826444106,-3.)) ;
#4837=CARTESIAN_POINT('Control Point',(1.07096889452,-0.583651215459,-2.96451555272)) ;
#4838=CARTESIAN_POINT('Control Point',(1.21166487999,-0.84364748994,-2.89420926492)) ;
#4839=CARTESIAN_POINT('Control Point',(1.53035092681,-1.20643606805,-2.75668748801)) ;
#4840=CARTESIAN_POINT('Control Point',(1.96256593243,-1.42046912328,-2.64449400879)) ;
#4841=CARTESIAN_POINT('Control Point',(2.15245483027,-1.47953006875,-2.60986032652)) ;
#4842=CARTESIAN_POINT('Control Point',(2.54857911199,-1.53149494895,-2.57993137754)) ;
#4843=CARTESIAN_POINT('Control Point',(2.9391412153,-1.45451114481,-2.62429528773)) ;
#4844=CARTESIAN_POINT('Control Point',(3.12250410797,-1.38483393414,-2.66388184304)) ;
#4845=CARTESIAN_POINT('Control Point',(3.52302059873,-1.15601141016,-2.77884129918)) ;
#4846=CARTESIAN_POINT('Control Point',(3.81338103983,-0.795135205773,-2.90673250619)) ;
#4847=CARTESIAN_POINT('Control Point',(3.93755013499,-0.54750136114,-2.96877506747)) ;
#4848=CARTESIAN_POINT('Control Point',(4.,-0.273751416549,-3.)) ;
#4849=CARTESIAN_POINT('Control Point',(4.,-5.55111512313E-016,-3.)) ;
#4856=CARTESIAN_POINT('Line Origine',(0.,-2.2360679775,2.)) ;
#4860=CARTESIAN_POINT('Vertex',(14.,-2.2360679775,2.)) ;
#4863=CARTESIAN_POINT('Line Origine',(0.,2.2360679775,2.)) ;
#4867=CARTESIAN_POINT('Vertex',(14.,2.2360679775,2.)) ;
#4870=CARTESIAN_POINT('Axis2P3D Location',(14.,0.,0.)) ;
#4886=CARTESIAN_POINT('Control Point',(9.,-4.4408920985E-016,3.)) ;
#4887=CARTESIAN_POINT('Control Point',(9.,-0.291826444105,3.)) ;
#4888=CARTESIAN_POINT('Control Point',(9.07096889452,-0.583651215457,2.96451555272)) ;
#4889=CARTESIAN_POINT('Control Point',(9.21166487999,-0.843647489942,2.89420926491)) ;
#4890=CARTESIAN_POINT('Control Point',(9.53035092681,-1.20643606805,2.75668748801)) ;
#4891=CARTESIAN_POINT('Control Point',(9.96256593243,-1.42046912328,2.64449400879)) ;
#4892=CARTESIAN_POINT('Control Point',(10.1524548303,-1.47953006875,2.60986032652)) ;
#4893=CARTESIAN_POINT('Control Point',(10.548579112,-1.53149494895,2.57993137754)) ;
#4894=CARTESIAN_POINT('Control Point',(10.9391412153,-1.45451114481,2.62429528773)) ;
#4895=CARTESIAN_POINT('Control Point',(11.122504108,-1.38483393414,2.66388184305)) ;
#4896=CARTESIAN_POINT('Control Point',(11.5230205987,-1.15601141015,2.77884129918)) ;
#4897=CARTESIAN_POINT('Control Point',(11.8133810398,-0.795135205768,2.90673250619)) ;
#4898=CARTESIAN_POINT('Control Point',(11.937550135,-0.547501361146,2.96877506747)) ;
#4899=CARTESIAN_POINT('Control Point',(12.,-0.273751416552,3.)) ;
#4900=CARTESIAN_POINT('Control Point',(12.,-4.4408920985E-016,3.)) ;
#4901=CARTESIAN_POINT('Vertex',(9.,1.83690953073E-016,3.)) ;
#4903=CARTESIAN_POINT('Vertex',(12.,0.,3.)) ;
#4907=CARTESIAN_POINT('Control Point',(12.,1.11022302463E-016,3.)) ;
#4908=CARTESIAN_POINT('Control Point',(12.,0.291826444105,3.)) ;
#4909=CARTESIAN_POINT('Control Point',(11.9290311055,0.583651215458,2.96451555272)) ;
#4910=CARTESIAN_POINT('Control Point',(11.78833512,0.843647489941,2.89420926491)) ;
#4911=CARTESIAN_POINT('Control Point',(11.4696490732,1.20643606805,2.75668748801)) ;
#4912=CARTESIAN_POINT('Control Point',(11.0374340676,1.42046912328,2.64449400879)) ;
#4913=CARTESIAN_POINT('Control Point',(10.8475451697,1.47953006875,2.60986032652)) ;
#4914=CARTESIAN_POINT('Control Point',(10.451420888,1.53149494895,2.57993137754)) ;
#4915=CARTESIAN_POINT('Control Point',(10.0608587847,1.45451114481,2.62429528773)) ;
#4916=CARTESIAN_POINT('Control Point',(9.87749589203,1.38483393414,2.66388184304)) ;
#4917=CARTESIAN_POINT('Control Point',(9.47697940127,1.15601141015,2.77884129918)) ;
#4918=CARTESIAN_POINT('Control Point',(9.18661896016,0.795135205767,2.90673250619)) ;
#4919=CARTESIAN_POINT('Control Point',(9.06244986501,0.547501361149,2.96877506747)) ;
#4920=CARTESIAN_POINT('Control Point',(9.,0.273751416553,3.)) ;
#4921=CARTESIAN_POINT('Control Point',(9.,3.33066907388E-016,3.)) ;
#4928=CARTESIAN_POINT('Control Point',(1.,1.11022302463E-016,3.)) ;
#4929=CARTESIAN_POINT('Control Point',(1.,-0.291826444106,3.)) ;
#4930=CARTESIAN_POINT('Control Point',(1.07096889452,-0.583651215458,2.96451555272)) ;
#4931=CARTESIAN_POINT('Control Point',(1.21166487999,-0.843647489942,2.89420926491)) ;
#4932=CARTESIAN_POINT('Control Point',(1.53035092681,-1.20643606805,2.75668748801)) ;
#4933=CARTESIAN_POINT('Control Point',(1.96256593243,-1.42046912328,2.64449400879)) ;
#4934=CARTESIAN_POINT('Control Point',(2.15245483027,-1.47953006875,2.60986032652)) ;
#4935=CARTESIAN_POINT('Control Point',(2.54857911199,-1.53149494895,2.57993137754)) ;
#4936=CARTESIAN_POINT('Control Point',(2.9391412153,-1.45451114481,2.62429528773)) ;
#4937=CARTESIAN_POINT('Control Point',(3.12250410797,-1.38483393414,2.66388184304)) ;
#4938=CARTESIAN_POINT('Control Point',(3.52302059873,-1.15601141015,2.77884129918)) ;
#4939=CARTESIAN_POINT('Control Point',(3.81338103984,-0.795135205773,2.90673250619)) ;
#4940=CARTESIAN_POINT('Control Point',(3.93755013499,-0.547501361141,2.96877506747)) ;
#4941=CARTESIAN_POINT('Control Point',(4.,-0.273751416549,3.)) ;
#4942=CARTESIAN_POINT('Control Point',(4.,2.22044604925E-016,3.)) ;
#4943=CARTESIAN_POINT('Vertex',(1.,1.83690953073E-016,3.)) ;
#4945=CARTESIAN_POINT('Vertex',(4.,0.,3.)) ;
#4949=CARTESIAN_POINT('Control Point',(4.,3.33066907388E-016,3.)) ;
#4950=CARTESIAN_POINT('Control Point',(4.,0.291826444106,3.)) ;
#4951=CARTESIAN_POINT('Control Point',(3.92903110548,0.583651215458,2.96451555272)) ;
#4952=CARTESIAN_POINT('Control Point',(3.78833512001,0.843647489941,2.89420926492)) ;
#4953=CARTESIAN_POINT('Control Point',(3.46964907319,1.20643606805,2.75668748801)) ;
#4954=CARTESIAN_POINT('Control Point',(3.03743406757,1.42046912328,2.64449400879)) ;
#4955=CARTESIAN_POINT('Control Point',(2.84754516973,1.47953006875,2.60986032652)) ;
#4956=CARTESIAN_POINT('Control Point',(2.45142088801,1.53149494895,2.57993137754)) ;
#4957=CARTESIAN_POINT('Control Point',(2.0608587847,1.45451114481,2.62429528773)) ;
#4958=CARTESIAN_POINT('Control Point',(1.87749589203,1.38483393414,2.66388184304)) ;
#4959=CARTESIAN_POINT('Control Point',(1.47697940127,1.15601141016,2.77884129918)) ;
#4960=CARTESIAN_POINT('Control Point',(1.18661896017,0.795135205777,2.90673250618)) ;
#4961=CARTESIAN_POINT('Control Point',(1.06244986501,0.547501361135,2.96877506747)) ;
#4962=CARTESIAN_POINT('Control Point',(1.,0.273751416546,3.)) ;
#4963=CARTESIAN_POINT('Control Point',(1.,1.11022302463E-016,3.)) ;
#4970=CARTESIAN_POINT('Axis2P3D Location',(0.,-2.17944947177,-4.5)) ;
#4975=CARTESIAN_POINT('Line Origine',(0.,-2.17944947177,-4.5)) ;
#4979=CARTESIAN_POINT('Vertex',(14.,-2.17944947177,-4.5)) ;
#4982=CARTESIAN_POINT('Line Origine',(0.,2.17944947177,-4.5)) ;
#4986=CARTESIAN_POINT('Vertex',(14.,2.17944947177,-4.5)) ;
#4989=CARTESIAN_POINT('Line Origine',(14.,0.,-4.5)) ;
#5000=CARTESIAN_POINT('Axis2P3D Location',(10.5,-4.4408920985E-016,-4.5)) ;
#5004=CARTESIAN_POINT('Vertex',(9.,1.83690953073E-016,-4.5)) ;
#5006=CARTESIAN_POINT('Vertex',(12.,0.,-4.5)) ;
#5009=CARTESIAN_POINT('Axis2P3D Location',(10.5,4.4408920985E-016,-4.5)) ;
#5018=CARTESIAN_POINT('Axis2P3D Location',(2.5,-4.4408920985E-016,-4.5)) ;
#5022=CARTESIAN_POINT('Vertex',(1.,1.83690953073E-016,-4.5)) ;
#5024=CARTESIAN_POINT('Vertex',(4.,0.,-4.5)) ;
#5027=CARTESIAN_POINT('Axis2P3D Location',(2.5,4.4408920985E-016,-4.5)) ;
#5037=CARTESIAN_POINT('Axis2P3D Location',(0.,-2.17944947177,4.5)) ;
#5042=CARTESIAN_POINT('Line Origine',(0.,2.17944947177,4.5)) ;
#5046=CARTESIAN_POINT('Vertex',(14.,2.17944947177,4.5)) ;
#5049=CARTESIAN_POINT('Line Origine',(0.,-2.17944947177,4.5)) ;
#5053=CARTESIAN_POINT('Vertex',(14.,-2.17944947177,4.5)) ;
#5056=CARTESIAN_POINT('Line Origine',(14.,0.,4.5)) ;
#5067=CARTESIAN_POINT('Axis2P3D Location',(10.5,0.,4.5)) ;
#5071=CARTESIAN_POINT('Vertex',(9.,1.83690953073E-016,4.5)) ;
#5073=CARTESIAN_POINT('Vertex',(12.,0.,4.5)) ;
#5076=CARTESIAN_POINT('Axis2P3D Location',(10.5,0.,4.5)) ;
#5085=CARTESIAN_POINT('Axis2P3D Location',(2.5,0.,4.5)) ;
#5089=CARTESIAN_POINT('Vertex',(1.,1.83690953073E-016,4.5)) ;
#5091=CARTESIAN_POINT('Vertex',(4.,0.,4.5)) ;
#5094=CARTESIAN_POINT('Axis2P3D Location',(2.5,0.,4.5)) ;
#5104=CARTESIAN_POINT('Axis2P3D Location',(10.5,0.,-5.5)) ;
#5109=CARTESIAN_POINT('Line Origine',(12.,-3.67381906147E-016,-5.5)) ;
#5114=CARTESIAN_POINT('Line Origine',(9.,1.83690953073E-016,-5.5)) ;
#5133=CARTESIAN_POINT('Axis2P3D Location',(2.5,0.,-5.5)) ;
#5138=CARTESIAN_POINT('Line Origine',(4.,-3.67381906147E-016,-5.5)) ;
#5143=CARTESIAN_POINT('Line Origine',(1.,1.83690953073E-016,-5.5)) ;
#5162=CARTESIAN_POINT('Line Origine',(1.,1.83690953073E-016,-5.5)) ;
#5167=CARTESIAN_POINT('Line Origine',(4.,-3.67381906147E-016,-5.5)) ;
#5186=CARTESIAN_POINT('Line Origine',(9.,1.83690953073E-016,-5.5)) ;
#5191=CARTESIAN_POINT('Line Origine',(12.,-3.67381906147E-016,-5.5)) ;
#5210=CARTESIAN_POINT('Axis2P3D Location',(14.,0.,2.)) ;
#5215=CARTESIAN_POINT('Axis2P3D Location',(12.,-2.58257569496,2.)) ;
#5219=CARTESIAN_POINT('Vertex',(12.,-4.58257569496,2.)) ;
#5221=CARTESIAN_POINT('Vertex',(14.,-2.58257569496,2.)) ;
#5224=CARTESIAN_POINT('Line Origine',(5.,-4.58257569496,2.)) ;
#5229=CARTESIAN_POINT('Line Origine',(14.,-2.40932183623,2.)) ;
#5242=CARTESIAN_POINT('Axis2P3D Location',(-2.,0.,-2.)) ;
#5247=CARTESIAN_POINT('Axis2P3D Location',(12.,-2.58257569496,-2.)) ;
#5251=CARTESIAN_POINT('Vertex',(14.,-2.58257569496,-2.)) ;
#5253=CARTESIAN_POINT('Vertex',(12.,-4.58257569496,-2.)) ;
#5256=CARTESIAN_POINT('Line Origine',(14.,-2.40932183623,-2.)) ;
#5261=CARTESIAN_POINT('Line Origine',(5.,-4.58257569496,-2.)) ;
#5274=CARTESIAN_POINT('Axis2P3D Location',(12.,2.58257569496,-2.)) ;
#5278=CARTESIAN_POINT('Vertex',(12.,4.58257569496,-2.)) ;
#5280=CARTESIAN_POINT('Vertex',(14.,2.58257569496,-2.)) ;
#5283=CARTESIAN_POINT('Line Origine',(5.,4.58257569496,-2.)) ;
#5288=CARTESIAN_POINT('Line Origine',(14.,2.40932183623,-2.)) ;
#5301=CARTESIAN_POINT('Axis2P3D Location',(12.,2.58257569496,2.)) ;
#5305=CARTESIAN_POINT('Vertex',(14.,2.58257569496,2.)) ;
#5307=CARTESIAN_POINT('Vertex',(12.,4.58257569496,2.)) ;
#5310=CARTESIAN_POINT('Line Origine',(14.,2.40932183623,2.)) ;
#5315=CARTESIAN_POINT('Line Origine',(5.,4.58257569496,2.)) ;
#5328=CARTESIAN_POINT('Axis2P3D Location',(0.,0.,0.)) ;
#5334=CARTESIAN_POINT('Control Point',(14.,-2.58257569496,-4.28139028586)) ;
#5335=CARTESIAN_POINT('Control Point',(14.,-2.92468947335,-4.07502397258)) ;
#5336=CARTESIAN_POINT('Control Point',(13.9268494757,-3.24618975496,-3.83448646952)) ;
#5337=CARTESIAN_POINT('Control Point',(13.7989944698,-3.52784243692,-3.57264568231)) ;
#5338=CARTESIAN_POINT('Control Point',(13.5620471491,-3.87836574332,-3.18124099573)) ;
#5339=CARTESIAN_POINT('Control Point',(13.2478258846,-4.15309083161,-2.78966769779)) ;
#5340=CARTESIAN_POINT('Control Point',(13.1465162644,-4.22869262501,-2.67319614846)) ;
#5341=CARTESIAN_POINT('Control Point',(12.9858854172,-4.3302204867,-2.50428853897)) ;
#5342=CARTESIAN_POINT('Control Point',(12.8051735919,-4.41504911566,-2.34779726084)) ;
#5343=CARTESIAN_POINT('Control Point',(12.7446911431,-4.44055309767,-2.29907381439)) ;
#5344=CARTESIAN_POINT('Control Point',(12.5783908918,-4.50267763281,-2.17642031582)) ;
#5345=CARTESIAN_POINT('Control Point',(12.3923670505,-4.54926942228,-2.0761369453)) ;
#5346=CARTESIAN_POINT('Control Point',(12.2675177143,-4.5713934468,-2.02562174932)) ;
#5347=CARTESIAN_POINT('Control Point',(12.1337594749,-4.58257569496,-2.)) ;
#5348=CARTESIAN_POINT('Control Point',(12.,-4.58257569496,-2.)) ;
#5349=CARTESIAN_POINT('Vertex',(14.,-2.58257569496,-4.28139028586)) ;
#5353=CARTESIAN_POINT('Control Point',(14.,-2.58257569496,4.28139028586)) ;
#5354=CARTESIAN_POINT('Control Point',(14.,-2.92468947335,4.07502397258)) ;
#5355=CARTESIAN_POINT('Control Point',(13.9268494757,-3.24618975496,3.83448646952)) ;
#5356=CARTESIAN_POINT('Control Point',(13.7989944698,-3.52784243693,3.57264568231)) ;
#5357=CARTESIAN_POINT('Control Point',(13.5620471491,-3.87836574332,3.18124099573)) ;
#5358=CARTESIAN_POINT('Control Point',(13.2478258846,-4.15309083161,2.78966769779)) ;
#5359=CARTESIAN_POINT('Control Point',(13.1465162644,-4.22869262502,2.67319614845)) ;
#5360=CARTESIAN_POINT('Control Point',(12.9858854172,-4.3302204867,2.50428853897)) ;
#5361=CARTESIAN_POINT('Control Point',(12.8051735919,-4.41504911566,2.34779726084)) ;
#5362=CARTESIAN_POINT('Control Point',(12.7446911431,-4.44055309767,2.29907381439)) ;
#5363=CARTESIAN_POINT('Control Point',(12.5783908918,-4.50267763281,2.17642031582)) ;
#5364=CARTESIAN_POINT('Control Point',(12.3923670505,-4.54926942228,2.0761369453)) ;
#5365=CARTESIAN_POINT('Control Point',(12.2675177143,-4.5713934468,2.02562174932)) ;
#5366=CARTESIAN_POINT('Control Point',(12.1337594749,-4.58257569496,2.)) ;
#5367=CARTESIAN_POINT('Control Point',(12.,-4.58257569496,2.)) ;
#5368=CARTESIAN_POINT('Vertex',(14.,-2.58257569496,4.28139028586)) ;
#5371=CARTESIAN_POINT('Axis2P3D Location',(14.,0.,0.)) ;
#5376=CARTESIAN_POINT('Axis2P3D Location',(14.,0.,0.)) ;
#5394=CARTESIAN_POINT('Axis2P3D Location',(14.,0.,0.)) ;
#5399=CARTESIAN_POINT('Line Origine',(14.,2.58257569496,-3.14069514293)) ;
#5403=CARTESIAN_POINT('Vertex',(14.,2.58257569496,-4.28139028586)) ;
#5406=CARTESIAN_POINT('Line Origine',(14.,-2.58257569496,-3.14069514293)) ;
#5411=CARTESIAN_POINT('Axis2P3D Location',(14.,0.,0.)) ;
#5427=CARTESIAN_POINT('Axis2P3D Location',(14.,0.,0.)) ;
#5431=CARTESIAN_POINT('Vertex',(14.,2.58257569496,4.28139028586)) ;
#5434=CARTESIAN_POINT('Line Origine',(14.,-2.58257569496,3.14069514293)) ;
#5439=CARTESIAN_POINT('Line Origine',(14.,2.58257569496,3.14069514293)) ;
#5455=CARTESIAN_POINT('Axis2P3D Location',(0.,0.,0.)) ;
#5461=CARTESIAN_POINT('Control Point',(14.,2.58257569496,4.28139028586)) ;
#5462=CARTESIAN_POINT('Control Point',(14.,2.92468947335,4.07502397258)) ;
#5463=CARTESIAN_POINT('Control Point',(13.9268494757,3.24618975496,3.83448646952)) ;
#5464=CARTESIAN_POINT('Control Point',(13.7989944698,3.52784243692,3.57264568231)) ;
#5465=CARTESIAN_POINT('Control Point',(13.5620471491,3.87836574333,3.18124099573)) ;
#5466=CARTESIAN_POINT('Control Point',(13.2478258846,4.15309083161,2.78966769779)) ;
#5467=CARTESIAN_POINT('Control Point',(13.1465162644,4.22869262501,2.67319614846)) ;
#5468=CARTESIAN_POINT('Control Point',(12.9858854173,4.3302204867,2.50428853897)) ;
#5469=CARTESIAN_POINT('Control Point',(12.8051735919,4.41504911566,2.34779726084)) ;
#5470=CARTESIAN_POINT('Control Point',(12.7446911431,4.44055309767,2.29907381439)) ;
#5471=CARTESIAN_POINT('Control Point',(12.5783908917,4.50267763282,2.17642031582)) ;
#5472=CARTESIAN_POINT('Control Point',(12.3923670505,4.54926942228,2.07613694529)) ;
#5473=CARTESIAN_POINT('Control Point',(12.2675177143,4.57139344679,2.02562174932)) ;
#5474=CARTESIAN_POINT('Control Point',(12.1337594749,4.58257569496,2.)) ;
#5475=CARTESIAN_POINT('Control Point',(12.,4.58257569496,2.)) ;
#5478=CARTESIAN_POINT('Control Point',(14.,2.58257569496,-4.28139028586)) ;
#5479=CARTESIAN_POINT('Control Point',(14.,2.92468947335,-4.07502397258)) ;
#5480=CARTESIAN_POINT('Control Point',(13.9268494757,3.24618975496,-3.83448646952)) ;
#5481=CARTESIAN_POINT('Control Point',(13.7989944698,3.52784243692,-3.57264568231)) ;
#5482=CARTESIAN_POINT('Control Point',(13.5620471491,3.87836574332,-3.18124099573)) ;
#5483=CARTESIAN_POINT('Control Point',(13.2478258846,4.15309083161,-2.78966769779)) ;
#5484=CARTESIAN_POINT('Control Point',(13.1465162644,4.22869262501,-2.67319614846)) ;
#5485=CARTESIAN_POINT('Control Point',(12.9858854172,4.3302204867,-2.50428853897)) ;
#5486=CARTESIAN_POINT('Control Point',(12.8051735919,4.41504911566,-2.34779726084)) ;
#5487=CARTESIAN_POINT('Control Point',(12.7446911431,4.44055309767,-2.29907381439)) ;
#5488=CARTESIAN_POINT('Control Point',(12.5783908918,4.50267763281,-2.17642031582)) ;
#5489=CARTESIAN_POINT('Control Point',(12.3923670505,4.54926942228,-2.0761369453)) ;
#5490=CARTESIAN_POINT('Control Point',(12.2675177143,4.5713934468,-2.02562174932)) ;
#5491=CARTESIAN_POINT('Control Point',(12.1337594749,4.58257569496,-2.)) ;
#5492=CARTESIAN_POINT('Control Point',(12.,4.58257569496,-2.)) ;
#5507=CARTESIAN_POINT('Axis2P3D Location',(12.,2.58257569496,0.)) ;
#5518=CARTESIAN_POINT('Axis2P3D Location',(12.,-2.58257569496,0.)) ;
#5551=CARTESIAN_POINT('NONE',(0.,0.,0.)) ;
#5552=CARTESIAN_POINT('NONE',(-24.6198827021,9.80364094278,46.9110465332)) ;
#5566=CARTESIAN_POINT('NONE',(0.,0.,0.)) ;
#5567=CARTESIAN_POINT('NONE',(14.1554679406,-22.402516095,46.9110465332)) ;
#5579=CARTESIAN_POINT('NONE',(0.,0.,0.)) ;
#5580=CARTESIAN_POINT('NONE',(25.6803390704,6.53989183601,46.9110465332)) ;
#5592=CARTESIAN_POINT('NONE',(0.,0.,0.)) ;
#5593=CARTESIAN_POINT('NONE',(1.71585444758,26.4443915323,46.9110465332)) ;
#5605=CARTESIAN_POINT('NONE',(0.,0.,0.)) ;
#5606=CARTESIAN_POINT('NONE',(-16.9317787565,-20.3854082162,46.9110465332)) ;
#5620=CARTESIAN_POINT('Axis2P3D Location',(-3.21362909031,0.,-3.83048144101)) ;
#5625=CARTESIAN_POINT('Line Origine',(-3.21362909031,0.,-3.83048144101)) ;
#5629=CARTESIAN_POINT('Vertex',(-3.21362909031,-2.5,-3.83048144101)) ;
#5631=CARTESIAN_POINT('Vertex',(-3.21362909031,2.5,-3.83048144101)) ;
#5634=CARTESIAN_POINT('Line Origine',(-7.03433972431,-2.5,-2.43985649649)) ;
#5638=CARTESIAN_POINT('Vertex',(-10.8550503583,-2.5,-1.04923155196)) ;
#5641=CARTESIAN_POINT('Line Origine',(-10.8550503583,0.,-1.04923155196)) ;
#5645=CARTESIAN_POINT('Vertex',(-10.8550503583,2.5,-1.04923155196)) ;
#5648=CARTESIAN_POINT('Line Origine',(-7.03433972431,2.5,-2.43985649649)) ;
#5660=CARTESIAN_POINT('Axis2P3D Location',(-10.,0.,1.3)) ;
#5665=CARTESIAN_POINT('Axis2P3D Location',(-10.,-2.5,1.3)) ;
#5669=CARTESIAN_POINT('Vertex',(-10.,-2.5,3.8)) ;
#5672=CARTESIAN_POINT('Line Origine',(-10.,0.,3.8)) ;
#5676=CARTESIAN_POINT('Vertex',(-10.,2.5,3.8)) ;
#5679=CARTESIAN_POINT('Axis2P3D Location',(-10.,2.5,1.3)) ;
#5691=CARTESIAN_POINT('Axis2P3D Location',(-3.24961536185,0.,3.8)) ;
#5696=CARTESIAN_POINT('Line Origine',(-6.62480768093,-2.5,3.8)) ;
#5700=CARTESIAN_POINT('Vertex',(-3.24961536185,-2.5,3.8)) ;
#5703=CARTESIAN_POINT('Line Origine',(-3.24961536185,0.,3.8)) ;
#5707=CARTESIAN_POINT('Vertex',(-3.24961536185,2.5,3.8)) ;
#5710=CARTESIAN_POINT('Line Origine',(-6.62480768093,2.5,3.8)) ;
#5722=CARTESIAN_POINT('Axis2P3D Location',(0.,0.,0.)) ;
#5727=CARTESIAN_POINT('Axis2P3D Location',(0.,-2.5,0.)) ;
#5732=CARTESIAN_POINT('Axis2P3D Location',(0.,2.5,0.)) ;
#5744=CARTESIAN_POINT('Axis2P3D Location',(-10.,0.,1.3)) ;
#5749=CARTESIAN_POINT('Axis2P3D Location',(-10.,2.5,1.3)) ;
#5753=CARTESIAN_POINT('Vertex',(-8.5,2.5,1.3)) ;
#5755=CARTESIAN_POINT('Vertex',(-11.5,2.5,1.3)) ;
#5758=CARTESIAN_POINT('Line Origine',(-11.5,0.,1.3)) ;
#5762=CARTESIAN_POINT('Vertex',(-11.5,-2.5,1.3)) ;
#5765=CARTESIAN_POINT('Axis2P3D Location',(-10.,-2.5,1.3)) ;
#5769=CARTESIAN_POINT('Vertex',(-8.5,-2.5,1.3)) ;
#5772=CARTESIAN_POINT('Line Origine',(-8.5,0.,1.3)) ;
#5784=CARTESIAN_POINT('Axis2P3D Location',(-10.,2.5,1.3)) ;
#5789=CARTESIAN_POINT('Axis2P3D Location',(-10.,-2.5,1.3)) ;
#5801=CARTESIAN_POINT('Axis2P3D Location',(0.,-2.5,0.)) ;
#5817=CARTESIAN_POINT('Axis2P3D Location',(0.,2.5,0.)) ;
#5843=CARTESIAN_POINT('NONE',(0.,0.,0.)) ;
#5844=CARTESIAN_POINT('NONE',(-10.2229607586,-12.3081709984,46.9110465332)) ;
#5858=CARTESIAN_POINT('NONE',(0.,0.,0.)) ;
#5859=CARTESIAN_POINT('NONE',(8.54669762454,-13.5260474536,46.9110465332)) ;
#5871=CARTESIAN_POINT('NONE',(0.,0.,0.)) ;
#5872=CARTESIAN_POINT('NONE',(15.5051103822,3.94861393873,46.9110465332)) ;
#5884=CARTESIAN_POINT('NONE',(0.,0.,0.)) ;
#5885=CARTESIAN_POINT('NONE',(1.03598759099,15.9664250761,46.9110465332)) ;
#5897=CARTESIAN_POINT('NONE',(0.,0.,0.)) ;
#5898=CARTESIAN_POINT('NONE',(-14.864834839,5.91917943715,46.9110465332)) ;
#5912=CARTESIAN_POINT('Axis2P3D Location',(0.,5.,0.)) ;
#5917=CARTESIAN_POINT('Line Origine',(-5.16830941432,1.88111078829,0.)) ;
#5921=CARTESIAN_POINT('Vertex',(-4.69846310393,1.71010071663,0.)) ;
#5923=CARTESIAN_POINT('Vertex',(-5.63815572472,2.05212085995,0.)) ;
#5926=CARTESIAN_POINT('Axis2P3D Location',(0.,0.,0.)) ;
#5930=CARTESIAN_POINT('Vertex',(0.,6.,0.)) ;
#5933=CARTESIAN_POINT('Line Origine',(0.,5.5,0.)) ;
#5937=CARTESIAN_POINT('Vertex',(0.,5.,0.)) ;
#5940=CARTESIAN_POINT('Axis2P3D Location',(0.,0.,0.)) ;
#5952=CARTESIAN_POINT('Axis2P3D Location',(0.,0.,1.)) ;
#5957=CARTESIAN_POINT('Line Origine',(-5.16830941432,1.88111078829,0.5)) ;
#5961=CARTESIAN_POINT('Vertex',(-4.69846310393,1.71010071663,1.)) ;
#5964=CARTESIAN_POINT('Axis2P3D Location',(0.,0.,1.)) ;
#5968=CARTESIAN_POINT('Vertex',(0.,5.,1.)) ;
#5971=CARTESIAN_POINT('Line Origine',(-1.0103002419E-015,5.5,0.5)) ;
#5983=CARTESIAN_POINT('Axis2P3D Location',(0.,0.,0.5)) ;
#5988=CARTESIAN_POINT('Line Origine',(-4.69846310393,1.71010071663,0.5)) ;
#5993=CARTESIAN_POINT('Line Origine',(3.06151588456E-016,5.,0.5)) ;
#6005=CARTESIAN_POINT('Axis2P3D Location',(0.,0.,0.)) ;
#6016=CARTESIAN_POINT('Axis2P3D Location',(0.,0.,0.)) ;
#6037=CARTESIAN_POINT('NONE',(0.,0.,0.)) ;
#6038=CARTESIAN_POINT('NONE',(13.0824368849,3.3316430108,46.9110465332)) ;
#6052=CARTESIAN_POINT('NONE',(0.,0.,0.)) ;
#6053=CARTESIAN_POINT('NONE',(7.21127612071,-11.412602539,46.9110465332)) ;
#6065=CARTESIAN_POINT('NONE',(0.,0.,0.)) ;
#6066=CARTESIAN_POINT('NONE',(0.874114529899,13.471671158,46.9110465332)) ;
#6078=CARTESIAN_POINT('NONE',(0.,0.,0.)) ;
#6079=CARTESIAN_POINT('NONE',(-12.5422043954,4.99430765009,46.9110465332)) ;
#6091=CARTESIAN_POINT('NONE',(0.,0.,0.)) ;
#6092=CARTESIAN_POINT('NONE',(-8.62562314011,-10.3850192799,46.9110465332)) ;
#6104=CARTESIAN_POINT('NONE',(0.,0.,0.)) ;
#6105=CARTESIAN_POINT('NONE',(-11.8202983772,-14.231322717,46.9110465332)) ;
#6117=CARTESIAN_POINT('NONE',(0.,0.,0.)) ;
#6118=CARTESIAN_POINT('NONE',(9.88211912837,-15.6394923682,46.9110465332)) ;
#6130=CARTESIAN_POINT('NONE',(0.,0.,0.)) ;
#6131=CARTESIAN_POINT('NONE',(17.9277838794,4.56558486665,46.9110465332)) ;
#6143=CARTESIAN_POINT('NONE',(0.,0.,0.)) ;
#6144=CARTESIAN_POINT('NONE',(1.19786065208,18.4611789943,46.9110465332)) ;
#6156=CARTESIAN_POINT('NONE',(0.,0.,0.)) ;
#6157=CARTESIAN_POINT('NONE',(-17.1874652826,6.8440512242,46.9110465332)) ;
#6171=CARTESIAN_POINT('Axis2P3D Location',(0.,0.,9.)) ;
#6176=CARTESIAN_POINT('Axis2P3D Location',(0.,0.,7.)) ;
#6180=CARTESIAN_POINT('Vertex',(0.719138307906,1.31637384284,7.)) ;
#6182=CARTESIAN_POINT('Vertex',(-0.719138307906,-1.31637384284,7.)) ;
#6185=CARTESIAN_POINT('Axis2P3D Location',(0.,0.,9.)) ;
#6189=CARTESIAN_POINT('Vertex',(0.719138307906,1.31637384284,11.)) ;
#6192=CARTESIAN_POINT('Axis2P3D Location',(0.,0.,11.)) ;
#6196=CARTESIAN_POINT('Vertex',(-0.719138307906,-1.31637384284,11.)) ;
#6199=CARTESIAN_POINT('Axis2P3D Location',(0.,0.,9.)) ;
#6211=CARTESIAN_POINT('Axis2P3D Location',(0.,0.,7.)) ;
#6216=CARTESIAN_POINT('Axis2P3D Location',(0.,0.,11.)) ;
#6228=CARTESIAN_POINT('Axis2P3D Location',(0.,0.,11.)) ;
#6237=CARTESIAN_POINT('Line Origine',(-0.85725,0.494933518263,11.)) ;
#6241=CARTESIAN_POINT('Vertex',(-0.5715,0.989867036526,11.)) ;
#6243=CARTESIAN_POINT('Vertex',(-1.143,-1.11022302463E-016,11.)) ;
#6246=CARTESIAN_POINT('Line Origine',(0.,0.989867036526,11.)) ;
#6250=CARTESIAN_POINT('Vertex',(0.5715,0.989867036526,11.)) ;
#6253=CARTESIAN_POINT('Line Origine',(0.85725,0.494933518263,11.)) ;
#6257=CARTESIAN_POINT('Vertex',(1.143,-6.66133814775E-016,11.)) ;
#6260=CARTESIAN_POINT('Line Origine',(0.85725,-0.494933518263,11.)) ;
#6264=CARTESIAN_POINT('Vertex',(0.5715,-0.989867036526,11.)) ;
#6267=CARTESIAN_POINT('Line Origine',(-4.4408920985E-016,-0.989867036526,11.)) ;
#6271=CARTESIAN_POINT('Vertex',(-0.5715,-0.989867036526,11.)) ;
#6274=CARTESIAN_POINT('Line Origine',(-0.85725,-0.494933518263,11.)) ;
#6288=CARTESIAN_POINT('Axis2P3D Location',(-0.5715,-0.989867036526,11.)) ;
#6293=CARTESIAN_POINT('Line Origine',(-0.5715,-0.989867036526,10.5)) ;
#6297=CARTESIAN_POINT('Vertex',(-0.5715,-0.989867036526,10.)) ;
#6300=CARTESIAN_POINT('Line Origine',(0.5715,-0.989867036526,10.5)) ;
#6304=CARTESIAN_POINT('Vertex',(0.5715,-0.989867036526,10.)) ;
#6307=CARTESIAN_POINT('Line Origine',(-4.4408920985E-016,-0.989867036526,10.)) ;
#6319=CARTESIAN_POINT('Axis2P3D Location',(-1.143,-4.4408920985E-016,11.)) ;
#6324=CARTESIAN_POINT('Line Origine',(-1.143,-4.4408920985E-016,10.5)) ;
#6328=CARTESIAN_POINT('Vertex',(-1.143,-1.11022302463E-016,10.)) ;
#6331=CARTESIAN_POINT('Line Origine',(-0.85725,-0.494933518263,10.)) ;
#6343=CARTESIAN_POINT('Axis2P3D Location',(0.5715,-0.989867036526,11.)) ;
#6348=CARTESIAN_POINT('Line Origine',(1.143,-6.66133814775E-016,10.5)) ;
#6352=CARTESIAN_POINT('Vertex',(1.143,-6.66133814775E-016,10.)) ;
#6355=CARTESIAN_POINT('Line Origine',(0.85725,-0.494933518263,10.)) ;
#6367=CARTESIAN_POINT('Axis2P3D Location',(0.,0.,10.)) ;
#6372=CARTESIAN_POINT('Line Origine',(0.85725,0.494933518263,10.)) ;
#6376=CARTESIAN_POINT('Vertex',(0.5715,0.989867036526,10.)) ;
#6379=CARTESIAN_POINT('Line Origine',(0.,0.989867036526,10.)) ;
#6383=CARTESIAN_POINT('Vertex',(-0.5715,0.989867036526,10.)) ;
#6386=CARTESIAN_POINT('Line Origine',(-0.85725,0.494933518263,10.)) ;
#6400=CARTESIAN_POINT('Axis2P3D Location',(-0.5715,0.989867036526,11.)) ;
#6405=CARTESIAN_POINT('Line Origine',(-0.5715,0.989867036526,10.5)) ;
#6417=CARTESIAN_POINT('Axis2P3D Location',(1.143,-6.10622663544E-016,11.)) ;
#6422=CARTESIAN_POINT('Line Origine',(0.5715,0.989867036526,10.5)) ;
#6434=CARTESIAN_POINT('Axis2P3D Location',(0.5715,0.989867036526,11.)) ;
#6446=CARTESIAN_POINT('Axis2P3D Location',(0.,0.,5.5)) ;
#6451=CARTESIAN_POINT('Line Origine',(0.719138307906,1.31637384284,3.5)) ;
#6455=CARTESIAN_POINT('Vertex',(0.719138307906,1.31637384284,0.3)) ;
#6458=CARTESIAN_POINT('Line Origine',(-0.719138307906,-1.31637384284,3.5)) ;
#6462=CARTESIAN_POINT('Vertex',(-0.719138307906,-1.31637384284,0.3)) ;
#6465=CARTESIAN_POINT('Axis2P3D Location',(0.,0.,0.3)) ;
#6477=CARTESIAN_POINT('Axis2P3D Location',(0.,0.,0.3)) ;
#6489=CARTESIAN_POINT('Axis2P3D Location',(0.,0.,0.)) ;
#6494=CARTESIAN_POINT('Axis2P3D Location',(-1.09079412169E-014,-3.9426795162E-014,0.)) ;
#6498=CARTESIAN_POINT('Vertex',(-0.575310338099,-1.05309924265,0.)) ;
#6500=CARTESIAN_POINT('Vertex',(0.575310646325,1.05309907427,0.)) ;
#6503=CARTESIAN_POINT('Axis2P3D Location',(-1.32852062684E-013,1.2749523659E-013,0.)) ;
#6513=CARTESIAN_POINT('Axis2P3D Location',(-1.11866071961E-012,3.49942297362E-013,-1.2)) ;
#6518=CARTESIAN_POINT('Line Origine',(-0.647224477116,-1.18473645855,0.15)) ;
#6523=CARTESIAN_POINT('Line Origine',(0.647224477116,1.18473645855,0.15)) ;
#6535=CARTESIAN_POINT('Axis2P3D Location',(-5.55111512313E-016,0.,-1.2)) ;
#6557=CARTESIAN_POINT('NONE',(0.,0.,0.)) ;
#6558=CARTESIAN_POINT('NONE',(-16.3765219187,-3.94725252584,46.5002821919)) ;
#6572=CARTESIAN_POINT('NONE',(0.,0.,0.)) ;
#6573=CARTESIAN_POINT('NONE',(-6.38935047416,-7.69260687403,8.77)) ;
#6587=CARTESIAN_POINT('Axis2P3D Location',(0.,0.,0.)) ;
#6592=CARTESIAN_POINT('Line Origine',(2.5,0.,0.)) ;
#6596=CARTESIAN_POINT('Vertex',(2.5,0.,-4.)) ;
#6598=CARTESIAN_POINT('Vertex',(2.5,0.,4.)) ;
#6601=CARTESIAN_POINT('Axis2P3D Location',(0.,0.,-4.)) ;
#6605=CARTESIAN_POINT('Vertex',(-2.5,3.06151588456E-016,-4.)) ;
#6608=CARTESIAN_POINT('Line Origine',(-2.5,3.06151588456E-016,0.)) ;
#6612=CARTESIAN_POINT('Vertex',(-2.5,3.06151588456E-016,4.)) ;
#6615=CARTESIAN_POINT('Axis2P3D Location',(0.,0.,4.)) ;
#6619=CARTESIAN_POINT('Vertex',(-1.99037833906,1.5,4.)) ;
#6622=CARTESIAN_POINT('Axis2P3D Location',(0.,0.,4.)) ;
#6626=CARTESIAN_POINT('Vertex',(1.99037833906,1.5,4.)) ;
#6629=CARTESIAN_POINT('Axis2P3D Location',(0.,0.,4.)) ;
#6643=CARTESIAN_POINT('Axis2P3D Location',(0.,0.,-4.)) ;
#6648=CARTESIAN_POINT('Axis2P3D Location',(0.,0.,4.)) ;
#6652=CARTESIAN_POINT('Vertex',(1.99037833906,-1.5,4.)) ;
#6655=CARTESIAN_POINT('Axis2P3D Location',(0.,0.,4.)) ;
#6659=CARTESIAN_POINT('Vertex',(-1.99037833906,-1.5,4.)) ;
#6662=CARTESIAN_POINT('Axis2P3D Location',(0.,0.,4.)) ;
#6676=CARTESIAN_POINT('Axis2P3D Location',(0.,0.,-4.)) ;
#6685=CARTESIAN_POINT('Axis2P3D Location',(0.,0.,-4.)) ;
#6689=CARTESIAN_POINT('Vertex',(1.5,0.,-4.)) ;
#6691=CARTESIAN_POINT('Vertex',(-1.5,1.83690953073E-016,-4.)) ;
#6694=CARTESIAN_POINT('Axis2P3D Location',(0.,0.,-4.)) ;
#6704=CARTESIAN_POINT('Axis2P3D Location',(0.,0.,4.)) ;
#6709=CARTESIAN_POINT('Line Origine',(0.,1.5,4.)) ;
#6719=CARTESIAN_POINT('Line Origine',(0.,-1.5,4.)) ;
#6729=CARTESIAN_POINT('Axis2P3D Location',(0.,0.,2.5)) ;
#6734=CARTESIAN_POINT('Axis2P3D Location',(0.,0.,1.)) ;
#6738=CARTESIAN_POINT('Vertex',(-1.5,1.83690953073E-016,1.)) ;
#6740=CARTESIAN_POINT('Vertex',(1.5,0.,1.)) ;
#6743=CARTESIAN_POINT('Line Origine',(1.5,-3.67381906147E-016,0.)) ;
#6748=CARTESIAN_POINT('Line Origine',(-1.5,1.83690953073E-016,0.)) ;
#6760=CARTESIAN_POINT('Axis2P3D Location',(0.,0.,1.)) ;
#6772=CARTESIAN_POINT('Axis2P3D Location',(0.,0.,1.)) ;
#6782=CARTESIAN_POINT('Axis2P3D Location',(0.,-1.5,0.)) ;
#6787=CARTESIAN_POINT('Line Origine',(2.71214915584,-1.5,7.66154999572)) ;
#6791=CARTESIAN_POINT('Vertex',(3.43391997263,-1.5,11.3230999914)) ;
#6794=CARTESIAN_POINT('Axis2P3D Location',(-1.32671651443E-014,-1.5,12.)) ;
#6798=CARTESIAN_POINT('Vertex',(-3.43391997218,-1.5,11.3230999892)) ;
#6801=CARTESIAN_POINT('Line Origine',(-2.71214915584,-1.5,7.66154999572)) ;
#6812=CARTESIAN_POINT('Axis2P3D Location',(0.,-1.5,12.)) ;
#6816=CARTESIAN_POINT('Vertex',(-2.,-1.5,12.)) ;
#6818=CARTESIAN_POINT('Vertex',(1.75516512378,-1.5,12.9588510772)) ;
#6821=CARTESIAN_POINT('Axis2P3D Location',(0.,-1.5,12.)) ;
#6825=CARTESIAN_POINT('Vertex',(2.,-1.5,12.)) ;
#6828=CARTESIAN_POINT('Axis2P3D Location',(0.,-1.5,12.)) ;
#6832=CARTESIAN_POINT('Vertex',(-1.75516512378,-1.5,11.0411489228)) ;
#6835=CARTESIAN_POINT('Axis2P3D Location',(0.,-1.5,12.)) ;
#6848=CARTESIAN_POINT('Control Point',(-2.5,-1.,4.)) ;
#6849=CARTESIAN_POINT('Control Point',(-2.5,-1.04737103418,4.)) ;
#6850=CARTESIAN_POINT('Control Point',(-2.49428200707,-1.09474165625,4.)) ;
#6851=CARTESIAN_POINT('Control Point',(-2.48284469119,-1.14119028017,4.)) ;
#6852=CARTESIAN_POINT('Control Point',(-2.44960656057,-1.22892827239,4.)) ;
#6853=CARTESIAN_POINT('Control Point',(-2.39699626785,-1.30655879212,4.)) ;
#6854=CARTESIAN_POINT('Control Point',(-2.36686427928,-1.34157276413,4.)) ;
#6855=CARTESIAN_POINT('Control Point',(-2.29200247514,-1.41080748858,4.)) ;
#6856=CARTESIAN_POINT('Control Point',(-2.20219667972,-1.45973062942,4.)) ;
#6857=CARTESIAN_POINT('Control Point',(-2.14962978229,-1.47969159211,4.)) ;
#6858=CARTESIAN_POINT('Control Point',(-2.0872194956,-1.49418386885,4.)) ;
#6859=CARTESIAN_POINT('Control Point',(-2.02388654569,-1.49900988113,4.)) ;
#6860=CARTESIAN_POINT('Control Point',(-2.01592652821,-1.4994630696,4.)) ;
#6861=CARTESIAN_POINT('Control Point',(-2.00796468371,-1.49976331784,4.)) ;
#6862=CARTESIAN_POINT('Control Point',(-2.,-1.49991087838,4.)) ;
#6863=CARTESIAN_POINT('Vertex',(-2.5,-1.,4.)) ;
#6866=CARTESIAN_POINT('Line Origine',(-2.5,-0.5,4.)) ;
#6878=CARTESIAN_POINT('Control Point',(2.5,-1.,4.)) ;
#6879=CARTESIAN_POINT('Control Point',(2.5,-1.04737103418,4.)) ;
#6880=CARTESIAN_POINT('Control Point',(2.49428200707,-1.09474165625,4.)) ;
#6881=CARTESIAN_POINT('Control Point',(2.48284469119,-1.14119028017,4.)) ;
#6882=CARTESIAN_POINT('Control Point',(2.44960656057,-1.22892827239,4.)) ;
#6883=CARTESIAN_POINT('Control Point',(2.39699626785,-1.30655879212,4.)) ;
#6884=CARTESIAN_POINT('Control Point',(2.36686427928,-1.34157276413,4.)) ;
#6885=CARTESIAN_POINT('Control Point',(2.29200247514,-1.41080748858,4.)) ;
#6886=CARTESIAN_POINT('Control Point',(2.20219667972,-1.45973062942,4.)) ;
#6887=CARTESIAN_POINT('Control Point',(2.14962978229,-1.47969159211,4.)) ;
#6888=CARTESIAN_POINT('Control Point',(2.0872194956,-1.49418386885,4.)) ;
#6889=CARTESIAN_POINT('Control Point',(2.02388654569,-1.49900988113,4.)) ;
#6890=CARTESIAN_POINT('Control Point',(2.01592652821,-1.4994630696,4.)) ;
#6891=CARTESIAN_POINT('Control Point',(2.00796468371,-1.49976331784,4.)) ;
#6892=CARTESIAN_POINT('Control Point',(2.,-1.49991087838,4.)) ;
#6893=CARTESIAN_POINT('Vertex',(2.5,-1.,4.)) ;
#6896=CARTESIAN_POINT('Line Origine',(2.5,-0.5,4.)) ;
#6907=CARTESIAN_POINT('Axis2P3D Location',(-1.24344978758E-014,-1.,12.)) ;
#6912=CARTESIAN_POINT('Axis2P3D Location',(-3.43391997218,-1.,11.3230999892)) ;
#6916=CARTESIAN_POINT('Vertex',(-3.92447996872,-1.,11.2263999902)) ;
#6919=CARTESIAN_POINT('Axis2P3D Location',(3.43391997263,-1.,11.3230999914)) ;
#6923=CARTESIAN_POINT('Vertex',(3.92447996872,-1.,11.2263999902)) ;
#6926=CARTESIAN_POINT('Axis2P3D Location',(-1.24344978758E-014,-1.,12.)) ;
#6938=CARTESIAN_POINT('Axis2P3D Location',(3.17310830472,-1.,10.)) ;
#6943=CARTESIAN_POINT('Line Origine',(3.66366830081,-1.,9.90329999878)) ;
#6955=CARTESIAN_POINT('Axis2P3D Location',(-3.17310830472,-1.,10.)) ;
#6960=CARTESIAN_POINT('Line Origine',(-3.66366830081,-1.,9.90329999878)) ;
#6972=CARTESIAN_POINT('Axis2P3D Location',(0.,1.5,0.)) ;
#6977=CARTESIAN_POINT('Line Origine',(-2.71214915584,1.5,7.66154999572)) ;
#6981=CARTESIAN_POINT('Vertex',(-3.43392001956,1.5,11.3231002295)) ;
#6984=CARTESIAN_POINT('Axis2P3D Location',(-1.04416475466E-013,1.5,12.)) ;
#6988=CARTESIAN_POINT('Vertex',(3.43391997263,1.5,11.3230999914)) ;
#6991=CARTESIAN_POINT('Line Origine',(2.71214915584,1.5,7.66154999572)) ;
#7002=CARTESIAN_POINT('Axis2P3D Location',(0.,1.5,12.)) ;
#7006=CARTESIAN_POINT('Vertex',(-1.75516512378,1.5,11.0411489228)) ;
#7008=CARTESIAN_POINT('Vertex',(-2.,1.5,12.)) ;
#7011=CARTESIAN_POINT('Axis2P3D Location',(0.,1.5,12.)) ;
#7015=CARTESIAN_POINT('Vertex',(2.,1.5,12.)) ;
#7018=CARTESIAN_POINT('Axis2P3D Location',(0.,1.5,12.)) ;
#7022=CARTESIAN_POINT('Vertex',(1.75516512378,1.5,12.9588510772)) ;
#7025=CARTESIAN_POINT('Axis2P3D Location',(0.,1.5,12.)) ;
#7038=CARTESIAN_POINT('Control Point',(-2.5,1.,4.)) ;
#7039=CARTESIAN_POINT('Control Point',(-2.5,1.04737103418,4.)) ;
#7040=CARTESIAN_POINT('Control Point',(-2.49428200707,1.09474165625,4.)) ;
#7041=CARTESIAN_POINT('Control Point',(-2.48284469119,1.14119028017,4.)) ;
#7042=CARTESIAN_POINT('Control Point',(-2.44960656057,1.22892827239,4.)) ;
#7043=CARTESIAN_POINT('Control Point',(-2.39699626785,1.30655879212,4.)) ;
#7044=CARTESIAN_POINT('Control Point',(-2.36686427928,1.34157276413,4.)) ;
#7045=CARTESIAN_POINT('Control Point',(-2.29200247514,1.41080748858,4.)) ;
#7046=CARTESIAN_POINT('Control Point',(-2.20219667972,1.45973062942,4.)) ;
#7047=CARTESIAN_POINT('Control Point',(-2.14962978229,1.47969159211,4.)) ;
#7048=CARTESIAN_POINT('Control Point',(-2.0872194956,1.49418386885,4.)) ;
#7049=CARTESIAN_POINT('Control Point',(-2.02388654569,1.49900988113,4.)) ;
#7050=CARTESIAN_POINT('Control Point',(-2.01592652821,1.4994630696,4.)) ;
#7051=CARTESIAN_POINT('Control Point',(-2.00796468371,1.49976331784,4.)) ;
#7052=CARTESIAN_POINT('Control Point',(-2.,1.49991087838,4.)) ;
#7053=CARTESIAN_POINT('Vertex',(-2.5,1.,4.)) ;
#7056=CARTESIAN_POINT('Line Origine',(-2.5,0.5,4.)) ;
#7068=CARTESIAN_POINT('Control Point',(2.5,1.,4.)) ;
#7069=CARTESIAN_POINT('Control Point',(2.5,1.04737103418,4.)) ;
#7070=CARTESIAN_POINT('Control Point',(2.49428200707,1.09474165625,4.)) ;
#7071=CARTESIAN_POINT('Control Point',(2.48284469119,1.14119028017,4.)) ;
#7072=CARTESIAN_POINT('Control Point',(2.44960656057,1.22892827239,4.)) ;
#7073=CARTESIAN_POINT('Control Point',(2.39699626785,1.30655879212,4.)) ;
#7074=CARTESIAN_POINT('Control Point',(2.36686427928,1.34157276413,4.)) ;
#7075=CARTESIAN_POINT('Control Point',(2.29200247514,1.41080748858,4.)) ;
#7076=CARTESIAN_POINT('Control Point',(2.20219667972,1.45973062942,4.)) ;
#7077=CARTESIAN_POINT('Control Point',(2.14962978229,1.47969159211,4.)) ;
#7078=CARTESIAN_POINT('Control Point',(2.0872194956,1.49418386885,4.)) ;
#7079=CARTESIAN_POINT('Control Point',(2.02388654569,1.49900988113,4.)) ;
#7080=CARTESIAN_POINT('Control Point',(2.01592652821,1.4994630696,4.)) ;
#7081=CARTESIAN_POINT('Control Point',(2.00796468371,1.49976331784,4.)) ;
#7082=CARTESIAN_POINT('Control Point',(2.,1.49991087838,4.)) ;
#7083=CARTESIAN_POINT('Vertex',(2.5,1.,4.)) ;
#7086=CARTESIAN_POINT('Line Origine',(2.5,0.5,4.)) ;
#7097=CARTESIAN_POINT('Axis2P3D Location',(0.,0.,12.)) ;
#7102=CARTESIAN_POINT('Line Origine',(-3.92447996872,0.,11.2263999902)) ;
#7106=CARTESIAN_POINT('Vertex',(-3.92447996872,1.,11.2263999902)) ;
#7109=CARTESIAN_POINT('Line Origine',(3.92447996872,0.,11.2263999902)) ;
#7113=CARTESIAN_POINT('Vertex',(3.92447996872,1.,11.2263999902)) ;
#7116=CARTESIAN_POINT('Axis2P3D Location',(0.,1.,12.)) ;
#7128=CARTESIAN_POINT('Axis2P3D Location',(-2.5,0.,4.)) ;
#7133=CARTESIAN_POINT('Line Origine',(-3.21223998436,1.,7.61319999511)) ;
#7146=CARTESIAN_POINT('Axis2P3D Location',(2.5,0.,4.)) ;
#7151=CARTESIAN_POINT('Line Origine',(3.21223998436,1.,7.61319999511)) ;
#7164=CARTESIAN_POINT('Axis2P3D Location',(4.4408920985E-016,1.,12.)) ;
#7169=CARTESIAN_POINT('Axis2P3D Location',(-3.43391997263,1.,11.3230999914)) ;
#7174=CARTESIAN_POINT('Axis2P3D Location',(3.43391997263,1.,11.3230999914)) ;
#7186=CARTESIAN_POINT('Axis2P3D Location',(3.17310830472,1.,10.)) ;
#7198=CARTESIAN_POINT('Axis2P3D Location',(-3.17310830472,1.,10.)) ;
#7210=CARTESIAN_POINT('Axis2P3D Location',(0.,0.,12.)) ;
#7215=CARTESIAN_POINT('Axis2P3D Location',(0.,0.,12.)) ;
#7220=CARTESIAN_POINT('Axis2P3D Location',(0.,0.,12.)) ;
#7253=CARTESIAN_POINT('NONE',(0.,0.,0.)) ;
#7254=CARTESIAN_POINT('NONE',(4.18665035248,19.7900204352,20.3704694441)) ;
#7268=CARTESIAN_POINT('NONE',(0.,0.,0.)) ;
#7269=CARTESIAN_POINT('NONE',(20.1151740009,2.13371153431,20.3704694441)) ;
#7281=CARTESIAN_POINT('NONE',(0.,0.,0.)) ;
#7282=CARTESIAN_POINT('NONE',(-17.550085603,9.98801890183,20.3990143067)) ;
#7294=CARTESIAN_POINT('NONE',(0.,0.,0.)) ;
#7295=CARTESIAN_POINT('NONE',(8.24521086975,-18.4713141848,20.3704694441)) ;
#7307=CARTESIAN_POINT('NONE',(0.,0.,0.)) ;
#7308=CARTESIAN_POINT('NONE',(-15.1963617253,-13.4696791106,20.3174359924)) ;
#7320=CARTESIAN_POINT('NONE',(0.,0.,0.)) ;
#7321=CARTESIAN_POINT('NONE',(15.5362623012,-6.30384795622,48.592133876)) ;
#7333=CARTESIAN_POINT('NONE',(0.,0.,0.)) ;
#7334=CARTESIAN_POINT('NONE',(10.7962847567,12.8278673519,48.592133876)) ;
#7346=CARTESIAN_POINT('NONE',(0.,0.,0.)) ;
#7347=CARTESIAN_POINT('NONE',(-1.19434659636,-16.7238596489,48.592133876)) ;
#7359=CARTESIAN_POINT('NONE',(0.,0.,0.)) ;
#7360=CARTESIAN_POINT('NONE',(-8.93385158514,14.055963769,49.4715500734)) ;
#7372=CARTESIAN_POINT('NONE',(0.,0.,0.)) ;
#7373=CARTESIAN_POINT('NONE',(-19.070341521,-12.0168726625,34.9528461995)) ;
#7385=CARTESIAN_POINT('NONE',(0.,0.,0.)) ;
#7386=CARTESIAN_POINT('NONE',(5.51716337674,-21.9231285078,36.9916644319)) ;
#7398=CARTESIAN_POINT('NONE',(0.,0.,0.)) ;
#7399=CARTESIAN_POINT('NONE',(22.555031469,-1.52748509787,36.9916644319)) ;
#7411=CARTESIAN_POINT('NONE',(0.,0.,0.)) ;
#7412=CARTESIAN_POINT('NONE',(8.42261268852,20.9790907999,36.9916644319)) ;
#7424=CARTESIAN_POINT('NONE',(0.,0.,0.)) ;
#7425=CARTESIAN_POINT('NONE',(-17.3972269504,14.4265088822,37.8425357667)) ;
#7439=CARTESIAN_POINT('Axis2P3D Location',(0.,0.,0.)) ;
#7444=CARTESIAN_POINT('Line Origine',(1.5,0.,0.)) ;
#7448=CARTESIAN_POINT('Vertex',(1.5,0.,-10.)) ;
#7450=CARTESIAN_POINT('Vertex',(1.5,0.,10.)) ;
#7453=CARTESIAN_POINT('Axis2P3D Location',(0.,0.,-10.)) ;
#7457=CARTESIAN_POINT('Vertex',(-1.5,1.83690953073E-016,-10.)) ;
#7460=CARTESIAN_POINT('Line Origine',(-1.5,1.83690953073E-016,0.)) ;
#7464=CARTESIAN_POINT('Vertex',(-1.5,1.83690953073E-016,10.)) ;
#7467=CARTESIAN_POINT('Axis2P3D Location',(0.,0.,10.)) ;
#7479=CARTESIAN_POINT('Axis2P3D Location',(0.,0.,-10.)) ;
#7484=CARTESIAN_POINT('Axis2P3D Location',(0.,0.,10.)) ;
#7496=CARTESIAN_POINT('Axis2P3D Location',(0.,0.,-10.)) ;
#7506=CARTESIAN_POINT('Axis2P3D Location',(0.,0.,10.)) ;
#7526=CARTESIAN_POINT('NONE',(0.,0.,0.)) ;
#7527=CARTESIAN_POINT('NONE',(6.94515779627,-20.1162788825,28.2913123488)) ;
#7541=CARTESIAN_POINT('NONE',(0.,0.,0.)) ;
#7542=CARTESIAN_POINT('NONE',(6.20530137239,20.356672807,28.2913123489)) ;
#7554=CARTESIAN_POINT('NONE',(0.,0.,0.)) ;
#7555=CARTESIAN_POINT('NONE',(-16.7778946528,-12.876578125,26.2922692053)) ;
#7567=CARTESIAN_POINT('NONE',(0.,0.,0.)) ;
#7568=CARTESIAN_POINT('NONE',(21.2778899025,0.388965540529,28.2913123488)) ;
#7580=CARTESIAN_POINT('NONE',(0.,0.,0.)) ;
#7581=CARTESIAN_POINT('NONE',(-17.4736562767,12.207263892,29.1207750367)) ;
#7595=CARTESIAN_POINT('Axis2P3D Location',(0.,5.,0.)) ;
#7600=CARTESIAN_POINT('Line Origine',(0.,5.,-2.)) ;
#7604=CARTESIAN_POINT('Vertex',(-0.5,5.,-2.)) ;
#7606=CARTESIAN_POINT('Vertex',(0.5,5.,-2.)) ;
#7609=CARTESIAN_POINT('Axis2P3D Location',(-0.5,5.,0.)) ;
#7613=CARTESIAN_POINT('Vertex',(-0.5,5.,2.)) ;
#7616=CARTESIAN_POINT('Line Origine',(0.,5.,2.)) ;
#7620=CARTESIAN_POINT('Vertex',(0.5,5.,2.)) ;
#7623=CARTESIAN_POINT('Axis2P3D Location',(0.5,5.,0.)) ;
#7635=CARTESIAN_POINT('Axis2P3D Location',(0.,-5.,2.)) ;
#7640=CARTESIAN_POINT('Line Origine',(-0.5,0.,2.)) ;
#7644=CARTESIAN_POINT('Vertex',(-0.5,-5.,2.)) ;
#7647=CARTESIAN_POINT('Line Origine',(0.,-5.,2.)) ;
#7651=CARTESIAN_POINT('Vertex',(0.5,-5.,2.)) ;
#7654=CARTESIAN_POINT('Line Origine',(0.5,0.,2.)) ;
#7666=CARTESIAN_POINT('Axis2P3D Location',(0.,-5.,0.)) ;
#7671=CARTESIAN_POINT('Axis2P3D Location',(-0.5,-5.,0.)) ;
#7675=CARTESIAN_POINT('Vertex',(-0.5,-5.,-2.)) ;
#7678=CARTESIAN_POINT('Line Origine',(0.,-5.,-2.)) ;
#7682=CARTESIAN_POINT('Vertex',(0.5,-5.,-2.)) ;
#7685=CARTESIAN_POINT('Axis2P3D Location',(0.5,-5.,0.)) ;
#7697=CARTESIAN_POINT('Axis2P3D Location',(0.,-5.,-2.)) ;
#7702=CARTESIAN_POINT('Line Origine',(-0.5,0.,-2.)) ;
#7707=CARTESIAN_POINT('Line Origine',(0.5,0.,-2.)) ;
#7719=CARTESIAN_POINT('Axis2P3D Location',(0.,5.,0.)) ;
#7724=CARTESIAN_POINT('Axis2P3D Location',(0.5,5.,0.)) ;
#7728=CARTESIAN_POINT('Vertex',(0.5,4.,1.22460635382E-016)) ;
#7730=CARTESIAN_POINT('Vertex',(0.5,6.,0.)) ;
#7733=CARTESIAN_POINT('Line Origine',(0.,6.,-2.44921270764E-016)) ;
#7737=CARTESIAN_POINT('Vertex',(-0.5,6.,0.)) ;
#7740=CARTESIAN_POINT('Axis2P3D Location',(-0.5,5.,0.)) ;
#7744=CARTESIAN_POINT('Vertex',(-0.5,4.,1.22460635382E-016)) ;
#7747=CARTESIAN_POINT('Line Origine',(0.,4.,1.22460635382E-016)) ;
#7759=CARTESIAN_POINT('Axis2P3D Location',(0.5,5.,0.)) ;
#7764=CARTESIAN_POINT('Axis2P3D Location',(-0.5,5.,0.)) ;
#7776=CARTESIAN_POINT('Axis2P3D Location',(0.,-5.,0.)) ;
#7781=CARTESIAN_POINT('Axis2P3D Location',(0.5,-5.,0.)) ;
#7785=CARTESIAN_POINT('Vertex',(0.5,-4.,-2.44921270764E-016)) ;
#7787=CARTESIAN_POINT('Vertex',(0.5,-6.,1.22460635382E-016)) ;
#7790=CARTESIAN_POINT('Line Origine',(0.,-6.,3.67381906147E-016)) ;
#7794=CARTESIAN_POINT('Vertex',(-0.5,-6.,1.22460635382E-016)) ;
#7797=CARTESIAN_POINT('Axis2P3D Location',(-0.5,-5.,0.)) ;
#7801=CARTESIAN_POINT('Vertex',(-0.5,-4.,-2.44921270764E-016)) ;
#7804=CARTESIAN_POINT('Line Origine',(0.,-4.,-2.44921270764E-016)) ;
#7816=CARTESIAN_POINT('Axis2P3D Location',(0.5,-5.,0.)) ;
#7821=CARTESIAN_POINT('Axis2P3D Location',(-0.5,-5.,0.)) ;
#7833=CARTESIAN_POINT('Axis2P3D Location',(-0.5,0.,0.)) ;
#7853=CARTESIAN_POINT('Axis2P3D Location',(0.5,0.,0.)) ;
#7883=CARTESIAN_POINT('NONE',(0.,0.,0.)) ;
#7884=CARTESIAN_POINT('NONE',(-6.47737072053,13.0592222451,27.5905232666)) ;
#7898=CARTESIAN_POINT('NONE',(0.,0.,0.)) ;
#7899=CARTESIAN_POINT('NONE',(-9.01350461807,11.4567164405,27.5905232666)) ;
#7913=CARTESIAN_POINT('Axis2P3D Location',(-2.,0.,7.5)) ;
#7918=CARTESIAN_POINT('Line Origine',(-2.,0.,2.5)) ;
#7922=CARTESIAN_POINT('Vertex',(-2.,-1.,2.5)) ;
#7924=CARTESIAN_POINT('Vertex',(-2.,1.,2.5)) ;
#7927=CARTESIAN_POINT('Line Origine',(-2.,-1.,5.)) ;
#7931=CARTESIAN_POINT('Vertex',(-2.,-1.,7.5)) ;
#7934=CARTESIAN_POINT('Line Origine',(-2.,0.,7.5)) ;
#7938=CARTESIAN_POINT('Vertex',(-2.,1.,7.5)) ;
#7941=CARTESIAN_POINT('Line Origine',(-2.,1.,5.)) ;
#7953=CARTESIAN_POINT('Axis2P3D Location',(0.,1.,0.)) ;
#7958=CARTESIAN_POINT('Line Origine',(1.55901699437,1.,2.5)) ;
#7962=CARTESIAN_POINT('Vertex',(2.,1.,2.5)) ;
#7964=CARTESIAN_POINT('Vertex',(1.11803398875,1.,2.5)) ;
#7967=CARTESIAN_POINT('Line Origine',(0.,1.,2.5)) ;
#7971=CARTESIAN_POINT('Vertex',(-1.11803398875,1.,2.5)) ;
#7974=CARTESIAN_POINT('Line Origine',(-1.55901699437,1.,2.5)) ;
#7979=CARTESIAN_POINT('Axis2P3D Location',(0.,1.,7.5)) ;
#7983=CARTESIAN_POINT('Vertex',(2.,1.,7.5)) ;
#7986=CARTESIAN_POINT('Line Origine',(2.,1.,5.)) ;
#7999=CARTESIAN_POINT('Axis2P3D Location',(0.,1.,7.5)) ;
#8003=CARTESIAN_POINT('Vertex',(1.,1.,7.5)) ;
#8005=CARTESIAN_POINT('Vertex',(-1.,1.,7.5)) ;
#8008=CARTESIAN_POINT('Axis2P3D Location',(0.,1.,7.5)) ;
#8018=CARTESIAN_POINT('Axis2P3D Location',(0.,0.,7.5)) ;
#8023=CARTESIAN_POINT('Axis2P3D Location',(0.,-1.,7.5)) ;
#8027=CARTESIAN_POINT('Vertex',(2.,-1.,7.5)) ;
#8030=CARTESIAN_POINT('Line Origine',(2.,0.,7.5)) ;
#8042=CARTESIAN_POINT('Axis2P3D Location',(0.,-1.,0.)) ;
#8047=CARTESIAN_POINT('Line Origine',(2.,-1.,5.)) ;
#8051=CARTESIAN_POINT('Vertex',(2.,-1.,2.5)) ;
#8054=CARTESIAN_POINT('Line Origine',(-1.55901699437,-1.,2.5)) ;
#8058=CARTESIAN_POINT('Vertex',(-1.11803398875,-1.,2.5)) ;
#8061=CARTESIAN_POINT('Line Origine',(0.,-1.,2.5)) ;
#8065=CARTESIAN_POINT('Vertex',(1.11803398875,-1.,2.5)) ;
#8068=CARTESIAN_POINT('Line Origine',(1.55901699437,-1.,2.5)) ;
#8081=CARTESIAN_POINT('Axis2P3D Location',(0.,-1.,7.5)) ;
#8085=CARTESIAN_POINT('Vertex',(-1.,-1.,7.5)) ;
#8087=CARTESIAN_POINT('Vertex',(1.,-1.,7.5)) ;
#8090=CARTESIAN_POINT('Axis2P3D Location',(0.,-1.,7.5)) ;
#8100=CARTESIAN_POINT('Axis2P3D Location',(0.,0.,2.5)) ;
#8105=CARTESIAN_POINT('Axis2P3D Location',(0.,0.,2.5)) ;
#8109=CARTESIAN_POINT('Vertex',(-1.5,1.83690953073E-016,2.5)) ;
#8112=CARTESIAN_POINT('Axis2P3D Location',(0.,0.,2.5)) ;
#8125=CARTESIAN_POINT('Axis2P3D Location',(0.,0.,2.5)) ;
#8129=CARTESIAN_POINT('Vertex',(1.5,0.,2.5)) ;
#8132=CARTESIAN_POINT('Axis2P3D Location',(0.,0.,2.5)) ;
#8137=CARTESIAN_POINT('Line Origine',(2.,0.,2.5)) ;
#8150=CARTESIAN_POINT('Axis2P3D Location',(2.,0.,2.5)) ;
#8162=CARTESIAN_POINT('Axis2P3D Location',(0.,0.,7.5)) ;
#8167=CARTESIAN_POINT('Line Origine',(-1.,0.,7.5)) ;
#8172=CARTESIAN_POINT('Line Origine',(1.,0.,7.5)) ;
#8191=CARTESIAN_POINT('Axis2P3D Location',(0.,0.,2.5)) ;
#8201=CARTESIAN_POINT('Axis2P3D Location',(0.,0.,2.5)) ;
#8211=CARTESIAN_POINT('Axis2P3D Location',(0.,0.,0.)) ;
#8216=CARTESIAN_POINT('Line Origine',(-1.5,1.83690953073E-016,0.)) ;
#8220=CARTESIAN_POINT('Vertex',(-1.5,1.83690953073E-016,-2.3)) ;
#8223=CARTESIAN_POINT('Line Origine',(1.5,0.,0.)) ;
#8227=CARTESIAN_POINT('Vertex',(1.5,-3.67381906147E-016,-2.3)) ;
#8230=CARTESIAN_POINT('Axis2P3D Location',(0.,0.,-2.3)) ;
#8244=CARTESIAN_POINT('Axis2P3D Location',(0.,0.,-2.3)) ;
#8258=CARTESIAN_POINT('Axis2P3D Location',(0.,0.,-2.5)) ;
#8263=CARTESIAN_POINT('Axis2P3D Location',(2.93098878501E-014,8.3526676515E-014,-2.5)) ;
#8267=CARTESIAN_POINT('Vertex',(-1.3,2.27452322459E-008,-2.5)) ;
#8269=CARTESIAN_POINT('Vertex',(1.3,7.47787790862E-017,-2.5)) ;
#8272=CARTESIAN_POINT('Axis2P3D Location',(7.44525968654E-014,9.9864561065E-014,-2.5)) ;
#8282=CARTESIAN_POINT('Axis2P3D Location',(8.61921645168E-013,9.67448343659E-013,-3.8)) ;
#8287=CARTESIAN_POINT('Line Origine',(1.4,-7.43201928447E-014,-2.4)) ;
#8292=CARTESIAN_POINT('Line Origine',(-1.4,2.44947904447E-008,-2.4)) ;
#8304=CARTESIAN_POINT('Axis2P3D Location',(6.10622663544E-016,4.9682480352E-015,-3.8)) ;
#8326=CARTESIAN_POINT('NONE',(0.,0.,0.)) ;
#8327=CARTESIAN_POINT('NONE',(-10.1491943611,16.062167,22.27)) ;
#8341=CARTESIAN_POINT('NONE',(0.,0.,0.)) ;
#8342=CARTESIAN_POINT('NONE',(0.64749224437,9.97901567257,8.77)) ;
#8354=CARTESIAN_POINT('NONE',(0.,0.,0.)) ;
#8355=CARTESIAN_POINT('NONE',(-9.29052177438,3.69948714822,8.77)) ;
#8367=CARTESIAN_POINT('NONE',(0.,0.,0.)) ;
#8368=CARTESIAN_POINT('NONE',(-5.34168601531,8.45377965846,8.77)) ;
#8380=CARTESIAN_POINT('NONE',(0.,0.,0.)) ;
#8381=CARTESIAN_POINT('NONE',(9.69069398885,2.4678837117,8.77)) ;
#8393=CARTESIAN_POINT('NONE',(0.,0.,0.)) ;
#8394=CARTESIAN_POINT('NONE',(5.34168601531,-8.45377965846,8.77)) ;
#8408=CARTESIAN_POINT('Axis2P3D Location',(0.,0.,2.56407286972)) ;
#8413=CARTESIAN_POINT('Line Origine',(1.43827661581,-2.63274768567,4.06407286953)) ;
#8417=CARTESIAN_POINT('Vertex',(1.43827661581,-2.63274768567,5.12814573907)) ;
#8419=CARTESIAN_POINT('Vertex',(1.43827661581,-2.63274768567,3.)) ;
#8422=CARTESIAN_POINT('Axis2P3D Location',(0.,0.,3.)) ;
#8426=CARTESIAN_POINT('Vertex',(-1.43827661581,2.63274768567,3.)) ;
#8429=CARTESIAN_POINT('Line Origine',(-1.43827661581,2.63274768567,4.06407286953)) ;
#8433=CARTESIAN_POINT('Vertex',(-1.43827661581,2.63274768567,5.12814573907)) ;
#8436=CARTESIAN_POINT('Axis2P3D Location',(0.,0.,5.12814573907)) ;
#8448=CARTESIAN_POINT('Axis2P3D Location',(0.,0.,3.)) ;
#8453=CARTESIAN_POINT('Axis2P3D Location',(0.,0.,5.12814573907)) ;
#8465=CARTESIAN_POINT('Axis2P3D Location',(0.,0.,2.56407286972)) ;
#8470=CARTESIAN_POINT('Line Origine',(0.719138307906,-1.31637384284,1.5)) ;
#8474=CARTESIAN_POINT('Vertex',(0.719138307906,-1.31637384284,3.)) ;
#8476=CARTESIAN_POINT('Vertex',(0.719138307906,-1.31637384284,-8.881784197E-016)) ;
#8479=CARTESIAN_POINT('Axis2P3D Location',(0.,0.,-8.881784197E-016)) ;
#8483=CARTESIAN_POINT('Vertex',(-0.719138307906,1.31637384284,-8.881784197E-016)) ;
#8486=CARTESIAN_POINT('Line Origine',(-0.719138307906,1.31637384284,1.5)) ;
#8490=CARTESIAN_POINT('Vertex',(-0.719138307906,1.31637384284,3.)) ;
#8493=CARTESIAN_POINT('Axis2P3D Location',(0.,0.,3.)) ;
#8505=CARTESIAN_POINT('Axis2P3D Location',(0.,0.,-8.881784197E-016)) ;
#8510=CARTESIAN_POINT('Axis2P3D Location',(0.,0.,3.)) ;
#8522=CARTESIAN_POINT('Axis2P3D Location',(0.,0.,2.56407286972)) ;
#8527=CARTESIAN_POINT('Line Origine',(8.62965969488,-15.796486114,1.)) ;
#8531=CARTESIAN_POINT('Vertex',(8.62965969488,-15.796486114,0.)) ;
#8533=CARTESIAN_POINT('Vertex',(8.62965969488,-15.796486114,2.)) ;
#8536=CARTESIAN_POINT('Axis2P3D Location',(0.,0.,2.)) ;
#8540=CARTESIAN_POINT('Vertex',(-8.62965969488,15.796486114,2.)) ;
#8543=CARTESIAN_POINT('Line Origine',(-8.62965969488,15.796486114,1.)) ;
#8547=CARTESIAN_POINT('Vertex',(-8.62965969488,15.796486114,0.)) ;
#8550=CARTESIAN_POINT('Axis2P3D Location',(0.,0.,0.)) ;
#8562=CARTESIAN_POINT('Axis2P3D Location',(0.,0.,2.)) ;
#8567=CARTESIAN_POINT('Axis2P3D Location',(0.,0.,0.)) ;
#8579=CARTESIAN_POINT('Axis2P3D Location',(0.,0.,-46.7852436706)) ;
#8584=CARTESIAN_POINT('Axis2P3D Location',(0.,0.,-46.7852436706)) ;
#8589=CARTESIAN_POINT('Axis2P3D Location',(0.,0.,-46.7852436706)) ;
#8608=CARTESIAN_POINT('Axis2P3D Location',(0.,3.,3.)) ;
#8622=CARTESIAN_POINT('Axis2P3D Location',(0.,1.5,0.)) ;
#8646=CARTESIAN_POINT('NONE',(0.,0.,0.)) ;
#8647=CARTESIAN_POINT('NONE',(7.1054273576E-015,2.22044604925E-014,53.9111053565)) ;
#8663=CARTESIAN_POINT('Axis2P3D Location',(8.62154792003E-012,-5.2975401843E-012,15.5)) ;
#8668=CARTESIAN_POINT('Line Origine',(1.25849203884,2.30365422496,12.875)) ;
#8672=CARTESIAN_POINT('Vertex',(1.31842023116,2.4133520452,12.75)) ;
#8674=CARTESIAN_POINT('Vertex',(1.19856384651,2.19395640473,13.)) ;
#8677=CARTESIAN_POINT('Axis2P3D Location',(7.83373366174E-013,-4.72510919279E-013,13.)) ;
#8681=CARTESIAN_POINT('Vertex',(-1.19856388643,-2.19395638292,13.)) ;
#8684=CARTESIAN_POINT('Line Origine',(-1.25849208076,-2.30365420206,12.875)) ;
#8688=CARTESIAN_POINT('Vertex',(-1.31842023116,-2.4133520452,12.75)) ;
#8691=CARTESIAN_POINT('Axis2P3D Location',(-4.44089211495E-016,9.99200722264E-015,12.75)) ;
#8703=CARTESIAN_POINT('Axis2P3D Location',(1.39888101103E-014,5.66213742559E-015,15.5)) ;
#8708=CARTESIAN_POINT('Axis2P3D Location',(6.66133814775E-016,8.99280649946E-015,13.)) ;
#8713=CARTESIAN_POINT('Axis2P3D Location',(-6.66133814775E-016,9.32587340685E-015,12.75)) ;
#8725=CARTESIAN_POINT('Axis2P3D Location',(0.,1.5,10.)) ;
#8730=CARTESIAN_POINT('Axis2P3D Location',(1.15164822123E-013,-1.3300471835E-013,10.)) ;
#8734=CARTESIAN_POINT('Vertex',(1.19856384651,2.19395640473,10.)) ;
#8736=CARTESIAN_POINT('Vertex',(-1.19856388698,-2.19395638262,10.)) ;
#8739=CARTESIAN_POINT('Axis2P3D Location',(-2.58550242955E-013,-9.96980276113E-014,10.)) ;
#8748=CARTESIAN_POINT('Axis2P3D Location',(0.,7.1054273576E-015,10.)) ;
#8752=CARTESIAN_POINT('Vertex',(0.719138307906,1.31637384284,10.)) ;
#8754=CARTESIAN_POINT('Vertex',(-0.719138307906,-1.31637384284,10.)) ;
#8757=CARTESIAN_POINT('Axis2P3D Location',(0.,7.1054273576E-015,10.)) ;
#8767=CARTESIAN_POINT('Axis2P3D Location',(0.,4.66293670343E-015,6.5)) ;
#8772=CARTESIAN_POINT('Line Origine',(1.31842023116,2.4133520452,11.5)) ;
#8776=CARTESIAN_POINT('Vertex',(1.31842023116,2.4133520452,10.25)) ;
#8779=CARTESIAN_POINT('Line Origine',(-1.31842023116,-2.4133520452,11.5)) ;
#8783=CARTESIAN_POINT('Vertex',(-1.31842023116,-2.4133520452,10.25)) ;
#8786=CARTESIAN_POINT('Axis2P3D Location',(0.,7.35309249386E-015,10.25)) ;
#8798=CARTESIAN_POINT('Axis2P3D Location',(0.,7.35309249386E-015,10.25)) ;
#8810=CARTESIAN_POINT('Axis2P3D Location',(3.14592796258E-012,-2.66686672745E-012,7.5)) ;
#8815=CARTESIAN_POINT('Line Origine',(1.25849203884,2.30365422496,10.125)) ;
#8820=CARTESIAN_POINT('Line Origine',(-1.25849203884,-2.30365422496,10.125)) ;
#8832=CARTESIAN_POINT('Axis2P3D Location',(-4.49240644684E-012,-1.26498811426E-012,7.5)) ;
#8844=CARTESIAN_POINT('Axis2P3D Location',(0.,4.66293670343E-015,6.5)) ;
#8849=CARTESIAN_POINT('Line Origine',(0.719138307906,1.31637384284,5.)) ;
#8853=CARTESIAN_POINT('Vertex',(0.719138307906,1.31637384284,0.3)) ;
#8856=CARTESIAN_POINT('Line Origine',(-0.719138307906,-1.31637384284,5.)) ;
#8860=CARTESIAN_POINT('Vertex',(-0.719138307906,-1.31637384284,0.3)) ;
#8863=CARTESIAN_POINT('Axis2P3D Location',(0.,2.15212463235E-016,0.3)) ;
#8875=CARTESIAN_POINT('Axis2P3D Location',(0.,2.15212463235E-016,0.3)) ;
#8887=CARTESIAN_POINT('Axis2P3D Location',(0.,0.,0.)) ;
#8892=CARTESIAN_POINT('Axis2P3D Location',(-1.09079412169E-014,-3.9426795162E-014,2.82837923476E-029)) ;
#8896=CARTESIAN_POINT('Vertex',(-0.575310338099,-1.05309924265,7.55466940141E-016)) ;
#8898=CARTESIAN_POINT('Vertex',(0.575310646325,1.05309907427,-7.55466819346E-016)) ;
#8901=CARTESIAN_POINT('Axis2P3D Location',(-1.32907573835E-013,1.27522992166E-013,-9.14817908772E-029)) ;
#8911=CARTESIAN_POINT('Axis2P3D Location',(-1.11866071961E-012,3.49054118942E-013,-1.2)) ;
#8916=CARTESIAN_POINT('Line Origine',(-0.647224477116,-1.18473645855,0.15)) ;
#8921=CARTESIAN_POINT('Line Origine',(0.647224477116,1.18473645855,0.15)) ;
#8933=CARTESIAN_POINT('Axis2P3D Location',(-5.55111512313E-016,-8.881784197E-016,-1.2)) ;
#8945=CARTESIAN_POINT('Axis2P3D Location',(0.,2.75,13.)) ;
#8954=CARTESIAN_POINT('Line Origine',(-1.09125,-0.630033481253,13.)) ;
#8958=CARTESIAN_POINT('Vertex',(-1.455,7.9936057773E-015,13.)) ;
#8960=CARTESIAN_POINT('Vertex',(-0.7275,-1.26006696251,13.)) ;
#8963=CARTESIAN_POINT('Line Origine',(-1.09125,0.630033481253,13.)) ;
#8967=CARTESIAN_POINT('Vertex',(-0.7275,1.26006696251,13.)) ;
#8970=CARTESIAN_POINT('Line Origine',(-9.99200722163E-016,1.26006696251,13.)) ;
#8974=CARTESIAN_POINT('Vertex',(0.7275,1.26006696251,13.)) ;
#8977=CARTESIAN_POINT('Line Origine',(1.09125,0.630033481253,13.)) ;
#8981=CARTESIAN_POINT('Vertex',(1.455,1.04360964315E-014,13.)) ;
#8984=CARTESIAN_POINT('Line Origine',(1.09125,-0.630033481253,13.)) ;
#8988=CARTESIAN_POINT('Vertex',(0.7275,-1.26006696251,13.)) ;
#8991=CARTESIAN_POINT('Line Origine',(6.66133814775E-016,-1.26006696251,13.)) ;
#9005=CARTESIAN_POINT('Axis2P3D Location',(0.7275,-1.26006696251,13.)) ;
#9010=CARTESIAN_POINT('Line Origine',(0.7275,-1.26006696251,12.)) ;
#9014=CARTESIAN_POINT('Vertex',(0.7275,-1.26006696251,11.)) ;
#9017=CARTESIAN_POINT('Line Origine',(1.455,9.71872155403E-015,12.)) ;
#9021=CARTESIAN_POINT('Vertex',(1.455,8.77930207165E-015,11.)) ;
#9024=CARTESIAN_POINT('Line Origine',(1.09125,-0.630033481253,11.)) ;
#9036=CARTESIAN_POINT('Axis2P3D Location',(-0.7275,-1.26006696251,13.)) ;
#9041=CARTESIAN_POINT('Line Origine',(-0.7275,-1.26006696251,12.)) ;
#9045=CARTESIAN_POINT('Vertex',(-0.7275,-1.26006696251,11.)) ;
#9048=CARTESIAN_POINT('Line Origine',(6.66133814775E-016,-1.26006696251,11.)) ;
#9060=CARTESIAN_POINT('Axis2P3D Location',(1.455,1.02140518266E-014,13.)) ;
#9065=CARTESIAN_POINT('Line Origine',(0.7275,1.26006696251,12.)) ;
#9069=CARTESIAN_POINT('Vertex',(0.7275,1.26006696251,11.)) ;
#9072=CARTESIAN_POINT('Line Origine',(1.09125,0.630033481253,11.)) ;
#9084=CARTESIAN_POINT('Axis2P3D Location',(0.,7.89112365195E-015,11.)) ;
#9089=CARTESIAN_POINT('Line Origine',(-9.99200722163E-016,1.26006696251,11.)) ;
#9093=CARTESIAN_POINT('Vertex',(-0.7275,1.26006696251,11.)) ;
#9096=CARTESIAN_POINT('Line Origine',(-1.09125,0.630033481253,11.)) ;
#9100=CARTESIAN_POINT('Vertex',(-1.455,6.5588560224E-015,11.)) ;
#9103=CARTESIAN_POINT('Line Origine',(-1.09125,-0.630033481253,11.)) ;
#9117=CARTESIAN_POINT('Axis2P3D Location',(-1.455,8.43769498715E-015,13.)) ;
#9122=CARTESIAN_POINT('Line Origine',(-1.455,7.7203201097E-015,12.)) ;
#9134=CARTESIAN_POINT('Axis2P3D Location',(0.7275,1.26006696251,13.)) ;
#9139=CARTESIAN_POINT('Line Origine',(-0.7275,1.26006696251,12.)) ;
#9151=CARTESIAN_POINT('Axis2P3D Location',(-0.7275,1.26006696251,13.)) ;
#9173=CARTESIAN_POINT('NONE',(0.,0.,0.)) ;
#9174=CARTESIAN_POINT('NONE',(7.1054273576E-015,4.97379915032E-014,46.9111053565)) ;
#9188=CARTESIAN_POINT('NONE',(0.,0.,0.)) ;
#9189=CARTESIAN_POINT('NONE',(9.20615928941,2.34448952612,46.9110465332)) ;
#9201=CARTESIAN_POINT('NONE',(0.,0.,0.)) ;
#9202=CARTESIAN_POINT('NONE',(0.615117632151,9.48006488894,46.9110465332)) ;
#9214=CARTESIAN_POINT('NONE',(0.,0.,0.)) ;
#9215=CARTESIAN_POINT('NONE',(-8.82599568566,3.51451279081,46.9110465332)) ;
#9227=CARTESIAN_POINT('NONE',(0.,0.,0.)) ;
#9228=CARTESIAN_POINT('NONE',(5.07460171455,-8.03109067554,46.9110465332)) ;
#9240=CARTESIAN_POINT('NONE',(0.,0.,0.)) ;
#9241=CARTESIAN_POINT('NONE',(-6.06988295045,-7.30797653033,46.9110465332)) ;
#9253=CARTESIAN_POINT('NONE',(0.,0.,0.)) ;
#9254=CARTESIAN_POINT('NONE',(11.,0.,-0.77)) ;
#9266=CARTESIAN_POINT('NONE',(0.,0.,0.)) ;
#9267=CARTESIAN_POINT('NONE',(-5.5,-9.52627944163,-0.77)) ;
#9279=CARTESIAN_POINT('NONE',(0.,0.,0.)) ;
#9280=CARTESIAN_POINT('NONE',(-5.5,9.52627944163,-0.77)) ;
#9292=CARTESIAN_POINT('NONE',(0.,0.,0.)) ;
#9293=CARTESIAN_POINT('NONE',(-10.,-17.3205080757,-12.77)) ;
#9305=CARTESIAN_POINT('NONE',(0.,0.,0.)) ;
#9306=CARTESIAN_POINT('NONE',(20.,0.,-12.77)) ;
#9318=CARTESIAN_POINT('NONE',(0.,0.,0.)) ;
#9319=CARTESIAN_POINT('NONE',(-10.,17.3205080757,-12.77)) ;
#9331=CARTESIAN_POINT('NONE',(0.,0.,0.)) ;
#9332=CARTESIAN_POINT('NONE',(-10.,-17.3205080757,-21.77)) ;
#9344=CARTESIAN_POINT('NONE',(0.,0.,0.)) ;
#9345=CARTESIAN_POINT('NONE',(-10.,17.3205080757,-21.77)) ;
#9357=CARTESIAN_POINT('NONE',(0.,0.,0.)) ;
#9358=CARTESIAN_POINT('NONE',(20.,0.,-21.77)) ;
#9370=CARTESIAN_POINT('NONE',(0.,0.,0.)) ;
#9371=CARTESIAN_POINT('NONE',(-10.1491953686,16.0621685945,20.77)) ;
#9385=CARTESIAN_POINT('Axis2P3D Location',(1.22746257602E-012,-2.83306711423E-012,-1.2)) ;
#9390=CARTESIAN_POINT('Line Origine',(-1.55,5.91110493887E-013,0.350000000003)) ;
#9394=CARTESIAN_POINT('Vertex',(-1.5,1.83690953073E-016,0.3)) ;
#9396=CARTESIAN_POINT('Vertex',(-1.6,9.76974637817E-008,0.4)) ;
#9399=CARTESIAN_POINT('Axis2P3D Location',(-8.17124146144E-014,1.88515869586E-013,0.400000000002)) ;
#9403=CARTESIAN_POINT('Vertex',(1.6,-7.16610202169E-016,0.4)) ;
#9406=CARTESIAN_POINT('Line Origine',(1.55,5.90222315467E-013,0.350000000002)) ;
#9410=CARTESIAN_POINT('Vertex',(1.5,-3.67381906147E-016,0.3)) ;
#9413=CARTESIAN_POINT('Axis2P3D Location',(1.11022300689E-016,-3.33066903294E-016,0.300000000002)) ;
#9425=CARTESIAN_POINT('Axis2P3D Location',(-1.59650070941E-013,-4.76896300228E-013,-1.2)) ;
#9431=CARTESIAN_POINT('Control Point',(0.259942097093,1.57874320463,0.4)) ;
#9432=CARTESIAN_POINT('Control Point',(0.243399801379,1.54551419751,0.364524932359)) ;
#9433=CARTESIAN_POINT('Control Point',(0.227914449342,1.51429450653,0.331315680088)) ;
#9434=CARTESIAN_POINT('Control Point',(0.213311707896,1.4847552375,0.3)) ;
#9435=CARTESIAN_POINT('Vertex',(0.259942097093,1.57874320463,0.4)) ;
#9437=CARTESIAN_POINT('Vertex',(0.213311331278,1.48475510236,0.3)) ;
#9440=CARTESIAN_POINT('Axis2P3D Location',(2.22044604942E-016,2.22044604976E-016,0.3)) ;
#9445=CARTESIAN_POINT('Axis2P3D Location',(1.08801856413E-014,3.20299342605E-014,0.4)) ;
#9457=CARTESIAN_POINT('Axis2P3D Location',(7.16093850882E-015,1.99174010618E-012,-1.2)) ;
#9463=CARTESIAN_POINT('Control Point',(-0.00736427356225,1.49998192238,0.299999999998)) ;
#9464=CARTESIAN_POINT('Control Point',(0.00721305564049,1.53131505099,0.331261183356)) ;
#9465=CARTESIAN_POINT('Control Point',(0.0226956239037,1.56437780124,0.364463613008)) ;
#9466=CARTESIAN_POINT('Control Point',(0.0392665133002,1.59951809647,0.399999999998)) ;
#9467=CARTESIAN_POINT('Vertex',(-0.00736425251475,1.49998173013,0.3)) ;
#9469=CARTESIAN_POINT('Vertex',(0.0392665133008,1.59951809647,0.4)) ;
#9472=CARTESIAN_POINT('Axis2P3D Location',(-8.32667268459E-016,-1.32782673743E-013,0.399999999998)) ;
#9477=CARTESIAN_POINT('Axis2P3D Location',(-3.33066907378E-016,2.48961977333E-024,0.299999999998)) ;
#9489=CARTESIAN_POINT('Axis2P3D Location',(0.,0.,0.4)) ;
#9494=CARTESIAN_POINT('Line Origine',(0.259942097093,2.10798167604,0.4)) ;
#9498=CARTESIAN_POINT('Vertex',(0.259942097093,2.63722014746,0.4)) ;
#9501=CARTESIAN_POINT('Line Origine',(0.0392665133008,2.12461358185,0.4)) ;
#9505=CARTESIAN_POINT('Vertex',(0.0392665133008,2.64970906722,0.4)) ;
#9508=CARTESIAN_POINT('Axis2P3D Location',(-1.8015103298E-014,3.42226247341E-014,0.4)) ;
#9512=CARTESIAN_POINT('Vertex',(-2.65,-3.88121804321E-007,0.4)) ;
#9515=CARTESIAN_POINT('Axis2P3D Location',(7.0716765949E-031,1.46069815314E-016,0.4)) ;
#9519=CARTESIAN_POINT('Vertex',(2.65,-5.02971552211E-016,0.4)) ;
#9522=CARTESIAN_POINT('Axis2P3D Location',(-1.52176882207E-013,-1.48853152027E-013,0.4)) ;
#9538=CARTESIAN_POINT('Axis2P3D Location',(2.22044604925E-016,-2.07056594093E-014,3.05)) ;
#9543=CARTESIAN_POINT('Line Origine',(-2.7,7.88258347484E-015,0.35)) ;
#9547=CARTESIAN_POINT('Vertex',(-2.75,1.55801207439E-015,0.3)) ;
#9550=CARTESIAN_POINT('Axis2P3D Location',(2.22044604925E-016,6.66133814775E-016,0.3)) ;
#9554=CARTESIAN_POINT('Vertex',(2.75,-3.11602414878E-015,0.3)) ;
#9557=CARTESIAN_POINT('Line Origine',(2.7,3.66373598126E-015,0.35)) ;
#9569=CARTESIAN_POINT('Axis2P3D Location',(2.31592522937E-013,6.43207709317E-013,3.05)) ;
#9575=CARTESIAN_POINT('Control Point',(0.259941929341,2.63722016399,0.4)) ;
#9576=CARTESIAN_POINT('Control Point',(0.244972437114,2.67095340176,0.367897820323)) ;
#9577=CARTESIAN_POINT('Control Point',(0.229449354595,2.70574621577,0.33460810203)) ;
#9578=CARTESIAN_POINT('Control Point',(0.213311331584,2.74171447744,0.3)) ;
#9579=CARTESIAN_POINT('Vertex',(0.213311331278,2.74171444944,0.3)) ;
#9582=CARTESIAN_POINT('Axis2P3D Location',(-4.4408920983E-016,-9.99200722108E-016,0.3)) ;
#9594=CARTESIAN_POINT('Axis2P3D Location',(4.41334468971E-012,-1.19770859897E-012,3.05)) ;
#9600=CARTESIAN_POINT('Control Point',(-0.0073642547145,2.74999013957,0.300000000004)) ;
#9601=CARTESIAN_POINT('Control Point',(0.00875845167875,2.71545793549,0.334575255442)) ;
#9602=CARTESIAN_POINT('Control Point',(0.0242828516298,2.68206921846,0.367865428108)) ;
#9603=CARTESIAN_POINT('Control Point',(0.0392674485966,2.64970905336,0.400000000004)) ;
#9604=CARTESIAN_POINT('Vertex',(-0.00736425251475,2.7499901113,0.3)) ;
#9607=CARTESIAN_POINT('Axis2P3D Location',(8.32667271164E-016,-8.88178420431E-016,0.300000000002)) ;
#9619=CARTESIAN_POINT('Axis2P3D Location',(0.,0.,0.)) ;
#9624=CARTESIAN_POINT('Line Origine',(-2.75,1.55801207439E-015,0.)) ;
#9628=CARTESIAN_POINT('Vertex',(-2.75,1.55801207439E-015,-0.3)) ;
#9632=CARTESIAN_POINT('Control Point',(-0.287148848569,2.73496719153,-0.3)) ;
#9633=CARTESIAN_POINT('Control Point',(-0.193953784895,2.74475189949,-0.100142522738)) ;
#9634=CARTESIAN_POINT('Control Point',(-0.100650965201,2.74974032519,0.0999460227641)) ;
#9635=CARTESIAN_POINT('Control Point',(-0.00736425471354,2.74999013957,0.3)) ;
#9636=CARTESIAN_POINT('Vertex',(-0.287148847408,2.73496716328,-0.3)) ;
#9639=CARTESIAN_POINT('Axis2P3D Location',(0.,0.,-0.3)) ;
#9652=CARTESIAN_POINT('Control Point',(0.213311331584,2.74171447744,0.3)) ;
#9653=CARTESIAN_POINT('Control Point',(0.12009299531,2.74896706614,0.100092623973)) ;
#9654=CARTESIAN_POINT('Control Point',(0.0267905867331,2.75145152514,-0.0999950400103)) ;
#9655=CARTESIAN_POINT('Control Point',(-0.0664732622636,2.74919648359,-0.3)) ;
#9656=CARTESIAN_POINT('Vertex',(-0.0664732636153,2.74919645558,-0.3)) ;
#9659=CARTESIAN_POINT('Line Origine',(2.75,0.,0.)) ;
#9663=CARTESIAN_POINT('Vertex',(2.75,-3.11602414878E-015,-0.3)) ;
#9666=CARTESIAN_POINT('Axis2P3D Location',(0.,0.,-0.3)) ;
#9678=CARTESIAN_POINT('Axis2P3D Location',(0.,0.,-0.3)) ;
#9690=CARTESIAN_POINT('Axis2P3D Location',(1.76525460915E-014,3.31401572851E-014,-3.05)) ;
#9695=CARTESIAN_POINT('Line Origine',(-2.7,-1.99840144433E-015,-0.35)) ;
#9699=CARTESIAN_POINT('Vertex',(-2.65,1.15775386364E-007,-0.4)) ;
#9702=CARTESIAN_POINT('Axis2P3D Location',(3.15544362088E-029,7.77156117238E-016,-0.4)) ;
#9706=CARTESIAN_POINT('Vertex',(2.65,-5.86021438624E-016,-0.4)) ;
#9709=CARTESIAN_POINT('Line Origine',(2.7,-4.66293670343E-015,-0.35)) ;
#9721=CARTESIAN_POINT('Axis2P3D Location',(2.08055794815E-013,6.16728890179E-013,-3.05)) ;
#9726=CARTESIAN_POINT('Axis2P3D Location',(7.99360577732E-015,2.24265050975E-014,-0.4)) ;
#9730=CARTESIAN_POINT('Vertex',(-0.113104029431,2.64758521648,-0.4)) ;
#9734=CARTESIAN_POINT('Control Point',(-0.0664732391556,2.74919648415,-0.3)) ;
#9735=CARTESIAN_POINT('Control Point',(-0.0826005156753,2.7142113759,-0.334585056105)) ;
#9736=CARTESIAN_POINT('Control Point',(-0.0981242983378,2.68037858247,-0.367875863003)) ;
#9737=CARTESIAN_POINT('Control Point',(-0.113104029431,2.64758521648,-0.4)) ;
#9746=CARTESIAN_POINT('Axis2P3D Location',(1.37795330702E-012,-4.50772752459E-012,-3.05)) ;
#9751=CARTESIAN_POINT('Axis2P3D Location',(5.10702591309E-014,-1.65201186058E-013,-0.399999999996)) ;
#9755=CARTESIAN_POINT('Vertex',(-0.333779613223,2.6288954277,-0.4)) ;
#9759=CARTESIAN_POINT('Control Point',(-0.333779613222,2.6288954277,-0.399999999997)) ;
#9760=CARTESIAN_POINT('Control Point',(-0.31881580976,2.66314291385,-0.367910019916)) ;
#9761=CARTESIAN_POINT('Control Point',(-0.303293001539,2.69846064277,-0.334621250261)) ;
#9762=CARTESIAN_POINT('Control Point',(-0.287148847406,2.73496719166,-0.299999999997)) ;
#9771=CARTESIAN_POINT('Axis2P3D Location',(0.,0.,0.)) ;
#9776=CARTESIAN_POINT('Axis2P3D Location',(0.,0.,-0.3)) ;
#9780=CARTESIAN_POINT('Vertex',(1.5,-3.67381906147E-016,-0.3)) ;
#9782=CARTESIAN_POINT('Vertex',(-0.0664732636152,1.49852619186,-0.3)) ;
#9785=CARTESIAN_POINT('Line Origine',(1.5,0.,0.)) ;
#9791=CARTESIAN_POINT('Control Point',(0.21331134888,1.48475528908,0.3)) ;
#9792=CARTESIAN_POINT('Control Point',(0.120197104709,1.49813279658,0.10031565591)) ;
#9793=CARTESIAN_POINT('Control Point',(0.0267961508049,1.50266372357,-0.0999831892858)) ;
#9794=CARTESIAN_POINT('Control Point',(-0.0664732558425,1.49852637823,-0.3)) ;
#9803=CARTESIAN_POINT('Axis2P3D Location',(0.,0.,-0.3)) ;
#9807=CARTESIAN_POINT('Vertex',(-1.5,1.83690953073E-016,-0.3)) ;
#9810=CARTESIAN_POINT('Line Origine',(-1.5,1.83690953073E-016,0.)) ;
#9822=CARTESIAN_POINT('Axis2P3D Location',(0.,0.,-0.3)) ;
#9826=CARTESIAN_POINT('Vertex',(-0.287148847408,1.47225845315,-0.3)) ;
#9830=CARTESIAN_POINT('Control Point',(-0.287148879186,1.47225864616,-0.3)) ;
#9831=CARTESIAN_POINT('Control Point',(-0.194117192156,1.49040351814,-0.100492544398)) ;
#9832=CARTESIAN_POINT('Control Point',(-0.100711422433,1.49952362757,0.0998166179035)) ;
#9833=CARTESIAN_POINT('Control Point',(-0.00736427356225,1.49998192238,0.3)) ;
#9842=CARTESIAN_POINT('Axis2P3D Location',(0.,0.,-0.4)) ;
#9847=CARTESIAN_POINT('Axis2P3D Location',(-9.57567358739E-016,3.23907567434E-014,-0.4)) ;
#9851=CARTESIAN_POINT('Vertex',(-0.333779613223,1.56479748523,-0.4)) ;
#9853=CARTESIAN_POINT('Vertex',(-1.6,-3.91373798535E-007,-0.4)) ;
#9856=CARTESIAN_POINT('Axis2P3D Location',(-4.50750547998E-014,-1.76035360876E-014,-0.4)) ;
#9860=CARTESIAN_POINT('Vertex',(1.6,-9.42384462566E-016,-0.4)) ;
#9863=CARTESIAN_POINT('Axis2P3D Location',(-1.25989930294E-013,1.40498723766E-013,-0.4)) ;
#9867=CARTESIAN_POINT('Vertex',(-0.113104029431,1.59599733036,-0.4)) ;
#9870=CARTESIAN_POINT('Line Origine',(-0.113104029431,2.12179127342,-0.4)) ;
#9875=CARTESIAN_POINT('Line Origine',(-0.333779613223,2.09684645647,-0.4)) ;
#9891=CARTESIAN_POINT('Axis2P3D Location',(0.0392665133008,0.,0.4)) ;
#9897=CARTESIAN_POINT('Control Point',(-0.333779613223,1.56479748523,-0.4)) ;
#9898=CARTESIAN_POINT('Control Point',(-0.324964431767,1.54734831285,-0.381095782362)) ;
#9899=CARTESIAN_POINT('Control Point',(-0.316398603499,1.53037290152,-0.362726304362)) ;
#9900=CARTESIAN_POINT('Control Point',(-0.308068046273,1.51384451207,-0.344861366739)) ;
#9901=CARTESIAN_POINT('Control Point',(-0.298944538222,1.49572180684,-0.325295940584)) ;
#9902=CARTESIAN_POINT('Control Point',(-0.290090284169,1.47811086623,-0.306307931491)) ;
#9903=CARTESIAN_POINT('Control Point',(-0.289106473661,1.47615359337,-0.304198143048)) ;
#9904=CARTESIAN_POINT('Control Point',(-0.288126019719,1.47420290445,-0.302095552785)) ;
#9905=CARTESIAN_POINT('Control Point',(-0.287148847408,1.47225845315,-0.3)) ;
#9918=CARTESIAN_POINT('Axis2P3D Location',(0.259942097093,0.,0.4)) ;
#9924=CARTESIAN_POINT('Control Point',(-0.0664732636152,1.49852619186,-0.3)) ;
#9925=CARTESIAN_POINT('Control Point',(-0.0752257408989,1.51692614591,-0.318769748106)) ;
#9926=CARTESIAN_POINT('Control Point',(-0.0842480649484,1.5358409515,-0.33811818447)) ;
#9927=CARTESIAN_POINT('Control Point',(-0.0935563492444,1.55530142065,-0.358079864561)) ;
#9928=CARTESIAN_POINT('Control Point',(-0.103168193048,1.57534054874,-0.378692530117)) ;
#9929=CARTESIAN_POINT('Control Point',(-0.113104029431,1.59599733036,-0.4)) ;
#9942=CARTESIAN_POINT('Axis2P3D Location',(8.52873327517E-013,3.42614825399E-013,1.2)) ;
#9947=CARTESIAN_POINT('Line Origine',(-1.55,2.85577117509E-013,-0.35)) ;
#9952=CARTESIAN_POINT('Line Origine',(1.55,2.85188539451E-013,-0.350000000001)) ;
#9964=CARTESIAN_POINT('Axis2P3D Location',(-1.46327394646E-013,-4.56912285785E-013,1.2)) ;
#9976=CARTESIAN_POINT('Axis2P3D Location',(-1.40493172651E-012,6.35047570085E-014,1.2)) ;
#9998=CARTESIAN_POINT('NONE',(0.,0.,0.)) ;
#9999=CARTESIAN_POINT('NONE',(7.1054273576E-015,5.69117402777E-014,56.5111053565)) ;
#62=DIRECTION('Axis2P3D Direction',(0.,0.,1.)) ;
#63=DIRECTION('Axis2P3D XDirection',(1.,0.,0.)) ;
#67=DIRECTION('Axis2P3D Direction',(0.,0.,1.)) ;
#76=DIRECTION('Vector Direction',(0.,0.,1.)) ;
#83=DIRECTION('Axis2P3D Direction',(0.,0.,1.)) ;
#90=DIRECTION('Vector Direction',(0.,0.,1.)) ;
#102=DIRECTION('Axis2P3D Direction',(0.,0.,1.)) ;
#107=DIRECTION('Axis2P3D Direction',(0.,0.,1.)) ;
#119=DIRECTION('Axis2P3D Direction',(0.,0.,1.)) ;
#120=DIRECTION('Axis2P3D XDirection',(1.,0.,0.)) ;
#124=DIRECTION('Axis2P3D Direction',(0.,0.,1.)) ;
#133=DIRECTION('Axis2P3D Direction',(0.,0.,1.)) ;
#147=DIRECTION('Axis2P3D Direction',(0.,0.,1.)) ;
#148=DIRECTION('Axis2P3D XDirection',(1.,0.,0.)) ;
#152=DIRECTION('Axis2P3D Direction',(0.,0.,1.)) ;
#161=DIRECTION('Axis2P3D Direction',(0.,0.,1.)) ;
#175=DIRECTION('Axis2P3D Direction',(1.,0.,0.)) ;
#176=DIRECTION('Axis2P3D XDirection',(0.,1.,0.)) ;
#180=DIRECTION('Axis2P3D Direction',(1.,0.,0.)) ;
#189=DIRECTION('Axis2P3D Direction',(1.,0.,0.)) ;
#199=DIRECTION('Axis2P3D Direction',(1.,0.,0.)) ;
#200=DIRECTION('Axis2P3D XDirection',(0.,1.,0.)) ;
#216=DIRECTION('Vector Direction',(1.,0.,0.)) ;
#221=DIRECTION('Vector Direction',(1.,0.,0.)) ;
#270=DIRECTION('Axis2P3D Direction',(0.,0.,1.)) ;
#271=DIRECTION('Axis2P3D XDirection',(1.,0.,0.)) ;
#275=DIRECTION('Vector Direction',(0.,0.,1.)) ;
#280=DIRECTION('Vector Direction',(0.,0.,1.)) ;
#285=DIRECTION('Vector Direction',(0.,0.,1.)) ;
#386=DIRECTION('Axis2P3D Direction',(-0.5,0.866025403784,0.)) ;
#387=DIRECTION('Axis2P3D XDirection',(-0.866025403784,-0.5,0.)) ;
#391=DIRECTION('Axis2P3D Direction',(-0.5,0.866025403784,0.)) ;
#400=DIRECTION('Axis2P3D Direction',(-0.5,0.866025403784,0.)) ;
#410=DIRECTION('Axis2P3D Direction',(-0.5,0.866025403784,0.)) ;
#411=DIRECTION('Axis2P3D XDirection',(-0.866025403784,-0.5,0.)) ;
#415=DIRECTION('Vector Direction',(-0.5,0.866025403784,0.)) ;
#420=DIRECTION('Vector Direction',(-0.5,0.866025403784,0.)) ;
#440=DIRECTION('Axis2P3D Direction',(-0.5,-0.866025403784,0.)) ;
#441=DIRECTION('Axis2P3D XDirection',(0.866025403784,-0.5,0.)) ;
#445=DIRECTION('Axis2P3D Direction',(-0.5,-0.866025403784,0.)) ;
#454=DIRECTION('Axis2P3D Direction',(-0.5,-0.866025403784,0.)) ;
#464=DIRECTION('Axis2P3D Direction',(-0.5,-0.866025403784,0.)) ;
#465=DIRECTION('Axis2P3D XDirection',(0.866025403784,-0.5,0.)) ;
#469=DIRECTION('Vector Direction',(-0.5,-0.866025403784,0.)) ;
#474=DIRECTION('Vector Direction',(-0.5,-0.866025403784,0.)) ;
#505=DIRECTION('NONE',(1.,0.,0.)) ;
#506=DIRECTION('NONE',(0.,0.,1.)) ;
#507=DIRECTION('NONE',(1.,0.,-0.)) ;
#508=DIRECTION('NONE',(0.,0.,1.)) ;
#521=DIRECTION('Axis2P3D Direction',(0.,0.,1.)) ;
#522=DIRECTION('Axis2P3D XDirection',(-0.479425538604,0.87758256189,0.)) ;
#526=DIRECTION('Vector Direction',(0.,0.,1.)) ;
#535=DIRECTION('Axis2P3D Direction',(0.,0.,1.)) ;
#542=DIRECTION('Vector Direction',(0.,0.,1.)) ;
#549=DIRECTION('Axis2P3D Direction',(0.,0.,1.)) ;
#561=DIRECTION('Axis2P3D Direction',(0.,0.,1.)) ;
#566=DIRECTION('Axis2P3D Direction',(0.,0.,1.)) ;
#578=DIRECTION('Axis2P3D Direction',(0.,0.,1.)) ;
#579=DIRECTION('Axis2P3D XDirection',(-0.479425538604,0.87758256189,0.)) ;
#583=DIRECTION('Vector Direction',(0.,0.,1.)) ;
#592=DIRECTION('Axis2P3D Direction',(0.,0.,1.)) ;
#599=DIRECTION('Vector Direction',(0.,0.,1.)) ;
#606=DIRECTION('Axis2P3D Direction',(0.,0.,1.)) ;
#618=DIRECTION('Axis2P3D Direction',(0.,0.,1.)) ;
#623=DIRECTION('Axis2P3D Direction',(0.,0.,1.)) ;
#635=DIRECTION('Vector Direction',(0.,0.,1.)) ;
#644=DIRECTION('Axis2P3D Direction',(0.,0.,1.)) ;
#651=DIRECTION('Vector Direction',(0.,0.,1.)) ;
#658=DIRECTION('Axis2P3D Direction',(0.,0.,1.)) ;
#670=DIRECTION('Axis2P3D Direction',(0.,0.,1.)) ;
#675=DIRECTION('Axis2P3D Direction',(0.,0.,1.)) ;
#687=DIRECTION('Axis2P3D Direction',(0.,0.,1.)) ;
#688=DIRECTION('Axis2P3D XDirection',(1.,0.,0.)) ;
#696=DIRECTION('Axis2P3D Direction',(0.,0.,1.)) ;
#705=DIRECTION('Axis2P3D Direction',(0.,0.,1.)) ;
#715=DIRECTION('Axis2P3D Direction',(0.,0.,1.)) ;
#716=DIRECTION('Axis2P3D XDirection',(1.,0.,0.)) ;
#729=DIRECTION('Axis2P3D Direction',(0.,0.,1.)) ;
#730=DIRECTION('Axis2P3D XDirection',(1.,0.,0.)) ;
#743=DIRECTION('Axis2P3D Direction',(0.,0.,1.)) ;
#744=DIRECTION('Axis2P3D XDirection',(1.,0.,0.)) ;
#748=DIRECTION('Axis2P3D Direction',(0.,0.,1.)) ;
#757=DIRECTION('Axis2P3D Direction',(0.,0.,1.)) ;
#771=DIRECTION('Axis2P3D Direction',(0.,0.,1.)) ;
#772=DIRECTION('Axis2P3D XDirection',(1.,0.,0.)) ;
#776=DIRECTION('Axis2P3D Direction',(0.,0.,1.)) ;
#785=DIRECTION('Axis2P3D Direction',(0.,0.,1.)) ;
#794=DIRECTION('Axis2P3D Direction',(0.,0.,1.)) ;
#803=DIRECTION('Axis2P3D Direction',(0.,0.,1.)) ;
#813=DIRECTION('Axis2P3D Direction',(0.,0.,1.)) ;
#814=DIRECTION('Axis2P3D XDirection',(-0.479425538604,0.87758256189,0.)) ;
#818=DIRECTION('Axis2P3D Direction',(0.,0.,1.)) ;
#827=DIRECTION('Vector Direction',(0.,0.,1.)) ;
#832=DIRECTION('Vector Direction',(0.,0.,1.)) ;
#844=DIRECTION('Axis2P3D Direction',(0.,0.,1.)) ;
#856=DIRECTION('Axis2P3D Direction',(0.,0.,1.)) ;
#857=DIRECTION('Axis2P3D XDirection',(-0.479425538604,0.87758256189,0.)) ;
#861=DIRECTION('Axis2P3D Direction',(0.,0.,1.)) ;
#870=DIRECTION('Axis2P3D Direction',(0.87758256189,0.479425538604,-0.)) ;
#875=DIRECTION('Axis2P3D Direction',(-0.87758256189,-0.479425538604,0.)) ;
#887=DIRECTION('Axis2P3D Direction',(0.,0.,1.)) ;
#908=DIRECTION('Axis2P3D Direction',(0.,1.,-0.)) ;
#909=DIRECTION('Axis2P3D XDirection',(-1.,0.,0.)) ;
#913=DIRECTION('Axis2P3D Direction',(0.,1.,-0.)) ;
#922=DIRECTION('Axis2P3D Direction',(0.,1.,-0.)) ;
#932=DIRECTION('Axis2P3D Direction',(0.,1.,0.)) ;
#933=DIRECTION('Axis2P3D XDirection',(-1.,0.,0.)) ;
#949=DIRECTION('Vector Direction',(0.,1.,0.)) ;
#954=DIRECTION('Vector Direction',(0.,1.,0.)) ;
#1003=DIRECTION('Axis2P3D Direction',(0.,0.,1.)) ;
#1004=DIRECTION('Axis2P3D XDirection',(-0.479425538604,0.87758256189,0.)) ;
#1008=DIRECTION('Vector Direction',(0.,0.,1.)) ;
#1013=DIRECTION('Vector Direction',(0.,0.,1.)) ;
#1228=DIRECTION('Axis2P3D Direction',(0.587785252292,-0.809016994375,0.)) ;
#1229=DIRECTION('Axis2P3D XDirection',(0.809016994375,0.587785252292,0.)) ;
#1233=DIRECTION('Axis2P3D Direction',(0.587785252292,-0.809016994375,0.)) ;
#1242=DIRECTION('Axis2P3D Direction',(0.587785252292,-0.809016994375,0.)) ;
#1252=DIRECTION('Axis2P3D Direction',(0.587785252292,-0.809016994375,0.)) ;
#1253=DIRECTION('Axis2P3D XDirection',(0.809016994375,0.587785252292,0.)) ;
#1257=DIRECTION('Vector Direction',(0.587785252292,-0.809016994375,0.)) ;
#1262=DIRECTION('Vector Direction',(0.587785252292,-0.809016994375,0.)) ;
#1282=DIRECTION('Axis2P3D Direction',(-0.587785252292,-0.809016994375,0.)) ;
#1283=DIRECTION('Axis2P3D XDirection',(0.809016994375,-0.587785252292,0.)) ;
#1287=DIRECTION('Axis2P3D Direction',(-0.587785252292,-0.809016994375,0.)) ;
#1296=DIRECTION('Axis2P3D Direction',(-0.587785252292,-0.809016994375,0.)) ;
#1306=DIRECTION('Axis2P3D Direction',(-0.587785252292,-0.809016994375,0.)) ;
#1307=DIRECTION('Axis2P3D XDirection',(0.809016994375,-0.587785252292,0.)) ;
#1311=DIRECTION('Vector Direction',(-0.587785252292,-0.809016994375,0.)) ;
#1316=DIRECTION('Vector Direction',(-0.587785252292,-0.809016994375,0.)) ;
#1336=DIRECTION('Axis2P3D Direction',(-0.951056516295,0.309016994375,0.)) ;
#1337=DIRECTION('Axis2P3D XDirection',(-0.309016994375,-0.951056516295,0.)) ;
#1341=DIRECTION('Axis2P3D Direction',(-0.951056516295,0.309016994375,0.)) ;
#1350=DIRECTION('Axis2P3D Direction',(-0.951056516295,0.309016994375,0.)) ;
#1360=DIRECTION('Axis2P3D Direction',(-0.951056516295,0.309016994375,0.)) ;
#1361=DIRECTION('Axis2P3D XDirection',(-0.309016994375,-0.951056516295,0.)) ;
#1365=DIRECTION('Vector Direction',(-0.951056516295,0.309016994375,0.)) ;
#1370=DIRECTION('Vector Direction',(-0.951056516295,0.309016994375,0.)) ;
#1390=DIRECTION('Axis2P3D Direction',(0.951056516295,0.309016994375,-0.)) ;
#1391=DIRECTION('Axis2P3D XDirection',(-0.309016994375,0.951056516295,0.)) ;
#1395=DIRECTION('Axis2P3D Direction',(0.951056516295,0.309016994375,-0.)) ;
#1404=DIRECTION('Axis2P3D Direction',(0.951056516295,0.309016994375,-0.)) ;
#1414=DIRECTION('Axis2P3D Direction',(0.951056516295,0.309016994375,-0.)) ;
#1415=DIRECTION('Axis2P3D XDirection',(-0.309016994375,0.951056516295,0.)) ;
#1419=DIRECTION('Vector Direction',(0.951056516295,0.309016994375,0.)) ;
#1424=DIRECTION('Vector Direction',(0.951056516295,0.309016994375,0.)) ;
#1444=DIRECTION('Axis2P3D Direction',(0.587785252292,0.809016994375,-0.)) ;
#1445=DIRECTION('Axis2P3D XDirection',(-0.809016994375,0.587785252292,0.)) ;
#1449=DIRECTION('Axis2P3D Direction',(0.587785252292,0.809016994375,-0.)) ;
#1458=DIRECTION('Axis2P3D Direction',(0.587785252292,0.809016994375,-0.)) ;
#1468=DIRECTION('Axis2P3D Direction',(0.587785252292,0.809016994375,-0.)) ;
#1469=DIRECTION('Axis2P3D XDirection',(-0.809016994375,0.587785252292,0.)) ;
#1473=DIRECTION('Vector Direction',(0.587785252292,0.809016994375,0.)) ;
#1478=DIRECTION('Vector Direction',(0.587785252292,0.809016994375,0.)) ;
#1509=DIRECTION('NONE',(1.,0.,0.)) ;
#1510=DIRECTION('NONE',(0.,0.,1.)) ;
#1511=DIRECTION('NONE',(0.369948714822,0.929052177438,7.49283493629E-017)) ;
#1512=DIRECTION('NONE',(-1.47847095964E-016,-8.11120206156E-016,1.)) ;
#1525=DIRECTION('Axis2P3D Direction',(-5.78938464331E-015,-6.43264960367E-015,1.)) ;
#1526=DIRECTION('Axis2P3D XDirection',(-0.87758256189,0.479425538604,-1.97563352395E-015)) ;
#1530=DIRECTION('Vector Direction',(-0.620544580564,0.339005049421,0.707106781187)) ;
#1539=DIRECTION('Axis2P3D Direction',(4.03712738395E-015,7.38991210731E-015,-1.)) ;
#1546=DIRECTION('Vector Direction',(0.707106781187,-3.6388561246E-015,0.707106781187)) ;
#1553=DIRECTION('Axis2P3D Direction',(4.03712738395E-015,7.38991210731E-015,-1.)) ;
#1565=DIRECTION('Axis2P3D Direction',(5.14611968294E-015,-8.86923550702E-016,1.)) ;
#1566=DIRECTION('Axis2P3D XDirection',(1.,-6.43249059871E-016,-5.13664716227E-015)) ;
#1570=DIRECTION('Axis2P3D Direction',(5.70512740166E-031,8.86923550702E-016,-1.)) ;
#1577=DIRECTION('Vector Direction',(0.620544580564,-0.339005049421,0.707106781187)) ;
#1584=DIRECTION('Axis2P3D Direction',(5.70512740166E-031,8.86923550702E-016,-1.)) ;
#1596=DIRECTION('Axis2P3D Direction',(2.57305984147E-015,-1.9297948811E-015,1.)) ;
#1597=DIRECTION('Axis2P3D XDirection',(1.,-3.52461631405E-016,-2.63417803193E-015)) ;
#1601=DIRECTION('Axis2P3D Direction',(6.8017865207E-031,1.9297948811E-015,-1.)) ;
#1608=DIRECTION('Vector Direction',(-0.707106781187,-1.5159542745E-015,0.707106781187)) ;
#1615=DIRECTION('Axis2P3D Direction',(6.8017865207E-031,1.9297948811E-015,-1.)) ;
#1627=DIRECTION('Axis2P3D Direction',(0.,8.86923550702E-016,1.)) ;
#1628=DIRECTION('Axis2P3D XDirection',(-1.,-3.67394039744E-016,0.)) ;
#1632=DIRECTION('Axis2P3D Direction',(3.25850426237E-031,-8.86923550702E-016,-1.)) ;
#1637=DIRECTION('Axis2P3D Direction',(3.25850426237E-031,-8.86923550702E-016,-1.)) ;
#1649=DIRECTION('Axis2P3D Direction',(0.,0.,-1.)) ;
#1650=DIRECTION('Axis2P3D XDirection',(-0.87758256189,0.479425538604,0.)) ;
#1654=DIRECTION('Axis2P3D Direction',(0.479425538604,0.87758256189,0.)) ;
#1661=DIRECTION('Axis2P3D Direction',(-0.479425538604,-0.87758256189,-0.)) ;
#1668=DIRECTION('Axis2P3D Direction',(0.,0.,-1.)) ;
#1675=DIRECTION('Axis2P3D Direction',(0.,0.,-1.)) ;
#1689=DIRECTION('Axis2P3D Direction',(0.,0.,-1.)) ;
#1696=DIRECTION('Axis2P3D Direction',(0.,0.,-1.)) ;
#1710=DIRECTION('Axis2P3D Direction',(0.,0.,1.)) ;
#1711=DIRECTION('Axis2P3D XDirection',(1.,0.,0.)) ;
#1715=DIRECTION('Axis2P3D Direction',(0.,0.,1.)) ;
#1724=DIRECTION('Axis2P3D Direction',(0.,0.,1.)) ;
#1731=DIRECTION('Vector Direction',(0.,0.,1.)) ;
#1736=DIRECTION('Vector Direction',(0.,0.,1.)) ;
#1750=DIRECTION('Axis2P3D Direction',(0.,0.,1.)) ;
#1757=DIRECTION('Axis2P3D Direction',(0.,0.,1.)) ;
#1771=DIRECTION('Axis2P3D Direction',(0.,-1.28652992073E-015,-1.)) ;
#1772=DIRECTION('Axis2P3D XDirection',(-0.87758256189,0.479425538604,-6.58544507983E-016)) ;
#1776=DIRECTION('Vector Direction',(-0.620544580564,0.339005049421,-0.707106781187)) ;
#1781=DIRECTION('Vector Direction',(-0.707106781187,-9.09714031151E-016,-0.707106781187)) ;
#1793=DIRECTION('Axis2P3D Direction',(5.14611968294E-015,-6.43264960367E-016,-1.)) ;
#1794=DIRECTION('Axis2P3D XDirection',(-0.87758256189,0.479425538604,-4.87322935907E-015)) ;
#1798=DIRECTION('Vector Direction',(0.620544580564,-0.339005049421,-0.707106781187)) ;
#1810=DIRECTION('Axis2P3D Direction',(-1.28652992073E-015,0.,-1.)) ;
#1811=DIRECTION('Axis2P3D XDirection',(0.428179945372,-0.903693495816,-5.26835606386E-016)) ;
#1815=DIRECTION('Vector Direction',(0.707106781187,4.54857015575E-016,-0.707106781187)) ;
#1827=DIRECTION('Axis2P3D Direction',(0.,-1.28652992073E-015,-1.)) ;
#1828=DIRECTION('Axis2P3D XDirection',(1.,7.87651149918E-017,0.)) ;
#1850=DIRECTION('NONE',(1.,0.,0.)) ;
#1851=DIRECTION('NONE',(0.,0.,1.)) ;
#1852=DIRECTION('NONE',(0.436961640709,0.899480141275,0.)) ;
#1853=DIRECTION('NONE',(0.,0.,1.)) ;
#1866=DIRECTION('Axis2P3D Direction',(0.,0.,1.)) ;
#1867=DIRECTION('Axis2P3D XDirection',(0.996979130264,0.0776699029126,0.)) ;
#1871=DIRECTION('Vector Direction',(0.,0.,1.)) ;
#1880=DIRECTION('Axis2P3D Direction',(0.,0.,1.)) ;
#1887=DIRECTION('Vector Direction',(0.,0.,1.)) ;
#1894=DIRECTION('Axis2P3D Direction',(0.,0.,1.)) ;
#1906=DIRECTION('Axis2P3D Direction',(0.,1.,-0.)) ;
#1907=DIRECTION('Axis2P3D XDirection',(-1.,0.,0.)) ;
#1911=DIRECTION('Vector Direction',(-1.,0.,0.)) ;
#1918=DIRECTION('Vector Direction',(0.,0.,1.)) ;
#1925=DIRECTION('Vector Direction',(-1.,0.,0.)) ;
#1937=DIRECTION('Axis2P3D Direction',(-1.,0.,0.)) ;
#1938=DIRECTION('Axis2P3D XDirection',(0.,-1.,0.)) ;
#1942=DIRECTION('Vector Direction',(0.,-1.,0.)) ;
#1949=DIRECTION('Vector Direction',(0.,0.,1.)) ;
#1956=DIRECTION('Vector Direction',(0.,-1.,0.)) ;
#1968=DIRECTION('Axis2P3D Direction',(0.,0.,1.)) ;
#1969=DIRECTION('Axis2P3D XDirection',(-1.,-1.20980294964E-015,-0.)) ;
#1973=DIRECTION('Axis2P3D Direction',(0.,0.,1.)) ;
#1980=DIRECTION('Vector Direction',(0.,0.,1.)) ;
#1987=DIRECTION('Axis2P3D Direction',(0.,0.,1.)) ;
#1999=DIRECTION('Axis2P3D Direction',(0.,1.,-0.)) ;
#2000=DIRECTION('Axis2P3D XDirection',(-1.,0.,0.)) ;
#2004=DIRECTION('Vector Direction',(-1.,0.,0.)) ;
#2011=DIRECTION('Vector Direction',(0.,0.,1.)) ;
#2018=DIRECTION('Vector Direction',(-1.,0.,0.)) ;
#2030=DIRECTION('Axis2P3D Direction',(0.,0.,1.)) ;
#2031=DIRECTION('Axis2P3D XDirection',(-0.956520023604,-0.291666666667,-0.)) ;
#2035=DIRECTION('Axis2P3D Direction',(0.,0.,1.)) ;
#2042=DIRECTION('Vector Direction',(0.,0.,1.)) ;
#2049=DIRECTION('Axis2P3D Direction',(0.,0.,1.)) ;
#2061=DIRECTION('Axis2P3D Direction',(0.,1.,-0.)) ;
#2062=DIRECTION('Axis2P3D XDirection',(-1.,0.,0.)) ;
#2066=DIRECTION('Vector Direction',(-1.,0.,0.)) ;
#2073=DIRECTION('Vector Direction',(0.,0.,1.)) ;
#2080=DIRECTION('Vector Direction',(-1.,0.,0.)) ;
#2092=DIRECTION('Axis2P3D Direction',(0.,0.,1.)) ;
#2093=DIRECTION('Axis2P3D XDirection',(6.12323399574E-017,1.,0.)) ;
#2097=DIRECTION('Axis2P3D Direction',(0.,0.,1.)) ;
#2104=DIRECTION('Vector Direction',(0.,0.,1.)) ;
#2111=DIRECTION('Axis2P3D Direction',(0.,0.,1.)) ;
#2123=DIRECTION('Vector Direction',(0.,1.,0.)) ;
#2130=DIRECTION('Vector Direction',(0.,0.,1.)) ;
#2137=DIRECTION('Vector Direction',(0.,1.,0.)) ;
#2149=DIRECTION('Axis2P3D Direction',(0.,1.,-0.)) ;
#2150=DIRECTION('Axis2P3D XDirection',(-1.,0.,0.)) ;
#2154=DIRECTION('Vector Direction',(-1.,0.,0.)) ;
#2161=DIRECTION('Vector Direction',(0.,0.,1.)) ;
#2168=DIRECTION('Vector Direction',(-1.,0.,0.)) ;
#2180=DIRECTION('Axis2P3D Direction',(0.,0.,1.)) ;
#2181=DIRECTION('Axis2P3D XDirection',(-1.83697019872E-016,-1.,-0.)) ;
#2185=DIRECTION('Axis2P3D Direction',(0.,0.,1.)) ;
#2192=DIRECTION('Vector Direction',(0.,0.,1.)) ;
#2199=DIRECTION('Axis2P3D Direction',(0.,0.,1.)) ;
#2211=DIRECTION('Axis2P3D Direction',(0.,0.,1.)) ;
#2212=DIRECTION('Axis2P3D XDirection',(-0.996979130264,-0.0776699029126,-0.)) ;
#2216=DIRECTION('Axis2P3D Direction',(0.,0.,1.)) ;
#2221=DIRECTION('Axis2P3D Direction',(0.,0.,1.)) ;
#2233=DIRECTION('Axis2P3D Direction',(0.,0.,1.)) ;
#2234=DIRECTION('Axis2P3D XDirection',(1.,0.,0.)) ;
#2238=DIRECTION('Axis2P3D Direction',(0.,0.,1.)) ;
#2247=DIRECTION('Vector Direction',(0.,0.,1.)) ;
#2254=DIRECTION('Axis2P3D Direction',(0.,0.,1.)) ;
#2261=DIRECTION('Vector Direction',(0.,0.,1.)) ;
#2273=DIRECTION('Axis2P3D Direction',(0.,0.,1.)) ;
#2278=DIRECTION('Axis2P3D Direction',(0.,0.,1.)) ;
#2290=DIRECTION('Axis2P3D Direction',(0.,0.,1.)) ;
#2291=DIRECTION('Axis2P3D XDirection',(1.,0.,0.)) ;
#2295=DIRECTION('Axis2P3D Direction',(0.,0.,1.)) ;
#2304=DIRECTION('Vector Direction',(0.,0.,1.)) ;
#2311=DIRECTION('Axis2P3D Direction',(0.,0.,1.)) ;
#2318=DIRECTION('Vector Direction',(0.,0.,1.)) ;
#2330=DIRECTION('Axis2P3D Direction',(0.,0.,1.)) ;
#2335=DIRECTION('Axis2P3D Direction',(0.,0.,1.)) ;
#2347=DIRECTION('Axis2P3D Direction',(0.,0.,1.)) ;
#2348=DIRECTION('Axis2P3D XDirection',(1.,0.,0.)) ;
#2375=DIRECTION('Axis2P3D Direction',(0.,0.,1.)) ;
#2376=DIRECTION('Axis2P3D XDirection',(1.,0.,0.)) ;
#2414=DIRECTION('NONE',(1.,0.,0.)) ;
#2415=DIRECTION('NONE',(0.,0.,1.)) ;
#2416=DIRECTION('NONE',(0.849153825187,-0.528145606031,0.)) ;
#2417=DIRECTION('NONE',(0.,0.,1.)) ;
#2430=DIRECTION('Axis2P3D Direction',(0.,-0.,-1.)) ;
#2431=DIRECTION('Axis2P3D XDirection',(1.,0.,-0.)) ;
#2435=DIRECTION('Axis2P3D Direction',(0.,-0.,-1.)) ;
#2444=DIRECTION('Axis2P3D Direction',(0.,-0.,-1.)) ;
#2454=DIRECTION('Axis2P3D Direction',(0.,-0.,-1.)) ;
#2455=DIRECTION('Axis2P3D XDirection',(0.87758256189,-0.479425538604,0.)) ;
#2459=DIRECTION('Axis2P3D Direction',(0.,-0.,-1.)) ;
#2468=DIRECTION('Vector Direction',(0.,0.,-1.)) ;
#2473=DIRECTION('Vector Direction',(0.,0.,-1.)) ;
#2485=DIRECTION('Axis2P3D Direction',(0.,-0.,-1.)) ;
#2497=DIRECTION('Axis2P3D Direction',(0.,0.,1.)) ;
#2498=DIRECTION('Axis2P3D XDirection',(1.,0.,0.)) ;
#2502=DIRECTION('Axis2P3D Direction',(0.,0.,1.)) ;
#2511=DIRECTION('Axis2P3D Direction',(0.,0.,1.)) ;
#2525=DIRECTION('Axis2P3D Direction',(7.77156117238E-015,7.21644966006E-013,-1.)) ;
#2526=DIRECTION('Axis2P3D XDirection',(-0.845604401933,0.533810074307,3.7866309209E-013)) ;
#2530=DIRECTION('Vector Direction',(-0.707106781186,6.53158462813E-013,-0.707106781187)) ;
#2537=DIRECTION('Axis2P3D Direction',(-3.27959402943E-013,-5.19517948671E-013,1.)) ;
#2544=DIRECTION('Vector Direction',(0.707106781186,6.52765939698E-013,-0.707106781187)) ;
#2556=DIRECTION('Axis2P3D Direction',(2.03170813506E-013,-3.78586051397E-013,-1.)) ;
#2557=DIRECTION('Axis2P3D XDirection',(1.,5.71916653674E-018,2.03226835163E-013)) ;
#2561=DIRECTION('Axis2P3D Direction',(-2.16519664732E-030,3.78586051397E-013,1.)) ;
#2573=DIRECTION('Axis2P3D Direction',(0.,0.,1.)) ;
#2574=DIRECTION('Axis2P3D XDirection',(1.,0.,0.)) ;
#2578=DIRECTION('Axis2P3D Direction',(0.,0.,1.)) ;
#2587=DIRECTION('Axis2P3D Direction',(0.,0.,1.)) ;
#2597=DIRECTION('Axis2P3D Direction',(0.,0.,1.)) ;
#2598=DIRECTION('Axis2P3D XDirection',(1.,0.,0.)) ;
#2602=DIRECTION('Vector Direction',(0.,0.,1.)) ;
#2609=DIRECTION('Vector Direction',(0.,0.,1.)) ;
#2616=DIRECTION('Axis2P3D Direction',(0.,0.,1.)) ;
#2628=DIRECTION('Axis2P3D Direction',(0.,0.,1.)) ;
#2640=DIRECTION('Axis2P3D Direction',(-1.66533453694E-015,-1.88737914186E-014,1.)) ;
#2641=DIRECTION('Axis2P3D XDirection',(-0.972078103216,0.234657540358,2.76588693353E-015)) ;
#2645=DIRECTION('Vector Direction',(-0.707106781186,1.77103249314E-007,0.707106781187)) ;
#2650=DIRECTION('Vector Direction',(0.707106781187,-1.55046630295E-014,0.707106781187)) ;
#2662=DIRECTION('Axis2P3D Direction',(2.04836148043E-013,-3.73590047786E-013,1.)) ;
#2663=DIRECTION('Axis2P3D XDirection',(1.,-4.97919846948E-017,-2.04807341983E-013)) ;
#2685=DIRECTION('NONE',(1.,0.,0.)) ;
#2686=DIRECTION('NONE',(0.,0.,1.)) ;
#2687=DIRECTION('NONE',(0.534168601531,-0.845377965846,0.)) ;
#2688=DIRECTION('NONE',(0.,0.,1.)) ;
#2701=DIRECTION('Axis2P3D Direction',(0.,0.,1.)) ;
#2702=DIRECTION('Axis2P3D XDirection',(-0.479425538604,0.87758256189,0.)) ;
#2706=DIRECTION('Vector Direction',(0.,0.,1.)) ;
#2715=DIRECTION('Axis2P3D Direction',(0.,0.,1.)) ;
#2722=DIRECTION('Vector Direction',(0.,0.,1.)) ;
#2729=DIRECTION('Axis2P3D Direction',(0.,0.,1.)) ;
#2741=DIRECTION('Axis2P3D Direction',(0.,0.,1.)) ;
#2746=DIRECTION('Axis2P3D Direction',(0.,0.,1.)) ;
#2758=DIRECTION('Axis2P3D Direction',(0.,0.,1.)) ;
#2759=DIRECTION('Axis2P3D XDirection',(1.,0.,0.)) ;
#2763=DIRECTION('Axis2P3D Direction',(0.,0.,1.)) ;
#2772=DIRECTION('Axis2P3D Direction',(0.,0.,1.)) ;
#2786=DIRECTION('Axis2P3D Direction',(0.,0.,1.)) ;
#2787=DIRECTION('Axis2P3D XDirection',(-0.479425538604,0.87758256189,0.)) ;
#2791=DIRECTION('Vector Direction',(0.,0.,1.)) ;
#2798=DIRECTION('Vector Direction',(0.,0.,1.)) ;
#2805=DIRECTION('Axis2P3D Direction',(0.,0.,1.)) ;
#2812=DIRECTION('Vector Direction',(0.,0.,1.)) ;
#2943=DIRECTION('Axis2P3D Direction',(0.,0.,1.)) ;
#3060=DIRECTION('Axis2P3D Direction',(0.,0.,1.)) ;
#3061=DIRECTION('Axis2P3D XDirection',(1.,0.,0.)) ;
#3069=DIRECTION('Axis2P3D Direction',(0.,0.,1.)) ;
#3078=DIRECTION('Axis2P3D Direction',(0.,0.,1.)) ;
#3088=DIRECTION('Axis2P3D Direction',(0.309016994375,-0.951056516295,0.)) ;
#3089=DIRECTION('Axis2P3D XDirection',(0.951056516295,0.309016994375,0.)) ;
#3093=DIRECTION('Vector Direction',(0.309016994375,-0.951056516295,0.)) ;
#3100=DIRECTION('Axis2P3D Direction',(0.309016994375,-0.951056516295,0.)) ;
#3107=DIRECTION('Vector Direction',(0.309016994375,-0.951056516295,0.)) ;
#3120=DIRECTION('Axis2P3D Direction',(0.309016994375,-0.951056516295,0.)) ;
#3133=DIRECTION('Axis2P3D Direction',(-0.809016994375,0.587785252292,0.)) ;
#3134=DIRECTION('Axis2P3D XDirection',(-0.587785252292,-0.809016994375,0.)) ;
#3138=DIRECTION('Vector Direction',(-0.809016994375,0.587785252292,0.)) ;
#3145=DIRECTION('Axis2P3D Direction',(-0.809016994375,0.587785252292,0.)) ;
#3152=DIRECTION('Vector Direction',(-0.809016994375,0.587785252292,0.)) ;
#3164=DIRECTION('Axis2P3D Direction',(-0.809016994375,0.587785252292,0.)) ;
#3176=DIRECTION('Axis2P3D Direction',(-0.809016994375,-0.587785252292,0.)) ;
#3177=DIRECTION('Axis2P3D XDirection',(0.587785252292,-0.809016994375,0.)) ;
#3181=DIRECTION('Vector Direction',(-0.809016994375,-0.587785252292,0.)) ;
#3188=DIRECTION('Axis2P3D Direction',(-0.809016994375,-0.587785252292,0.)) ;
#3195=DIRECTION('Vector Direction',(-0.809016994375,-0.587785252292,0.)) ;
#3207=DIRECTION('Axis2P3D Direction',(-0.809016994375,-0.587785252292,0.)) ;
#3219=DIRECTION('Axis2P3D Direction',(1.,0.,0.)) ;
#3220=DIRECTION('Axis2P3D XDirection',(0.,1.,0.)) ;
#3224=DIRECTION('Vector Direction',(1.,0.,0.)) ;
#3231=DIRECTION('Axis2P3D Direction',(1.,0.,0.)) ;
#3238=DIRECTION('Vector Direction',(1.,0.,0.)) ;
#3250=DIRECTION('Axis2P3D Direction',(1.,0.,0.)) ;
#3262=DIRECTION('Axis2P3D Direction',(0.309016994375,0.951056516295,-0.)) ;
#3263=DIRECTION('Axis2P3D XDirection',(-0.951056516295,0.309016994375,0.)) ;
#3267=DIRECTION('Vector Direction',(0.309016994375,0.951056516295,0.)) ;
#3274=DIRECTION('Axis2P3D Direction',(0.309016994375,0.951056516295,-0.)) ;
#3281=DIRECTION('Vector Direction',(0.309016994375,0.951056516295,0.)) ;
#3293=DIRECTION('Axis2P3D Direction',(0.309016994375,0.951056516295,-0.)) ;
#3305=DIRECTION('Axis2P3D Direction',(0.309016994375,-0.951056516295,0.)) ;
#3306=DIRECTION('Axis2P3D XDirection',(0.951056516295,0.309016994375,0.)) ;
#3314=DIRECTION('Axis2P3D Direction',(0.309016994375,-0.951056516295,0.)) ;
#3323=DIRECTION('Axis2P3D Direction',(0.309016994375,-0.951056516295,0.)) ;
#3333=DIRECTION('Axis2P3D Direction',(-0.809016994375,0.587785252292,0.)) ;
#3334=DIRECTION('Axis2P3D XDirection',(-0.587785252292,-0.809016994375,0.)) ;
#3342=DIRECTION('Axis2P3D Direction',(-0.809016994375,0.587785252292,0.)) ;
#3351=DIRECTION('Axis2P3D Direction',(-0.809016994375,0.587785252292,0.)) ;
#3361=DIRECTION('Axis2P3D Direction',(-0.809016994375,-0.587785252292,0.)) ;
#3362=DIRECTION('Axis2P3D XDirection',(0.587785252292,-0.809016994375,0.)) ;
#3370=DIRECTION('Axis2P3D Direction',(-0.809016994375,-0.587785252292,0.)) ;
#3379=DIRECTION('Axis2P3D Direction',(-0.809016994375,-0.587785252292,0.)) ;
#3389=DIRECTION('Axis2P3D Direction',(1.,0.,0.)) ;
#3390=DIRECTION('Axis2P3D XDirection',(0.,1.,0.)) ;
#3398=DIRECTION('Axis2P3D Direction',(1.,0.,0.)) ;
#3407=DIRECTION('Axis2P3D Direction',(1.,0.,0.)) ;
#3417=DIRECTION('Axis2P3D Direction',(0.309016994375,0.951056516295,-0.)) ;
#3418=DIRECTION('Axis2P3D XDirection',(-0.951056516295,0.309016994375,0.)) ;
#3426=DIRECTION('Axis2P3D Direction',(0.309016994375,0.951056516295,-0.)) ;
#3435=DIRECTION('Axis2P3D Direction',(0.309016994375,0.951056516295,-0.)) ;
#3445=DIRECTION('Axis2P3D Direction',(-0.309016994375,-0.951056516295,0.)) ;
#3446=DIRECTION('Axis2P3D XDirection',(0.951056516295,-0.309016994375,0.)) ;
#3450=DIRECTION('Axis2P3D Direction',(-0.309016994375,-0.951056516295,0.)) ;
#3459=DIRECTION('Axis2P3D Direction',(-0.309016994375,-0.951056516295,0.)) ;
#3469=DIRECTION('Axis2P3D Direction',(-1.,0.,0.)) ;
#3470=DIRECTION('Axis2P3D XDirection',(0.,-1.,0.)) ;
#3474=DIRECTION('Axis2P3D Direction',(-1.,0.,0.)) ;
#3483=DIRECTION('Axis2P3D Direction',(-1.,0.,0.)) ;
#3493=DIRECTION('Axis2P3D Direction',(0.809016994375,0.587785252292,-0.)) ;
#3494=DIRECTION('Axis2P3D XDirection',(-0.587785252292,0.809016994375,0.)) ;
#3498=DIRECTION('Axis2P3D Direction',(0.809016994375,0.587785252292,-0.)) ;
#3507=DIRECTION('Axis2P3D Direction',(0.809016994375,0.587785252292,-0.)) ;
#3517=DIRECTION('Axis2P3D Direction',(0.809016994375,-0.587785252292,0.)) ;
#3518=DIRECTION('Axis2P3D XDirection',(0.587785252292,0.809016994375,0.)) ;
#3522=DIRECTION('Axis2P3D Direction',(0.809016994375,-0.587785252292,0.)) ;
#3531=DIRECTION('Axis2P3D Direction',(0.809016994375,-0.587785252292,0.)) ;
#3541=DIRECTION('Axis2P3D Direction',(-0.309016994375,0.951056516295,0.)) ;
#3542=DIRECTION('Axis2P3D XDirection',(-0.951056516295,-0.309016994375,0.)) ;
#3546=DIRECTION('Axis2P3D Direction',(-0.309016994375,0.951056516295,0.)) ;
#3555=DIRECTION('Axis2P3D Direction',(-0.309016994375,0.951056516295,0.)) ;
#3565=DIRECTION('Axis2P3D Direction',(-0.309016994375,-0.951056516295,0.)) ;
#3566=DIRECTION('Axis2P3D XDirection',(0.951056516295,-0.309016994375,0.)) ;
#3570=DIRECTION('Vector Direction',(-0.309016994375,-0.951056516295,0.)) ;
#3575=DIRECTION('Vector Direction',(-0.309016994375,-0.951056516295,0.)) ;
#3594=DIRECTION('Axis2P3D Direction',(-1.,0.,0.)) ;
#3595=DIRECTION('Axis2P3D XDirection',(0.,-1.,0.)) ;
#3599=DIRECTION('Vector Direction',(-1.,0.,0.)) ;
#3604=DIRECTION('Vector Direction',(-1.,0.,0.)) ;
#3623=DIRECTION('Axis2P3D Direction',(0.809016994375,0.587785252292,-0.)) ;
#3624=DIRECTION('Axis2P3D XDirection',(-0.587785252292,0.809016994375,0.)) ;
#3628=DIRECTION('Vector Direction',(0.809016994375,0.587785252292,0.)) ;
#3633=DIRECTION('Vector Direction',(0.809016994375,0.587785252292,0.)) ;
#3652=DIRECTION('Axis2P3D Direction',(0.809016994375,-0.587785252292,0.)) ;
#3653=DIRECTION('Axis2P3D XDirection',(0.587785252292,0.809016994375,0.)) ;
#3657=DIRECTION('Vector Direction',(0.809016994375,-0.587785252292,0.)) ;
#3662=DIRECTION('Vector Direction',(0.809016994375,-0.587785252292,0.)) ;
#3681=DIRECTION('Axis2P3D Direction',(-0.309016994375,0.951056516295,0.)) ;
#3682=DIRECTION('Axis2P3D XDirection',(-0.951056516295,-0.309016994375,0.)) ;
#3686=DIRECTION('Vector Direction',(-0.309016994375,0.951056516295,0.)) ;
#3691=DIRECTION('Vector Direction',(-0.309016994375,0.951056516295,0.)) ;
#3710=DIRECTION('Axis2P3D Direction',(0.,0.,1.)) ;
#3711=DIRECTION('Axis2P3D XDirection',(-0.479425538604,0.87758256189,0.)) ;
#3715=DIRECTION('Vector Direction',(0.,0.,1.)) ;
#3722=DIRECTION('Vector Direction',(0.,0.,1.)) ;
#3729=DIRECTION('Axis2P3D Direction',(0.,0.,1.)) ;
#3741=DIRECTION('Axis2P3D Direction',(0.,1.,-0.)) ;
#3742=DIRECTION('Axis2P3D XDirection',(-1.,0.,0.)) ;
#3746=DIRECTION('Vector Direction',(0.,1.,0.)) ;
#3755=DIRECTION('Axis2P3D Direction',(0.,1.,-0.)) ;
#3762=DIRECTION('Vector Direction',(0.,1.,0.)) ;
#3769=DIRECTION('Axis2P3D Direction',(0.,1.,-0.)) ;
#3781=DIRECTION('Axis2P3D Direction',(0.,1.,-0.)) ;
#3786=DIRECTION('Axis2P3D Direction',(0.,1.,-0.)) ;
#3798=DIRECTION('Axis2P3D Direction',(0.,0.,1.)) ;
#3799=DIRECTION('Axis2P3D XDirection',(1.,0.,0.)) ;
#3803=DIRECTION('Axis2P3D Direction',(0.,0.,1.)) ;
#3812=DIRECTION('Vector Direction',(-1.,0.,0.)) ;
#3819=DIRECTION('Vector Direction',(0.,-1.,0.)) ;
#3826=DIRECTION('Vector Direction',(-1.,0.,0.)) ;
#3833=DIRECTION('Axis2P3D Direction',(0.,0.,1.)) ;
#3840=DIRECTION('Axis2P3D Direction',(0.,0.,1.)) ;
#3845=DIRECTION('Axis2P3D Direction',(0.,0.,1.)) ;
#3865=DIRECTION('Vector Direction',(0.,0.,1.)) ;
#3914=DIRECTION('Vector Direction',(0.,0.,1.)) ;
#3934=DIRECTION('Axis2P3D Direction',(0.342020143326,0.,0.939692620786)) ;
#3935=DIRECTION('Axis2P3D XDirection',(-0.939692620786,0.,0.342020143326)) ;
#3939=DIRECTION('Vector Direction',(0.939692620786,0.,-0.342020143326)) ;
#3948=DIRECTION('Vector Direction',(0.939692620786,0.,-0.342020143326)) ;
#3955=DIRECTION('Vector Direction',(0.,-1.,0.)) ;
#3962=DIRECTION('Vector Direction',(0.939692620786,0.,-0.342020143326)) ;
#3969=DIRECTION('Vector Direction',(0.939692620786,0.,-0.342020143326)) ;
#4266=DIRECTION('Axis2P3D Direction',(0.,-0.,1.)) ;
#4267=DIRECTION('Axis2P3D XDirection',(0.,1.,0.)) ;
#4271=DIRECTION('Vector Direction',(0.,0.,1.)) ;
#4283=DIRECTION('Axis2P3D Direction',(0.,0.,-1.)) ;
#4284=DIRECTION('Axis2P3D XDirection',(0.,-1.,0.)) ;
#4288=DIRECTION('Vector Direction',(0.,0.,-1.)) ;
#4300=DIRECTION('Axis2P3D Direction',(0.,-1.,0.)) ;
#4301=DIRECTION('Axis2P3D XDirection',(0.,0.,1.)) ;
#4305=DIRECTION('Axis2P3D Direction',(0.,-1.,0.)) ;
#4312=DIRECTION('Axis2P3D Direction',(0.,-1.,0.)) ;
#4319=DIRECTION('Vector Direction',(0.,0.,-1.)) ;
#4337=DIRECTION('Axis2P3D Direction',(0.,1.,0.)) ;
#4338=DIRECTION('Axis2P3D XDirection',(0.,0.,-1.)) ;
#4342=DIRECTION('Axis2P3D Direction',(0.,1.,0.)) ;
#4349=DIRECTION('Axis2P3D Direction',(0.,1.,0.)) ;
#4356=DIRECTION('Vector Direction',(0.,0.,-1.)) ;
#4374=DIRECTION('Axis2P3D Direction',(0.,1.,-0.)) ;
#4375=DIRECTION('Axis2P3D XDirection',(0.342020143326,0.,0.939692620786)) ;
#4379=DIRECTION('Vector Direction',(0.,1.,0.)) ;
#4391=DIRECTION('Vector Direction',(0.,1.,0.)) ;
#4403=DIRECTION('Axis2P3D Direction',(-1.,-0.,-0.)) ;
#4404=DIRECTION('Axis2P3D XDirection',(0.,0.,-1.)) ;
#4426=DIRECTION('NONE',(1.,0.,0.)) ;
#4427=DIRECTION('NONE',(0.,0.,1.)) ;
#4428=DIRECTION('NONE',(-0.534168601531,0.845377965846,3.46135698379E-019)) ;
#4429=DIRECTION('NONE',(-1.08698376901E-018,-1.09627685556E-018,1.)) ;
#4442=DIRECTION('Axis2P3D Direction',(1.,0.,0.)) ;
#4443=DIRECTION('Axis2P3D XDirection',(0.,1.,0.)) ;
#4447=DIRECTION('Vector Direction',(0.,1.,0.)) ;
#4456=DIRECTION('Axis2P3D Direction',(1.,0.,0.)) ;
#4463=DIRECTION('Vector Direction',(0.,1.,0.)) ;
#4470=DIRECTION('Axis2P3D Direction',(1.,0.,0.)) ;
#4481=DIRECTION('Axis2P3D Direction',(1.,0.,0.)) ;
#4490=DIRECTION('Axis2P3D Direction',(1.,0.,0.)) ;
#4500=DIRECTION('Axis2P3D Direction',(1.,0.,0.)) ;
#4501=DIRECTION('Axis2P3D XDirection',(0.,1.,0.)) ;
#4505=DIRECTION('Axis2P3D Direction',(1.,0.,0.)) ;
#4514=DIRECTION('Vector Direction',(1.,0.,0.)) ;
#4519=DIRECTION('Vector Direction',(1.,0.,0.)) ;
#4531=DIRECTION('Axis2P3D Direction',(1.,0.,0.)) ;
#4543=DIRECTION('Axis2P3D Direction',(1.,0.,0.)) ;
#4544=DIRECTION('Axis2P3D XDirection',(0.,1.,0.)) ;
#4548=DIRECTION('Axis2P3D Direction',(1.,0.,0.)) ;
#4557=DIRECTION('Axis2P3D Direction',(1.,0.,0.)) ;
#4566=DIRECTION('Axis2P3D Direction',(1.,0.,0.)) ;
#4575=DIRECTION('Axis2P3D Direction',(1.,0.,0.)) ;
#4585=DIRECTION('Axis2P3D Direction',(1.,0.,0.)) ;
#4586=DIRECTION('Axis2P3D XDirection',(0.,1.,0.)) ;
#4594=DIRECTION('Axis2P3D Direction',(1.,0.,0.)) ;
#4603=DIRECTION('Axis2P3D Direction',(1.,0.,0.)) ;
#4613=DIRECTION('Axis2P3D Direction',(1.,0.,0.)) ;
#4614=DIRECTION('Axis2P3D XDirection',(0.,1.,0.)) ;
#4618=DIRECTION('Vector Direction',(1.,0.,0.)) ;
#4623=DIRECTION('Vector Direction',(1.,0.,0.)) ;
#4642=DIRECTION('Axis2P3D Direction',(-1.,-0.,-0.)) ;
#4643=DIRECTION('Axis2P3D XDirection',(0.,0.,-1.)) ;
#4647=DIRECTION('Vector Direction',(0.,-1.,0.)) ;
#4656=DIRECTION('Axis2P3D Direction',(-1.,-0.,-0.)) ;
#4663=DIRECTION('Vector Direction',(0.,-1.,0.)) ;
#4670=DIRECTION('Axis2P3D Direction',(-1.,-0.,-0.)) ;
#4677=DIRECTION('Axis2P3D Direction',(-1.,-0.,-0.)) ;
#4690=DIRECTION('Vector Direction',(0.,-1.,0.)) ;
#4699=DIRECTION('Axis2P3D Direction',(-1.,-0.,-0.)) ;
#4706=DIRECTION('Vector Direction',(0.,-1.,0.)) ;
#4713=DIRECTION('Axis2P3D Direction',(-1.,-0.,-0.)) ;
#4720=DIRECTION('Axis2P3D Direction',(-1.,-0.,-0.)) ;
#4733=DIRECTION('Vector Direction',(1.,0.,0.)) ;
#4740=DIRECTION('Vector Direction',(1.,0.,0.)) ;
#4745=DIRECTION('Vector Direction',(1.,0.,0.)) ;
#4750=DIRECTION('Vector Direction',(1.,0.,0.)) ;
#4757=DIRECTION('Axis2P3D Direction',(1.,0.,0.)) ;
#4857=DIRECTION('Vector Direction',(1.,0.,0.)) ;
#4864=DIRECTION('Vector Direction',(1.,0.,0.)) ;
#4871=DIRECTION('Axis2P3D Direction',(1.,0.,0.)) ;
#4971=DIRECTION('Axis2P3D Direction',(0.,0.,-1.)) ;
#4972=DIRECTION('Axis2P3D XDirection',(0.,1.,0.)) ;
#4976=DIRECTION('Vector Direction',(1.,0.,0.)) ;
#4983=DIRECTION('Vector Direction',(1.,0.,0.)) ;
#4990=DIRECTION('Vector Direction',(0.,1.,0.)) ;
#5001=DIRECTION('Axis2P3D Direction',(0.,0.,-1.)) ;
#5010=DIRECTION('Axis2P3D Direction',(0.,0.,-1.)) ;
#5019=DIRECTION('Axis2P3D Direction',(0.,0.,-1.)) ;
#5028=DIRECTION('Axis2P3D Direction',(0.,0.,-1.)) ;
#5038=DIRECTION('Axis2P3D Direction',(0.,0.,-1.)) ;
#5039=DIRECTION('Axis2P3D XDirection',(0.,1.,0.)) ;
#5043=DIRECTION('Vector Direction',(1.,0.,0.)) ;
#5050=DIRECTION('Vector Direction',(1.,0.,0.)) ;
#5057=DIRECTION('Vector Direction',(0.,1.,0.)) ;
#5068=DIRECTION('Axis2P3D Direction',(0.,0.,-1.)) ;
#5077=DIRECTION('Axis2P3D Direction',(0.,0.,-1.)) ;
#5086=DIRECTION('Axis2P3D Direction',(0.,0.,-1.)) ;
#5095=DIRECTION('Axis2P3D Direction',(0.,0.,-1.)) ;
#5105=DIRECTION('Axis2P3D Direction',(0.,-0.,1.)) ;
#5106=DIRECTION('Axis2P3D XDirection',(1.,0.,0.)) ;
#5110=DIRECTION('Vector Direction',(0.,0.,1.)) ;
#5115=DIRECTION('Vector Direction',(0.,0.,1.)) ;
#5134=DIRECTION('Axis2P3D Direction',(0.,-0.,1.)) ;
#5135=DIRECTION('Axis2P3D XDirection',(1.,0.,0.)) ;
#5139=DIRECTION('Vector Direction',(0.,0.,1.)) ;
#5144=DIRECTION('Vector Direction',(0.,0.,1.)) ;
#5163=DIRECTION('Vector Direction',(0.,0.,1.)) ;
#5168=DIRECTION('Vector Direction',(0.,0.,1.)) ;
#5187=DIRECTION('Vector Direction',(0.,0.,1.)) ;
#5192=DIRECTION('Vector Direction',(0.,0.,1.)) ;
#5211=DIRECTION('Axis2P3D Direction',(0.,0.,1.)) ;
#5212=DIRECTION('Axis2P3D XDirection',(-1.,0.,0.)) ;
#5216=DIRECTION('Axis2P3D Direction',(0.,0.,1.)) ;
#5225=DIRECTION('Vector Direction',(-1.,0.,0.)) ;
#5230=DIRECTION('Vector Direction',(0.,-1.,0.)) ;
#5243=DIRECTION('Axis2P3D Direction',(0.,0.,-1.)) ;
#5244=DIRECTION('Axis2P3D XDirection',(1.,0.,0.)) ;
#5248=DIRECTION('Axis2P3D Direction',(0.,0.,-1.)) ;
#5257=DIRECTION('Vector Direction',(0.,-1.,0.)) ;
#5262=DIRECTION('Vector Direction',(-1.,0.,0.)) ;
#5275=DIRECTION('Axis2P3D Direction',(0.,0.,-1.)) ;
#5284=DIRECTION('Vector Direction',(-1.,0.,0.)) ;
#5289=DIRECTION('Vector Direction',(0.,-1.,0.)) ;
#5302=DIRECTION('Axis2P3D Direction',(0.,0.,1.)) ;
#5311=DIRECTION('Vector Direction',(0.,-1.,0.)) ;
#5316=DIRECTION('Vector Direction',(-1.,0.,0.)) ;
#5329=DIRECTION('Axis2P3D Direction',(1.,0.,0.)) ;
#5330=DIRECTION('Axis2P3D XDirection',(0.,-0.435889894354,0.9)) ;
#5372=DIRECTION('Axis2P3D Direction',(1.,0.,0.)) ;
#5377=DIRECTION('Axis2P3D Direction',(1.,0.,0.)) ;
#5395=DIRECTION('Axis2P3D Direction',(1.,0.,0.)) ;
#5396=DIRECTION('Axis2P3D XDirection',(0.,1.,0.)) ;
#5400=DIRECTION('Vector Direction',(0.,0.,-1.)) ;
#5407=DIRECTION('Vector Direction',(0.,3.89314544384E-016,-1.)) ;
#5412=DIRECTION('Axis2P3D Direction',(1.,0.,0.)) ;
#5428=DIRECTION('Axis2P3D Direction',(1.,0.,0.)) ;
#5435=DIRECTION('Vector Direction',(0.,0.,-1.)) ;
#5440=DIRECTION('Vector Direction',(0.,0.,-1.)) ;
#5456=DIRECTION('Axis2P3D Direction',(1.,0.,0.)) ;
#5457=DIRECTION('Axis2P3D XDirection',(0.,0.435889894354,-0.9)) ;
#5508=DIRECTION('Axis2P3D Direction',(0.,0.,1.)) ;
#5509=DIRECTION('Axis2P3D XDirection',(1.,0.,0.)) ;
#5519=DIRECTION('Axis2P3D Direction',(0.,0.,1.)) ;
#5520=DIRECTION('Axis2P3D XDirection',(7.04481399828E-016,-1.,0.)) ;
#5553=DIRECTION('NONE',(1.,0.,0.)) ;
#5554=DIRECTION('NONE',(0.,0.,1.)) ;
#5555=DIRECTION('NONE',(-0.929052177438,0.369948714822,2.02832126253E-016)) ;
#5556=DIRECTION('NONE',(-0.0444453741463,-0.111615664478,0.992757045888)) ;
#5568=DIRECTION('NONE',(1.,0.,0.)) ;
#5569=DIRECTION('NONE',(0.,0.,1.)) ;
#5570=DIRECTION('NONE',(0.534168601532,-0.845377965846,-1.63324109603E-015)) ;
#5571=DIRECTION('NONE',(0.0263661222447,0.0166599500061,0.9995135185)) ;
#5581=DIRECTION('NONE',(1.,0.,0.)) ;
#5582=DIRECTION('NONE',(0.,0.,1.)) ;
#5583=DIRECTION('NONE',(0.969069398885,0.24678837117,3.47381605755E-016)) ;
#5584=DIRECTION('NONE',(-0.00769697416516,0.0302238800479,0.9995135185)) ;
#5594=DIRECTION('NONE',(1.,0.,0.)) ;
#5595=DIRECTION('NONE',(0.,0.,1.)) ;
#5596=DIRECTION('NONE',(0.064749224437,0.997901567257,3.32818995049E-016)) ;
#5597=DIRECTION('NONE',(-0.0311231138911,0.00201943513532,0.9995135185)) ;
#5607=DIRECTION('NONE',(1.,0.,0.)) ;
#5608=DIRECTION('NONE',(0.,0.,1.)) ;
#5609=DIRECTION('NONE',(-0.638935047416,-0.769260687403,-1.60848144581E-015)) ;
#5610=DIRECTION('NONE',(-0.135479037006,0.112526619845,0.984369437944)) ;
#5621=DIRECTION('Axis2P3D Direction',(-0.342020143326,0.,-0.939692620786)) ;
#5622=DIRECTION('Axis2P3D XDirection',(-0.939692620786,0.,0.342020143326)) ;
#5626=DIRECTION('Vector Direction',(0.,1.,0.)) ;
#5635=DIRECTION('Vector Direction',(-0.939692620786,0.,0.342020143326)) ;
#5642=DIRECTION('Vector Direction',(0.,1.,0.)) ;
#5649=DIRECTION('Vector Direction',(-0.939692620786,0.,0.342020143326)) ;
#5661=DIRECTION('Axis2P3D Direction',(0.,1.,0.)) ;
#5662=DIRECTION('Axis2P3D XDirection',(-0.342020143326,0.,-0.939692620786)) ;
#5666=DIRECTION('Axis2P3D Direction',(0.,1.,0.)) ;
#5673=DIRECTION('Vector Direction',(0.,1.,0.)) ;
#5680=DIRECTION('Axis2P3D Direction',(0.,1.,0.)) ;
#5692=DIRECTION('Axis2P3D Direction',(0.,0.,-1.)) ;
#5693=DIRECTION('Axis2P3D XDirection',(-1.,0.,0.)) ;
#5697=DIRECTION('Vector Direction',(-1.,0.,0.)) ;
#5704=DIRECTION('Vector Direction',(0.,1.,0.)) ;
#5711=DIRECTION('Vector Direction',(-1.,0.,0.)) ;
#5723=DIRECTION('Axis2P3D Direction',(0.,1.,0.)) ;
#5724=DIRECTION('Axis2P3D XDirection',(-0.642725818063,0.,-0.766096288201)) ;
#5728=DIRECTION('Axis2P3D Direction',(0.,1.,0.)) ;
#5733=DIRECTION('Axis2P3D Direction',(0.,1.,0.)) ;
#5745=DIRECTION('Axis2P3D Direction',(0.,1.,0.)) ;
#5746=DIRECTION('Axis2P3D XDirection',(-1.,0.,0.)) ;
#5750=DIRECTION('Axis2P3D Direction',(0.,1.,0.)) ;
#5759=DIRECTION('Vector Direction',(0.,1.,0.)) ;
#5766=DIRECTION('Axis2P3D Direction',(0.,1.,0.)) ;
#5773=DIRECTION('Vector Direction',(0.,1.,0.)) ;
#5785=DIRECTION('Axis2P3D Direction',(0.,1.,0.)) ;
#5790=DIRECTION('Axis2P3D Direction',(0.,1.,0.)) ;
#5802=DIRECTION('Axis2P3D Direction',(0.,1.,-0.)) ;
#5803=DIRECTION('Axis2P3D XDirection',(-1.,0.,0.)) ;
#5818=DIRECTION('Axis2P3D Direction',(0.,1.,-0.)) ;
#5819=DIRECTION('Axis2P3D XDirection',(-1.,0.,0.)) ;
#5845=DIRECTION('NONE',(1.,0.,0.)) ;
#5846=DIRECTION('NONE',(0.,0.,1.)) ;
#5847=DIRECTION('NONE',(0.758169018275,-0.629722492743,0.169202014946)) ;
#5848=DIRECTION('NONE',(-0.130160458327,0.108109097442,0.985581390925)) ;
#5860=DIRECTION('NONE',(1.,0.,0.)) ;
#5861=DIRECTION('NONE',(0.,0.,1.)) ;
#5862=DIRECTION('NONE',(0.844760818432,0.533778644868,-0.0382036375901)) ;
#5863=DIRECTION('NONE',(0.0322965134338,0.0204071836649,0.999269974569)) ;
#5873=DIRECTION('NONE',(1.,0.,0.)) ;
#5874=DIRECTION('NONE',(0.,0.,1.)) ;
#5875=DIRECTION('NONE',(-0.246608209383,0.968361953579,-0.0382036375883)) ;
#5876=DIRECTION('NONE',(-0.00942821349318,0.0370219761129,0.999269974569)) ;
#5886=DIRECTION('NONE',(1.,0.,0.)) ;
#5887=DIRECTION('NONE',(0.,0.,1.)) ;
#5888=DIRECTION('NONE',(-0.997173073736,0.0647019558565,-0.0382036375903)) ;
#5889=DIRECTION('NONE',(-0.0381234698263,0.00247365590464,0.999269974569)) ;
#5899=DIRECTION('NONE',(1.,0.,0.)) ;
#5900=DIRECTION('NONE',(0.,0.,1.)) ;
#5901=DIRECTION('NONE',(-0.366948171844,-0.921516914103,-0.127104745003)) ;
#5902=DIRECTION('NONE',(-0.0470222370616,-0.118086940108,0.991889300173)) ;
#5913=DIRECTION('Axis2P3D Direction',(0.,0.,1.)) ;
#5914=DIRECTION('Axis2P3D XDirection',(1.,0.,0.)) ;
#5918=DIRECTION('Vector Direction',(-0.939692620786,0.342020143326,0.)) ;
#5927=DIRECTION('Axis2P3D Direction',(0.,0.,1.)) ;
#5934=DIRECTION('Vector Direction',(0.,1.,0.)) ;
#5941=DIRECTION('Axis2P3D Direction',(0.,0.,1.)) ;
#5953=DIRECTION('Axis2P3D Direction',(-0.,-0.,-1.)) ;
#5954=DIRECTION('Axis2P3D XDirection',(-0.939692620786,0.342020143326,0.)) ;
#5958=DIRECTION('Vector Direction',(-0.664463024389,0.241844762648,-0.707106781187)) ;
#5965=DIRECTION('Axis2P3D Direction',(0.,0.,-1.)) ;
#5972=DIRECTION('Vector Direction',(-1.29889118561E-016,0.707106781187,-0.707106781187)) ;
#5984=DIRECTION('Axis2P3D Direction',(0.,0.,1.)) ;
#5985=DIRECTION('Axis2P3D XDirection',(6.12323399574E-017,1.,0.)) ;
#5989=DIRECTION('Vector Direction',(0.,0.,1.)) ;
#5994=DIRECTION('Vector Direction',(0.,0.,1.)) ;
#6006=DIRECTION('Axis2P3D Direction',(1.,0.,0.)) ;
#6007=DIRECTION('Axis2P3D XDirection',(0.,1.,0.)) ;
#6017=DIRECTION('Axis2P3D Direction',(0.342020143326,0.939692620786,-0.)) ;
#6018=DIRECTION('Axis2P3D XDirection',(-0.939692620786,0.342020143326,0.)) ;
#6039=DIRECTION('NONE',(1.,0.,0.)) ;
#6040=DIRECTION('NONE',(0.,0.,1.)) ;
#6041=DIRECTION('NONE',(-0.117810525813,0.462609218135,-0.878699830035)) ;
#6042=DIRECTION('NONE',(-0.969069398885,-0.24678837117,-3.30156753706E-016)) ;
#6054=DIRECTION('NONE',(1.,0.,0.)) ;
#6055=DIRECTION('NONE',(0.,0.,1.)) ;
#6056=DIRECTION('NONE',(0.403562056812,0.25499857842,-0.878699830036)) ;
#6057=DIRECTION('NONE',(-0.534168601531,0.845377965846,5.88040195383E-016)) ;
#6067=DIRECTION('NONE',(1.,0.,0.)) ;
#6068=DIRECTION('NONE',(0.,0.,1.)) ;
#6069=DIRECTION('NONE',(-0.476372965996,0.0309096418956,-0.878699830036)) ;
#6070=DIRECTION('NONE',(-0.064749224437,-0.997901567257,-8.17213512058E-016)) ;
#6080=DIRECTION('NONE',(1.,0.,0.)) ;
#6081=DIRECTION('NONE',(0.,0.,1.)) ;
#6082=DIRECTION('NONE',(-0.146931470436,-0.368988989755,-0.917746298513)) ;
#6083=DIRECTION('NONE',(0.929052177438,-0.369948714822,-1.64449673449E-016)) ;
#6093=DIRECTION('NONE',(1.,0.,0.)) ;
#6094=DIRECTION('NONE',(0.,0.,1.)) ;
#6095=DIRECTION('NONE',(0.499032553372,-0.414488083652,-0.761029657231)) ;
#6096=DIRECTION('NONE',(0.638935047416,0.769260687403,6.69488398258E-016)) ;
#6106=DIRECTION('NONE',(1.,0.,0.)) ;
#6107=DIRECTION('NONE',(0.,0.,1.)) ;
#6108=DIRECTION('NONE',(0.379445250918,-0.315160872454,0.869882133412)) ;
#6109=DIRECTION('NONE',(-0.638935047416,-0.769260687403,-6.7919394305E-016)) ;
#6119=DIRECTION('NONE',(1.,0.,0.)) ;
#6120=DIRECTION('NONE',(0.,0.,1.)) ;
#6121=DIRECTION('NONE',(0.560008782329,0.353852501706,0.749118529173)) ;
#6122=DIRECTION('NONE',(0.534168601531,-0.845377965846,-6.47709954655E-016)) ;
#6132=DIRECTION('NONE',(1.,0.,0.)) ;
#6133=DIRECTION('NONE',(0.,0.,1.)) ;
#6134=DIRECTION('NONE',(-0.163481496816,0.641946438145,0.749118529174)) ;
#6135=DIRECTION('NONE',(0.969069398885,0.24678837117,3.4796883395E-016)) ;
#6145=DIRECTION('NONE',(1.,0.,0.)) ;
#6146=DIRECTION('NONE',(0.,0.,1.)) ;
#6147=DIRECTION('NONE',(-0.661045903894,0.0428922160249,0.749118529173)) ;
#6148=DIRECTION('NONE',(0.064749224437,0.997901567257,8.30756943169E-016)) ;
#6158=DIRECTION('NONE',(1.,0.,0.)) ;
#6159=DIRECTION('NONE',(0.,0.,1.)) ;
#6160=DIRECTION('NONE',(-0.268790036167,-0.67501239596,0.687102744688)) ;
#6161=DIRECTION('NONE',(-0.929052177438,0.369948714822,1.84208766132E-016)) ;
#6172=DIRECTION('Axis2P3D Direction',(0.,0.,-1.)) ;
#6173=DIRECTION('Axis2P3D XDirection',(0.479425538604,0.87758256189,0.)) ;
#6177=DIRECTION('Axis2P3D Direction',(0.,0.,-1.)) ;
#6186=DIRECTION('Axis2P3D Direction',(-0.87758256189,0.479425538604,0.)) ;
#6193=DIRECTION('Axis2P3D Direction',(0.,0.,-1.)) ;
#6200=DIRECTION('Axis2P3D Direction',(0.87758256189,-0.479425538604,0.)) ;
#6212=DIRECTION('Axis2P3D Direction',(0.,0.,-1.)) ;
#6217=DIRECTION('Axis2P3D Direction',(0.,0.,-1.)) ;
#6229=DIRECTION('Axis2P3D Direction',(0.,0.,-1.)) ;
#6230=DIRECTION('Axis2P3D XDirection',(1.,0.,0.)) ;
#6238=DIRECTION('Vector Direction',(-0.5,-0.866025403784,0.)) ;
#6247=DIRECTION('Vector Direction',(-1.,0.,0.)) ;
#6254=DIRECTION('Vector Direction',(-0.5,0.866025403784,0.)) ;
#6261=DIRECTION('Vector Direction',(0.5,0.866025403784,0.)) ;
#6268=DIRECTION('Vector Direction',(1.,0.,0.)) ;
#6275=DIRECTION('Vector Direction',(0.5,-0.866025403784,0.)) ;
#6289=DIRECTION('Axis2P3D Direction',(-0.,1.,0.)) ;
#6290=DIRECTION('Axis2P3D XDirection',(1.,0.,0.)) ;
#6294=DIRECTION('Vector Direction',(0.,0.,-1.)) ;
#6301=DIRECTION('Vector Direction',(0.,0.,-1.)) ;
#6308=DIRECTION('Vector Direction',(1.,0.,0.)) ;
#6320=DIRECTION('Axis2P3D Direction',(0.866025403784,0.5,0.)) ;
#6321=DIRECTION('Axis2P3D XDirection',(0.5,-0.866025403784,0.)) ;
#6325=DIRECTION('Vector Direction',(0.,0.,-1.)) ;
#6332=DIRECTION('Vector Direction',(0.5,-0.866025403784,0.)) ;
#6344=DIRECTION('Axis2P3D Direction',(-0.866025403784,0.5,0.)) ;
#6345=DIRECTION('Axis2P3D XDirection',(0.5,0.866025403784,0.)) ;
#6349=DIRECTION('Vector Direction',(0.,0.,-1.)) ;
#6356=DIRECTION('Vector Direction',(0.5,0.866025403784,0.)) ;
#6368=DIRECTION('Axis2P3D Direction',(0.,0.,1.)) ;
#6369=DIRECTION('Axis2P3D XDirection',(1.,0.,0.)) ;
#6373=DIRECTION('Vector Direction',(-0.5,0.866025403784,0.)) ;
#6380=DIRECTION('Vector Direction',(-1.,0.,0.)) ;
#6387=DIRECTION('Vector Direction',(-0.5,-0.866025403784,0.)) ;
#6401=DIRECTION('Axis2P3D Direction',(0.866025403784,-0.5,0.)) ;
#6402=DIRECTION('Axis2P3D XDirection',(-0.5,-0.866025403784,0.)) ;
#6406=DIRECTION('Vector Direction',(0.,0.,-1.)) ;
#6418=DIRECTION('Axis2P3D Direction',(-0.866025403784,-0.5,-0.)) ;
#6419=DIRECTION('Axis2P3D XDirection',(-0.5,0.866025403784,0.)) ;
#6423=DIRECTION('Vector Direction',(0.,0.,-1.)) ;
#6435=DIRECTION('Axis2P3D Direction',(9.71323731081E-017,-1.,0.)) ;
#6436=DIRECTION('Axis2P3D XDirection',(-1.,-9.71323731081E-017,0.)) ;
#6447=DIRECTION('Axis2P3D Direction',(0.,0.,-1.)) ;
#6448=DIRECTION('Axis2P3D XDirection',(0.479425538604,0.87758256189,0.)) ;
#6452=DIRECTION('Vector Direction',(0.,0.,-1.)) ;
#6459=DIRECTION('Vector Direction',(0.,0.,-1.)) ;
#6466=DIRECTION('Axis2P3D Direction',(0.,0.,-1.)) ;
#6478=DIRECTION('Axis2P3D Direction',(0.,0.,-1.)) ;
#6490=DIRECTION('Axis2P3D Direction',(0.,0.,-1.)) ;
#6491=DIRECTION('Axis2P3D XDirection',(1.,0.,0.)) ;
#6495=DIRECTION('Axis2P3D Direction',(0.,0.,-1.)) ;
#6504=DIRECTION('Axis2P3D Direction',(0.,0.,-1.)) ;
#6514=DIRECTION('Axis2P3D Direction',(7.45699798207E-013,-2.33146835171E-013,1.)) ;
#6515=DIRECTION('Axis2P3D XDirection',(-0.188737392677,-0.982027594625,-8.82449640697E-014)) ;
#6519=DIRECTION('Vector Direction',(-0.33900504942,-0.620544580564,0.707106781187)) ;
#6524=DIRECTION('Vector Direction',(0.339005049422,0.620544580564,0.707106781186)) ;
#6536=DIRECTION('Axis2P3D Direction',(3.70074341542E-016,-0.,1.)) ;
#6537=DIRECTION('Axis2P3D XDirection',(0.479425538604,0.87758256189,-1.31708901597E-016)) ;
#6559=DIRECTION('NONE',(1.,0.,0.)) ;
#6560=DIRECTION('NONE',(0.,0.,1.)) ;
#6561=DIRECTION('NONE',(-0.758169018275,0.629722492743,-0.169202014946)) ;
#6562=DIRECTION('NONE',(-0.638935047416,-0.769260687403,-7.68166828044E-016)) ;
#6574=DIRECTION('NONE',(1.,0.,0.)) ;
#6575=DIRECTION('NONE',(0.,0.,1.)) ;
#6576=DIRECTION('NONE',(-0.769260687403,0.638935047416,1.11022302463E-016)) ;
#6577=DIRECTION('NONE',(-0.638935047416,-0.769260687403,-3.02049338822E-017)) ;
#6588=DIRECTION('Axis2P3D Direction',(0.,0.,1.)) ;
#6589=DIRECTION('Axis2P3D XDirection',(1.,0.,0.)) ;
#6593=DIRECTION('Vector Direction',(0.,0.,1.)) ;
#6602=DIRECTION('Axis2P3D Direction',(0.,0.,1.)) ;
#6609=DIRECTION('Vector Direction',(0.,0.,1.)) ;
#6616=DIRECTION('Axis2P3D Direction',(0.,0.,1.)) ;
#6623=DIRECTION('Axis2P3D Direction',(0.,0.,1.)) ;
#6630=DIRECTION('Axis2P3D Direction',(0.,0.,1.)) ;
#6644=DIRECTION('Axis2P3D Direction',(0.,0.,1.)) ;
#6649=DIRECTION('Axis2P3D Direction',(0.,0.,1.)) ;
#6656=DIRECTION('Axis2P3D Direction',(0.,0.,1.)) ;
#6663=DIRECTION('Axis2P3D Direction',(0.,0.,1.)) ;
#6677=DIRECTION('Axis2P3D Direction',(0.,0.,1.)) ;
#6678=DIRECTION('Axis2P3D XDirection',(1.,0.,0.)) ;
#6686=DIRECTION('Axis2P3D Direction',(0.,0.,1.)) ;
#6695=DIRECTION('Axis2P3D Direction',(0.,0.,1.)) ;
#6705=DIRECTION('Axis2P3D Direction',(0.,0.,1.)) ;
#6706=DIRECTION('Axis2P3D XDirection',(1.,0.,0.)) ;
#6710=DIRECTION('Vector Direction',(-1.,0.,0.)) ;
#6720=DIRECTION('Vector Direction',(-1.,0.,0.)) ;
#6730=DIRECTION('Axis2P3D Direction',(0.,0.,1.)) ;
#6731=DIRECTION('Axis2P3D XDirection',(1.,0.,0.)) ;
#6735=DIRECTION('Axis2P3D Direction',(0.,0.,1.)) ;
#6744=DIRECTION('Vector Direction',(0.,0.,1.)) ;
#6749=DIRECTION('Vector Direction',(0.,0.,1.)) ;
#6761=DIRECTION('Axis2P3D Direction',(0.,0.,1.)) ;
#6773=DIRECTION('Axis2P3D Direction',(0.,0.,1.)) ;
#6774=DIRECTION('Axis2P3D XDirection',(1.,0.,0.)) ;
#6783=DIRECTION('Axis2P3D Direction',(0.,1.,-0.)) ;
#6784=DIRECTION('Axis2P3D XDirection',(-1.,0.,0.)) ;
#6788=DIRECTION('Vector Direction',(0.193400002444,0.,0.98111999218)) ;
#6795=DIRECTION('Axis2P3D Direction',(0.,1.,-0.)) ;
#6802=DIRECTION('Vector Direction',(-0.193400002444,0.,0.98111999218)) ;
#6813=DIRECTION('Axis2P3D Direction',(0.,1.,-0.)) ;
#6822=DIRECTION('Axis2P3D Direction',(0.,1.,-0.)) ;
#6829=DIRECTION('Axis2P3D Direction',(0.,1.,-0.)) ;
#6836=DIRECTION('Axis2P3D Direction',(0.,1.,-0.)) ;
#6867=DIRECTION('Vector Direction',(0.,1.,0.)) ;
#6897=DIRECTION('Vector Direction',(0.,1.,0.)) ;
#6908=DIRECTION('Axis2P3D Direction',(0.,1.,0.)) ;
#6909=DIRECTION('Axis2P3D XDirection',(-0.620986641919,0.,-0.783821147047)) ;
#6913=DIRECTION('Axis2P3D Direction',(0.193400003099,0.,-0.981119992051)) ;
#6920=DIRECTION('Axis2P3D Direction',(0.193400002444,-0.,0.98111999218)) ;
#6927=DIRECTION('Axis2P3D Direction',(0.,1.,0.)) ;
#6939=DIRECTION('Axis2P3D Direction',(0.193400002444,0.,0.98111999218)) ;
#6940=DIRECTION('Axis2P3D XDirection',(0.,-1.,0.)) ;
#6944=DIRECTION('Vector Direction',(0.193400002444,0.,0.98111999218)) ;
#6956=DIRECTION('Axis2P3D Direction',(-0.193400002444,0.,0.98111999218)) ;
#6957=DIRECTION('Axis2P3D XDirection',(-0.98111999218,1.83697019872E-016,-0.193400002444)) ;
#6961=DIRECTION('Vector Direction',(-0.193400002444,0.,0.98111999218)) ;
#6973=DIRECTION('Axis2P3D Direction',(0.,1.,-0.)) ;
#6974=DIRECTION('Axis2P3D XDirection',(-1.,0.,0.)) ;
#6978=DIRECTION('Vector Direction',(0.193400002444,0.,-0.98111999218)) ;
#6985=DIRECTION('Axis2P3D Direction',(0.,1.,-0.)) ;
#6992=DIRECTION('Vector Direction',(0.193400002444,0.,0.98111999218)) ;
#7003=DIRECTION('Axis2P3D Direction',(0.,1.,-0.)) ;
#7012=DIRECTION('Axis2P3D Direction',(0.,1.,-0.)) ;
#7019=DIRECTION('Axis2P3D Direction',(0.,1.,-0.)) ;
#7026=DIRECTION('Axis2P3D Direction',(0.,1.,-0.)) ;
#7057=DIRECTION('Vector Direction',(0.,1.,0.)) ;
#7087=DIRECTION('Vector Direction',(0.,1.,0.)) ;
#7098=DIRECTION('Axis2P3D Direction',(0.,1.,0.)) ;
#7099=DIRECTION('Axis2P3D XDirection',(-0.98111999218,0.,-0.193400002444)) ;
#7103=DIRECTION('Vector Direction',(0.,1.,0.)) ;
#7110=DIRECTION('Vector Direction',(0.,1.,0.)) ;
#7117=DIRECTION('Axis2P3D Direction',(0.,1.,0.)) ;
#7129=DIRECTION('Axis2P3D Direction',(-0.98111999218,0.,-0.193400002444)) ;
#7130=DIRECTION('Axis2P3D XDirection',(-0.193400002444,0.,0.98111999218)) ;
#7134=DIRECTION('Vector Direction',(0.193400002444,0.,-0.98111999218)) ;
#7147=DIRECTION('Axis2P3D Direction',(-0.98111999218,0.,0.193400002444)) ;
#7148=DIRECTION('Axis2P3D XDirection',(0.193400002444,0.,0.98111999218)) ;
#7152=DIRECTION('Vector Direction',(0.193400002444,0.,0.98111999218)) ;
#7165=DIRECTION('Axis2P3D Direction',(0.,1.,0.)) ;
#7166=DIRECTION('Axis2P3D XDirection',(-0.908348451585,0.,-0.418214168223)) ;
#7170=DIRECTION('Axis2P3D Direction',(0.193400002444,0.,-0.98111999218)) ;
#7175=DIRECTION('Axis2P3D Direction',(0.193400002444,-0.,0.98111999218)) ;
#7187=DIRECTION('Axis2P3D Direction',(0.193400002444,0.,0.98111999218)) ;
#7188=DIRECTION('Axis2P3D XDirection',(0.98111999218,0.,-0.193400002444)) ;
#7199=DIRECTION('Axis2P3D Direction',(0.193400002444,0.,-0.98111999218)) ;
#7200=DIRECTION('Axis2P3D XDirection',(-0.98111999218,0.,-0.193400002444)) ;
#7211=DIRECTION('Axis2P3D Direction',(0.,-1.,0.)) ;
#7212=DIRECTION('Axis2P3D XDirection',(0.87758256189,0.,0.479425538604)) ;
#7216=DIRECTION('Axis2P3D Direction',(-0.479425538604,0.,0.87758256189)) ;
#7221=DIRECTION('Axis2P3D Direction',(0.479425538604,0.,-0.87758256189)) ;
#7255=DIRECTION('NONE',(1.,0.,0.)) ;
#7256=DIRECTION('NONE',(0.,0.,1.)) ;
#7257=DIRECTION('NONE',(0.967063575083,-0.0833677602006,-0.240495027614)) ;
#7258=DIRECTION('NONE',(-0.246367924015,-0.0691575547737,-0.966705787008)) ;
#7270=DIRECTION('NONE',(1.,0.,0.)) ;
#7271=DIRECTION('NONE',(0.,0.,1.)) ;
#7272=DIRECTION('NONE',(0.168043584159,-0.957231393742,-0.235519452822)) ;
#7273=DIRECTION('NONE',(-0.141904618508,0.212938959822,-0.966705787009)) ;
#7283=DIRECTION('NONE',(1.,0.,0.)) ;
#7284=DIRECTION('NONE',(0.,0.,1.)) ;
#7285=DIRECTION('NONE',(0.5053504525,0.835198323416,-0.216943957558)) ;
#7286=DIRECTION('NONE',(-0.00849214736275,-0.246582776685,-0.969084525558)) ;
#7296=DIRECTION('NONE',(1.,0.,0.)) ;
#7297=DIRECTION('NONE',(0.,0.,1.)) ;
#7298=DIRECTION('NONE',(-0.860130199284,-0.452625387742,-0.235172912239)) ;
#7299=DIRECTION('NONE',(0.158666046614,0.200761069475,-0.966705787008)) ;
#7309=DIRECTION('NONE',(1.,0.,0.)) ;
#7310=DIRECTION('NONE',(0.,0.,1.)) ;
#7311=DIRECTION('NONE',(0.733512482381,-0.629363188012,0.256634790639)) ;
#7312=DIRECTION('NONE',(0.254716318698,-0.0955228291706,-0.962286332697)) ;
#7322=DIRECTION('NONE',(1.,0.,0.)) ;
#7323=DIRECTION('NONE',(0.,0.,1.)) ;
#7324=DIRECTION('NONE',(0.246608209377,-0.968361953581,0.0382036375883)) ;
#7325=DIRECTION('NONE',(0.969069398886,0.246788371165,2.30700282643E-013)) ;
#7335=DIRECTION('NONE',(1.,0.,0.)) ;
#7336=DIRECTION('NONE',(0.,0.,1.)) ;
#7337=DIRECTION('NONE',(0.0381234698263,-0.00247365590464,-0.999269974569)) ;
#7338=DIRECTION('NONE',(0.0647492244447,0.997901567257,3.02870874554E-013)) ;
#7348=DIRECTION('NONE',(1.,0.,0.)) ;
#7349=DIRECTION('NONE',(0.,0.,1.)) ;
#7350=DIRECTION('NONE',(-0.844760818436,-0.533778644862,0.0382036375901)) ;
#7351=DIRECTION('NONE',(0.534168601526,-0.84537796585,2.34344189667E-013)) ;
#7361=DIRECTION('NONE',(1.,0.,0.)) ;
#7362=DIRECTION('NONE',(0.,0.,1.)) ;
#7363=DIRECTION('NONE',(0.0470222370616,0.118086940108,-0.991889300173)) ;
#7364=DIRECTION('NONE',(-0.929052177438,0.369948714822,1.48601693595E-016)) ;
#7374=DIRECTION('NONE',(1.,0.,0.)) ;
#7375=DIRECTION('NONE',(0.,0.,1.)) ;
#7376=DIRECTION('NONE',(0.752286399514,-0.605683679625,0.259253646731)) ;
#7377=DIRECTION('NONE',(-0.254716318698,0.0955228291706,0.962286332697)) ;
#7387=DIRECTION('NONE',(1.,0.,0.)) ;
#7388=DIRECTION('NONE',(0.,0.,1.)) ;
#7389=DIRECTION('NONE',(0.827007172386,0.507820931083,0.241199168272)) ;
#7390=DIRECTION('NONE',(-0.158666046614,-0.200761069475,0.966705787008)) ;
#7400=DIRECTION('NONE',(1.,0.,0.)) ;
#7401=DIRECTION('NONE',(0.,0.,1.)) ;
#7402=DIRECTION('NONE',(0.0985250094119,-0.968700811265,-0.227841086672)) ;
#7403=DIRECTION('NONE',(0.141904618508,-0.212938959822,0.966705787009)) ;
#7413=DIRECTION('NONE',(1.,0.,0.)) ;
#7414=DIRECTION('NONE',(0.,0.,1.)) ;
#7415=DIRECTION('NONE',(0.966965941447,-0.0848680431567,-0.240362816037)) ;
#7416=DIRECTION('NONE',(0.246367924015,0.0691575547737,0.966705787008)) ;
#7426=DIRECTION('NONE',(1.,0.,0.)) ;
#7427=DIRECTION('NONE',(0.,0.,1.)) ;
#7428=DIRECTION('NONE',(-0.41625863297,-0.880289873274,0.227636748987)) ;
#7429=DIRECTION('NONE',(0.00849214736275,0.246582776685,0.969084525558)) ;
#7440=DIRECTION('Axis2P3D Direction',(0.,0.,1.)) ;
#7441=DIRECTION('Axis2P3D XDirection',(1.,0.,0.)) ;
#7445=DIRECTION('Vector Direction',(0.,0.,1.)) ;
#7454=DIRECTION('Axis2P3D Direction',(0.,0.,1.)) ;
#7461=DIRECTION('Vector Direction',(0.,0.,1.)) ;
#7468=DIRECTION('Axis2P3D Direction',(0.,0.,1.)) ;
#7480=DIRECTION('Axis2P3D Direction',(0.,0.,1.)) ;
#7485=DIRECTION('Axis2P3D Direction',(0.,0.,1.)) ;
#7497=DIRECTION('Axis2P3D Direction',(0.,0.,1.)) ;
#7498=DIRECTION('Axis2P3D XDirection',(1.,0.,0.)) ;
#7507=DIRECTION('Axis2P3D Direction',(0.,0.,1.)) ;
#7508=DIRECTION('Axis2P3D XDirection',(1.,0.,0.)) ;
#7528=DIRECTION('NONE',(1.,0.,0.)) ;
#7529=DIRECTION('NONE',(0.,0.,1.)) ;
#7530=DIRECTION('NONE',(0.967474959488,-0.226993839306,0.111651241285)) ;
#7531=DIRECTION('NONE',(-0.158666046614,-0.200761069475,0.966705787008)) ;
#7543=DIRECTION('NONE',(1.,0.,0.)) ;
#7544=DIRECTION('NONE',(0.,0.,1.)) ;
#7545=DIRECTION('NONE',(0.967115913788,0.0474637277913,-0.249867972823)) ;
#7546=DIRECTION('NONE',(0.246367924015,0.0691575547737,0.966705787008)) ;
#7556=DIRECTION('NONE',(1.,0.,0.)) ;
#7557=DIRECTION('NONE',(0.,0.,1.)) ;
#7558=DIRECTION('NONE',(0.966880462387,0.00850832785426,0.255087788439)) ;
#7559=DIRECTION('NONE',(-0.254716318698,0.0955228291706,0.962286332697)) ;
#7569=DIRECTION('NONE',(1.,0.,0.)) ;
#7570=DIRECTION('NONE',(0.,0.,1.)) ;
#7571=DIRECTION('NONE',(0.984298680309,-0.0732089742088,-0.16061305687)) ;
#7572=DIRECTION('NONE',(0.141904618508,-0.212938959822,0.966705787009)) ;
#7582=DIRECTION('NONE',(1.,0.,0.)) ;
#7583=DIRECTION('NONE',(0.,0.,1.)) ;
#7584=DIRECTION('NONE',(0.998694713903,-0.0509040384316,0.00420086829655)) ;
#7585=DIRECTION('NONE',(0.00849214736275,0.246582776685,0.969084525558)) ;
#7596=DIRECTION('Axis2P3D Direction',(1.,0.,0.)) ;
#7597=DIRECTION('Axis2P3D XDirection',(-0.,-1.83697019872E-016,-1.)) ;
#7601=DIRECTION('Vector Direction',(1.,0.,0.)) ;
#7610=DIRECTION('Axis2P3D Direction',(1.,0.,0.)) ;
#7617=DIRECTION('Vector Direction',(1.,0.,0.)) ;
#7624=DIRECTION('Axis2P3D Direction',(1.,0.,0.)) ;
#7636=DIRECTION('Axis2P3D Direction',(0.,0.,-1.)) ;
#7637=DIRECTION('Axis2P3D XDirection',(0.,1.,0.)) ;
#7641=DIRECTION('Vector Direction',(0.,1.,0.)) ;
#7648=DIRECTION('Vector Direction',(1.,0.,0.)) ;
#7655=DIRECTION('Vector Direction',(0.,1.,0.)) ;
#7667=DIRECTION('Axis2P3D Direction',(1.,0.,0.)) ;
#7668=DIRECTION('Axis2P3D XDirection',(0.,1.39349996951E-015,1.)) ;
#7672=DIRECTION('Axis2P3D Direction',(1.,0.,0.)) ;
#7679=DIRECTION('Vector Direction',(1.,0.,0.)) ;
#7686=DIRECTION('Axis2P3D Direction',(1.,0.,0.)) ;
#7698=DIRECTION('Axis2P3D Direction',(0.,0.,-1.)) ;
#7699=DIRECTION('Axis2P3D XDirection',(0.,1.,0.)) ;
#7703=DIRECTION('Vector Direction',(0.,1.,0.)) ;
#7708=DIRECTION('Vector Direction',(0.,1.,0.)) ;
#7720=DIRECTION('Axis2P3D Direction',(1.,0.,0.)) ;
#7721=DIRECTION('Axis2P3D XDirection',(0.,1.,0.)) ;
#7725=DIRECTION('Axis2P3D Direction',(1.,0.,0.)) ;
#7734=DIRECTION('Vector Direction',(1.,0.,0.)) ;
#7741=DIRECTION('Axis2P3D Direction',(1.,0.,0.)) ;
#7748=DIRECTION('Vector Direction',(1.,0.,0.)) ;
#7760=DIRECTION('Axis2P3D Direction',(1.,0.,0.)) ;
#7765=DIRECTION('Axis2P3D Direction',(1.,0.,0.)) ;
#7777=DIRECTION('Axis2P3D Direction',(1.,0.,0.)) ;
#7778=DIRECTION('Axis2P3D XDirection',(0.,-1.,1.22464679915E-016)) ;
#7782=DIRECTION('Axis2P3D Direction',(1.,0.,0.)) ;
#7791=DIRECTION('Vector Direction',(1.,0.,0.)) ;
#7798=DIRECTION('Axis2P3D Direction',(1.,0.,0.)) ;
#7805=DIRECTION('Vector Direction',(1.,0.,0.)) ;
#7817=DIRECTION('Axis2P3D Direction',(1.,0.,0.)) ;
#7822=DIRECTION('Axis2P3D Direction',(1.,0.,0.)) ;
#7834=DIRECTION('Axis2P3D Direction',(1.,0.,0.)) ;
#7835=DIRECTION('Axis2P3D XDirection',(0.,1.,0.)) ;
#7854=DIRECTION('Axis2P3D Direction',(1.,0.,0.)) ;
#7855=DIRECTION('Axis2P3D XDirection',(0.,1.,0.)) ;
#7885=DIRECTION('NONE',(1.,0.,0.)) ;
#7886=DIRECTION('NONE',(0.,0.,1.)) ;
#7887=DIRECTION('NONE',(0.845377965846,0.534168601531,5.16234045773E-016)) ;
#7888=DIRECTION('NONE',(-0.232841607751,0.368496321499,-0.899997359297)) ;
#7900=DIRECTION('NONE',(1.,0.,0.)) ;
#7901=DIRECTION('NONE',(0.,0.,1.)) ;
#7902=DIRECTION('NONE',(0.845377965846,0.534168601531,5.43468441761E-016)) ;
#7903=DIRECTION('NONE',(-0.232841607751,0.368496321499,-0.899997359297)) ;
#7914=DIRECTION('Axis2P3D Direction',(1.,-0.,0.)) ;
#7915=DIRECTION('Axis2P3D XDirection',(0.,0.,-1.)) ;
#7919=DIRECTION('Vector Direction',(0.,1.,0.)) ;
#7928=DIRECTION('Vector Direction',(0.,0.,-1.)) ;
#7935=DIRECTION('Vector Direction',(0.,1.,0.)) ;
#7942=DIRECTION('Vector Direction',(0.,0.,-1.)) ;
#7954=DIRECTION('Axis2P3D Direction',(0.,1.,-0.)) ;
#7955=DIRECTION('Axis2P3D XDirection',(-1.,0.,0.)) ;
#7959=DIRECTION('Vector Direction',(-1.,0.,0.)) ;
#7968=DIRECTION('Vector Direction',(-1.,0.,0.)) ;
#7975=DIRECTION('Vector Direction',(-1.,0.,0.)) ;
#7980=DIRECTION('Axis2P3D Direction',(0.,1.,-0.)) ;
#7987=DIRECTION('Vector Direction',(0.,0.,1.)) ;
#8000=DIRECTION('Axis2P3D Direction',(0.,1.,-0.)) ;
#8009=DIRECTION('Axis2P3D Direction',(0.,1.,-0.)) ;
#8019=DIRECTION('Axis2P3D Direction',(0.,1.,0.)) ;
#8020=DIRECTION('Axis2P3D XDirection',(-1.,0.,0.)) ;
#8024=DIRECTION('Axis2P3D Direction',(0.,1.,0.)) ;
#8031=DIRECTION('Vector Direction',(0.,1.,0.)) ;
#8043=DIRECTION('Axis2P3D Direction',(0.,1.,-0.)) ;
#8044=DIRECTION('Axis2P3D XDirection',(-1.,0.,0.)) ;
#8048=DIRECTION('Vector Direction',(0.,0.,1.)) ;
#8055=DIRECTION('Vector Direction',(-1.,0.,0.)) ;
#8062=DIRECTION('Vector Direction',(-1.,0.,0.)) ;
#8069=DIRECTION('Vector Direction',(-1.,0.,0.)) ;
#8082=DIRECTION('Axis2P3D Direction',(0.,1.,-0.)) ;
#8091=DIRECTION('Axis2P3D Direction',(0.,1.,-0.)) ;
#8101=DIRECTION('Axis2P3D Direction',(0.,0.,1.)) ;
#8102=DIRECTION('Axis2P3D XDirection',(1.,0.,0.)) ;
#8106=DIRECTION('Axis2P3D Direction',(0.,0.,1.)) ;
#8113=DIRECTION('Axis2P3D Direction',(0.,0.,1.)) ;
#8126=DIRECTION('Axis2P3D Direction',(0.,0.,1.)) ;
#8133=DIRECTION('Axis2P3D Direction',(0.,0.,1.)) ;
#8138=DIRECTION('Vector Direction',(0.,1.,0.)) ;
#8151=DIRECTION('Axis2P3D Direction',(-1.,0.,0.)) ;
#8152=DIRECTION('Axis2P3D XDirection',(0.,0.,1.)) ;
#8163=DIRECTION('Axis2P3D Direction',(0.,1.,0.)) ;
#8164=DIRECTION('Axis2P3D XDirection',(-1.,0.,0.)) ;
#8168=DIRECTION('Vector Direction',(0.,1.,0.)) ;
#8173=DIRECTION('Vector Direction',(0.,1.,0.)) ;
#8192=DIRECTION('Axis2P3D Direction',(0.,0.,1.)) ;
#8202=DIRECTION('Axis2P3D Direction',(0.,0.,1.)) ;
#8212=DIRECTION('Axis2P3D Direction',(0.,0.,1.)) ;
#8213=DIRECTION('Axis2P3D XDirection',(1.,0.,0.)) ;
#8217=DIRECTION('Vector Direction',(0.,0.,1.)) ;
#8224=DIRECTION('Vector Direction',(0.,0.,1.)) ;
#8231=DIRECTION('Axis2P3D Direction',(0.,0.,1.)) ;
#8245=DIRECTION('Axis2P3D Direction',(0.,0.,1.)) ;
#8259=DIRECTION('Axis2P3D Direction',(0.,0.,1.)) ;
#8260=DIRECTION('Axis2P3D XDirection',(1.,0.,0.)) ;
#8264=DIRECTION('Axis2P3D Direction',(0.,0.,1.)) ;
#8273=DIRECTION('Axis2P3D Direction',(0.,0.,1.)) ;
#8283=DIRECTION('Axis2P3D Direction',(-5.74540415244E-013,-6.45039577307E-013,1.)) ;
#8284=DIRECTION('Axis2P3D XDirection',(1.,1.35245185629E-016,5.74514228764E-013)) ;
#8288=DIRECTION('Vector Direction',(0.707106781186,-5.26172568992E-013,0.707106781187)) ;
#8293=DIRECTION('Vector Direction',(-0.707106781187,1.23712488128E-008,0.707106781186)) ;
#8305=DIRECTION('Axis2P3D Direction',(-5.55111512313E-016,-3.60822483003E-015,1.)) ;
#8306=DIRECTION('Axis2P3D XDirection',(-0.809016994375,0.587785252292,1.71221572076E-015)) ;
#8328=DIRECTION('NONE',(1.,0.,0.)) ;
#8329=DIRECTION('NONE',(0.,0.,1.)) ;
#8330=DIRECTION('NONE',(0.534168601531,-0.845377965845,-1.25747761719E-006)) ;
#8331=DIRECTION('NONE',(6.71705059764E-007,-1.06304387042E-006,0.999999999999)) ;
#8343=DIRECTION('NONE',(1.,0.,0.)) ;
#8344=DIRECTION('NONE',(0.,0.,1.)) ;
#8345=DIRECTION('NONE',(0.995807537935,-0.0646133525443,-0.064749224437)) ;
#8346=DIRECTION('NONE',(0.064749224437,0.997901567257,0.)) ;
#8356=DIRECTION('NONE',(1.,0.,0.)) ;
#8357=DIRECTION('NONE',(0.,0.,1.)) ;
#8358=DIRECTION('NONE',(0.136862051598,0.343701659045,0.929052177438)) ;
#8359=DIRECTION('NONE',(-0.929052177438,0.369948714822,0.)) ;
#8369=DIRECTION('NONE',(1.,0.,0.)) ;
#8370=DIRECTION('NONE',(0.,0.,1.)) ;
#8371=DIRECTION('NONE',(0.714663905138,0.451574365781,0.534168601531)) ;
#8372=DIRECTION('NONE',(-0.534168601531,0.845377965846,0.)) ;
#8382=DIRECTION('NONE',(1.,0.,0.)) ;
#8383=DIRECTION('NONE',(0.,0.,1.)) ;
#8384=DIRECTION('NONE',(0.0609045001448,-0.239155058502,-0.969069398885)) ;
#8385=DIRECTION('NONE',(0.969069398885,0.24678837117,0.)) ;
#8395=DIRECTION('NONE',(1.,0.,0.)) ;
#8396=DIRECTION('NONE',(0.,0.,1.)) ;
#8397=DIRECTION('NONE',(0.714663905138,0.451574365781,-0.534168601531)) ;
#8398=DIRECTION('NONE',(0.534168601531,-0.845377965846,0.)) ;
#8409=DIRECTION('Axis2P3D Direction',(0.,0.,1.)) ;
#8410=DIRECTION('Axis2P3D XDirection',(-0.479425538604,0.87758256189,0.)) ;
#8414=DIRECTION('Vector Direction',(0.,0.,1.)) ;
#8423=DIRECTION('Axis2P3D Direction',(0.,0.,1.)) ;
#8430=DIRECTION('Vector Direction',(0.,0.,1.)) ;
#8437=DIRECTION('Axis2P3D Direction',(0.,0.,1.)) ;
#8449=DIRECTION('Axis2P3D Direction',(0.,0.,1.)) ;
#8454=DIRECTION('Axis2P3D Direction',(0.,0.,1.)) ;
#8466=DIRECTION('Axis2P3D Direction',(0.,0.,1.)) ;
#8467=DIRECTION('Axis2P3D XDirection',(-0.479425538604,0.87758256189,0.)) ;
#8471=DIRECTION('Vector Direction',(0.,0.,1.)) ;
#8480=DIRECTION('Axis2P3D Direction',(0.,0.,1.)) ;
#8487=DIRECTION('Vector Direction',(0.,0.,1.)) ;
#8494=DIRECTION('Axis2P3D Direction',(0.,0.,1.)) ;
#8506=DIRECTION('Axis2P3D Direction',(0.,0.,1.)) ;
#8511=DIRECTION('Axis2P3D Direction',(0.,0.,1.)) ;
#8523=DIRECTION('Axis2P3D Direction',(0.,0.,1.)) ;
#8524=DIRECTION('Axis2P3D XDirection',(-0.479425538604,0.87758256189,0.)) ;
#8528=DIRECTION('Vector Direction',(0.,0.,1.)) ;
#8537=DIRECTION('Axis2P3D Direction',(0.,0.,1.)) ;
#8544=DIRECTION('Vector Direction',(0.,0.,1.)) ;
#8551=DIRECTION('Axis2P3D Direction',(0.,0.,1.)) ;
#8563=DIRECTION('Axis2P3D Direction',(0.,0.,1.)) ;
#8568=DIRECTION('Axis2P3D Direction',(0.,0.,1.)) ;
#8580=DIRECTION('Axis2P3D Direction',(0.,0.,1.)) ;
#8581=DIRECTION('Axis2P3D XDirection',(-0.479425538604,0.87758256189,0.)) ;
#8585=DIRECTION('Axis2P3D Direction',(-0.87758256189,-0.479425538604,0.)) ;
#8590=DIRECTION('Axis2P3D Direction',(0.87758256189,0.479425538604,-0.)) ;
#8609=DIRECTION('Axis2P3D Direction',(0.,0.,1.)) ;
#8610=DIRECTION('Axis2P3D XDirection',(1.,0.,0.)) ;
#8623=DIRECTION('Axis2P3D Direction',(0.,0.,1.)) ;
#8624=DIRECTION('Axis2P3D XDirection',(1.,0.,0.)) ;
#8648=DIRECTION('NONE',(1.,0.,0.)) ;
#8649=DIRECTION('NONE',(0.,0.,1.)) ;
#8650=DIRECTION('NONE',(1.,0.,0.)) ;
#8651=DIRECTION('NONE',(0.,0.,1.)) ;
#8664=DIRECTION('Axis2P3D Direction',(-3.13526982154E-012,1.93001170601E-012,-1.)) ;
#8665=DIRECTION('Axis2P3D XDirection',(0.479425538604,0.87758256189,1.9058278061E-013)) ;
#8669=DIRECTION('Vector Direction',(0.339005049419,0.620544580565,-0.707106781186)) ;
#8678=DIRECTION('Axis2P3D Direction',(-3.22696577723E-012,1.76216338499E-012,-1.)) ;
#8685=DIRECTION('Vector Direction',(-0.339005060716,-0.620544574393,-0.707106781187)) ;
#8692=DIRECTION('Axis2P3D Direction',(-3.22696577723E-012,1.76216338499E-012,-1.)) ;
#8704=DIRECTION('Axis2P3D Direction',(-5.3290705182E-015,1.33226762955E-015,-1.)) ;
#8705=DIRECTION('Axis2P3D XDirection',(0.12796667928,-0.9917784677,-1.97563352395E-015)) ;
#8709=DIRECTION('Axis2P3D Direction',(-4.99006045594E-015,-1.29515758749E-015,-1.)) ;
#8714=DIRECTION('Axis2P3D Direction',(-4.99006045594E-015,-1.29515758749E-015,-1.)) ;
#8726=DIRECTION('Axis2P3D Direction',(0.,-7.1737487745E-016,-1.)) ;
#8727=DIRECTION('Axis2P3D XDirection',(1.,0.,0.)) ;
#8731=DIRECTION('Axis2P3D Direction',(0.,-7.1737487745E-016,-1.)) ;
#8740=DIRECTION('Axis2P3D Direction',(0.,-7.1737487745E-016,-1.)) ;
#8749=DIRECTION('Axis2P3D Direction',(0.,-7.1737487745E-016,-1.)) ;
#8758=DIRECTION('Axis2P3D Direction',(0.,-7.1737487745E-016,-1.)) ;
#8768=DIRECTION('Axis2P3D Direction',(0.,-7.1737487745E-016,-1.)) ;
#8769=DIRECTION('Axis2P3D XDirection',(0.479425538604,0.87758256189,-6.29555682788E-016)) ;
#8773=DIRECTION('Vector Direction',(0.,-7.40148683083E-016,-1.)) ;
#8780=DIRECTION('Vector Direction',(0.,-7.40148683083E-016,-1.)) ;
#8787=DIRECTION('Axis2P3D Direction',(0.,-7.1737487745E-016,-1.)) ;
#8799=DIRECTION('Axis2P3D Direction',(0.,-7.1737487745E-016,-1.)) ;
#8811=DIRECTION('Axis2P3D Direction',(-1.14397380457E-012,9.72555369572E-013,1.)) ;
#8812=DIRECTION('Axis2P3D XDirection',(0.479425538604,0.87758256189,-3.05037816098E-013)) ;
#8816=DIRECTION('Vector Direction',(0.33900504942,0.620544580564,0.707106781186)) ;
#8821=DIRECTION('Vector Direction',(-0.339005049422,-0.620544580563,0.707106781187)) ;
#8833=DIRECTION('Axis2P3D Direction',(1.63336011383E-012,4.62740956664E-013,1.)) ;
#8834=DIRECTION('Axis2P3D XDirection',(0.12796667928,-0.9917784677,2.4998349523E-013)) ;
#8845=DIRECTION('Axis2P3D Direction',(0.,-7.1737487745E-016,-1.)) ;
#8846=DIRECTION('Axis2P3D XDirection',(0.479425538604,0.87758256189,-6.29555682788E-016)) ;
#8850=DIRECTION('Vector Direction',(0.,-7.1054273576E-016,-1.)) ;
#8857=DIRECTION('Vector Direction',(0.,-7.1054273576E-016,-1.)) ;
#8864=DIRECTION('Axis2P3D Direction',(0.,-7.1737487745E-016,-1.)) ;
#8876=DIRECTION('Axis2P3D Direction',(0.,-7.1737487745E-016,-1.)) ;
#8888=DIRECTION('Axis2P3D Direction',(0.,-7.1737487745E-016,-1.)) ;
#8889=DIRECTION('Axis2P3D XDirection',(1.,0.,0.)) ;
#8893=DIRECTION('Axis2P3D Direction',(0.,-7.1737487745E-016,-1.)) ;
#8902=DIRECTION('Axis2P3D Direction',(0.,-7.1737487745E-016,-1.)) ;
#8912=DIRECTION('Axis2P3D Direction',(7.45699798207E-013,-2.32406686488E-013,1.)) ;
#8913=DIRECTION('Axis2P3D XDirection',(-0.188737392677,-0.982027594625,-8.74547106601E-014)) ;
#8917=DIRECTION('Vector Direction',(-0.33900504942,-0.620544580564,0.707106781187)) ;
#8922=DIRECTION('Vector Direction',(0.339005049422,0.620544580564,0.707106781186)) ;
#8934=DIRECTION('Axis2P3D Direction',(3.70074341542E-016,7.40148683083E-016,1.)) ;
#8935=DIRECTION('Axis2P3D XDirection',(0.479425538604,0.87758256189,-7.90253409579E-016)) ;
#8946=DIRECTION('Axis2P3D Direction',(0.,-7.1737487745E-016,-1.)) ;
#8947=DIRECTION('Axis2P3D XDirection',(1.,0.,0.)) ;
#8955=DIRECTION('Vector Direction',(0.5,-0.866025403784,1.22086380715E-015)) ;
#8964=DIRECTION('Vector Direction',(-0.5,-0.866025403784,0.)) ;
#8971=DIRECTION('Vector Direction',(-1.,-1.22086380715E-015,0.)) ;
#8978=DIRECTION('Vector Direction',(-0.5,0.866025403784,0.)) ;
#8985=DIRECTION('Vector Direction',(0.5,0.866025403784,-1.22086380715E-015)) ;
#8992=DIRECTION('Vector Direction',(1.,0.,0.)) ;
#9006=DIRECTION('Axis2P3D Direction',(-0.866025403784,0.5,-3.58687438725E-016)) ;
#9007=DIRECTION('Axis2P3D XDirection',(0.5,0.866025403784,-6.21264867909E-016)) ;
#9011=DIRECTION('Vector Direction',(0.,-6.66133814775E-016,-1.)) ;
#9018=DIRECTION('Vector Direction',(0.,-7.1737487745E-016,-1.)) ;
#9025=DIRECTION('Vector Direction',(0.5,0.866025403784,-2.4417276143E-015)) ;
#9037=DIRECTION('Axis2P3D Direction',(0.,1.,-7.1737487745E-016)) ;
#9038=DIRECTION('Axis2P3D XDirection',(1.,0.,0.)) ;
#9042=DIRECTION('Vector Direction',(0.,-6.66133814775E-016,-1.)) ;
#9049=DIRECTION('Vector Direction',(1.,0.,0.)) ;
#9061=DIRECTION('Axis2P3D Direction',(-0.866025403784,-0.5,3.58687438725E-016)) ;
#9062=DIRECTION('Axis2P3D XDirection',(-0.5,0.866025403784,-6.21264867909E-016)) ;
#9066=DIRECTION('Vector Direction',(0.,-6.66133814775E-016,-1.)) ;
#9073=DIRECTION('Vector Direction',(-0.5,0.866025403784,0.)) ;
#9085=DIRECTION('Axis2P3D Direction',(-0.,7.1737487745E-016,1.)) ;
#9086=DIRECTION('Axis2P3D XDirection',(1.,0.,0.)) ;
#9090=DIRECTION('Vector Direction',(-1.,-1.22086380715E-015,0.)) ;
#9097=DIRECTION('Vector Direction',(-0.5,-0.866025403784,1.22086380715E-015)) ;
#9104=DIRECTION('Vector Direction',(0.5,-0.866025403784,1.22086380715E-015)) ;
#9118=DIRECTION('Axis2P3D Direction',(0.866025403784,0.5,-3.58687438725E-016)) ;
#9119=DIRECTION('Axis2P3D XDirection',(0.5,-0.866025403784,6.21264867909E-016)) ;
#9123=DIRECTION('Vector Direction',(0.,-7.1737487745E-016,-1.)) ;
#9135=DIRECTION('Axis2P3D Direction',(1.06825583125E-015,-1.,7.1737487745E-016)) ;
#9136=DIRECTION('Axis2P3D XDirection',(-1.,-1.06825583125E-015,7.66339896032E-031)) ;
#9140=DIRECTION('Vector Direction',(0.,-6.66133814775E-016,-1.)) ;
#9152=DIRECTION('Axis2P3D Direction',(0.866025403784,-0.5,3.58687438725E-016)) ;
#9153=DIRECTION('Axis2P3D XDirection',(-0.5,-0.866025403784,6.21264867909E-016)) ;
#9175=DIRECTION('NONE',(1.,0.,0.)) ;
#9176=DIRECTION('NONE',(0.,0.,1.)) ;
#9177=DIRECTION('NONE',(1.,0.,0.)) ;
#9178=DIRECTION('NONE',(0.,0.,1.)) ;
#9190=DIRECTION('NONE',(1.,0.,0.)) ;
#9191=DIRECTION('NONE',(0.,0.,1.)) ;
#9192=DIRECTION('NONE',(0.0609075899053,-0.239167191133,-0.96906621042)) ;
#9193=DIRECTION('NONE',(0.969069398885,0.24678837117,1.78372670058E-016)) ;
#9203=DIRECTION('NONE',(1.,0.,0.)) ;
#9204=DIRECTION('NONE',(0.,0.,1.)) ;
#9205=DIRECTION('NONE',(0.995808372624,-0.0646134067035,-0.0647363320345)) ;
#9206=DIRECTION('NONE',(0.064749224437,0.997901567257,7.17034472311E-016)) ;
#9216=DIRECTION('NONE',(1.,0.,0.)) ;
#9217=DIRECTION('NONE',(0.,0.,1.)) ;
#9218=DIRECTION('NONE',(0.136857611131,0.343690507699,0.929056956915)) ;
#9219=DIRECTION('NONE',(-0.929052177438,0.369948714822,2.64779004936E-016)) ;
#9229=DIRECTION('NONE',(1.,0.,0.)) ;
#9230=DIRECTION('NONE',(0.,0.,1.)) ;
#9231=DIRECTION('NONE',(0.71465807096,0.451570679342,-0.534179523354)) ;
#9232=DIRECTION('NONE',(0.534168601531,-0.845377965846,-6.06794099551E-016)) ;
#9242=DIRECTION('NONE',(1.,0.,0.)) ;
#9243=DIRECTION('NONE',(0.,0.,1.)) ;
#9244=DIRECTION('NONE',(0.591768355171,-0.491512887974,0.638925108893)) ;
#9245=DIRECTION('NONE',(-0.638935047416,-0.769260687403,-5.53392047754E-016)) ;
#9255=DIRECTION('NONE',(1.,0.,0.)) ;
#9256=DIRECTION('NONE',(0.,0.,1.)) ;
#9257=DIRECTION('NONE',(0.,0.,-1.)) ;
#9258=DIRECTION('NONE',(1.,0.,0.)) ;
#9268=DIRECTION('NONE',(1.,0.,0.)) ;
#9269=DIRECTION('NONE',(0.,0.,1.)) ;
#9270=DIRECTION('NONE',(0.75,-0.433012701892,0.5)) ;
#9271=DIRECTION('NONE',(-0.5,-0.866025403784,0.)) ;
#9281=DIRECTION('NONE',(1.,0.,0.)) ;
#9282=DIRECTION('NONE',(0.,0.,1.)) ;
#9283=DIRECTION('NONE',(0.75,0.433012701892,0.5)) ;
#9284=DIRECTION('NONE',(-0.5,0.866025403784,0.)) ;
#9294=DIRECTION('NONE',(1.,0.,0.)) ;
#9295=DIRECTION('NONE',(0.,0.,1.)) ;
#9296=DIRECTION('NONE',(0.866025403784,-0.5,0.)) ;
#9297=DIRECTION('NONE',(0.,0.,1.)) ;
#9307=DIRECTION('NONE',(1.,0.,0.)) ;
#9308=DIRECTION('NONE',(0.,0.,1.)) ;
#9309=DIRECTION('NONE',(0.,1.,0.)) ;
#9310=DIRECTION('NONE',(0.,0.,1.)) ;
#9320=DIRECTION('NONE',(1.,0.,0.)) ;
#9321=DIRECTION('NONE',(0.,0.,1.)) ;
#9322=DIRECTION('NONE',(0.866025403784,0.5,0.)) ;
#9323=DIRECTION('NONE',(0.,0.,1.)) ;
#9333=DIRECTION('NONE',(1.,0.,0.)) ;
#9334=DIRECTION('NONE',(0.,0.,1.)) ;
#9335=DIRECTION('NONE',(1.,0.,0.)) ;
#9336=DIRECTION('NONE',(0.,0.,-1.)) ;
#9346=DIRECTION('NONE',(1.,0.,0.)) ;
#9347=DIRECTION('NONE',(0.,0.,1.)) ;
#9348=DIRECTION('NONE',(1.,0.,0.)) ;
#9349=DIRECTION('NONE',(0.,0.,1.)) ;
#9359=DIRECTION('NONE',(1.,0.,0.)) ;
#9360=DIRECTION('NONE',(0.,0.,1.)) ;
#9361=DIRECTION('NONE',(1.,0.,0.)) ;
#9362=DIRECTION('NONE',(0.,0.,1.)) ;
#9372=DIRECTION('NONE',(1.,0.,0.)) ;
#9373=DIRECTION('NONE',(0.,0.,1.)) ;
#9374=DIRECTION('NONE',(0.999999999916,-1.29195074098E-005,-6.71718793718E-007)) ;
#9375=DIRECTION('NONE',(-6.71705059771E-007,1.06304387042E-006,-0.999999999999)) ;
#9386=DIRECTION('Axis2P3D Direction',(-8.18234369149E-013,1.88848936489E-012,1.)) ;
#9387=DIRECTION('Axis2P3D XDirection',(-0.948022666412,0.318202803207,-1.37662143949E-012)) ;
#9391=DIRECTION('Vector Direction',(-0.707106781187,1.56184947327E-012,0.707106781187)) ;
#9400=DIRECTION('Axis2P3D Direction',(4.86839550596E-013,1.45044268692E-012,1.)) ;
#9407=DIRECTION('Vector Direction',(0.707106781186,1.56184947328E-012,0.707106781187)) ;
#9414=DIRECTION('Axis2P3D Direction',(4.86839550596E-013,1.45044268692E-012,1.)) ;
#9426=DIRECTION('Axis2P3D Direction',(1.06581410364E-013,3.18078896555E-013,1.)) ;
#9427=DIRECTION('Axis2P3D XDirection',(1.,-1.996130549E-014,-1.06552501392E-013)) ;
#9441=DIRECTION('Axis2P3D Direction',(6.34927002404E-027,3.18078896555E-013,1.)) ;
#9446=DIRECTION('Axis2P3D Direction',(6.34927002404E-027,3.18078896555E-013,1.)) ;
#9458=DIRECTION('Axis2P3D Direction',(-4.99600361081E-015,-1.32782673745E-012,1.)) ;
#9459=DIRECTION('Axis2P3D XDirection',(0.338738741608,0.940880473245,1.25097114736E-012)) ;
#9473=DIRECTION('Axis2P3D Direction',(4.18772458988E-013,-1.50767775303E-013,1.)) ;
#9478=DIRECTION('Axis2P3D Direction',(4.18772458988E-013,-1.50767775303E-013,1.)) ;
#9490=DIRECTION('Axis2P3D Direction',(0.,0.,1.)) ;
#9491=DIRECTION('Axis2P3D XDirection',(1.,0.,0.)) ;
#9495=DIRECTION('Vector Direction',(0.,1.,0.)) ;
#9502=DIRECTION('Vector Direction',(0.,1.,0.)) ;
#9509=DIRECTION('Axis2P3D Direction',(0.,0.,1.)) ;
#9516=DIRECTION('Axis2P3D Direction',(0.,0.,1.)) ;
#9523=DIRECTION('Axis2P3D Direction',(0.,0.,1.)) ;
#9539=DIRECTION('Axis2P3D Direction',(-0.,7.77156117238E-015,-1.)) ;
#9540=DIRECTION('Axis2P3D XDirection',(-0.82449138116,0.565874511171,4.34639375269E-015)) ;
#9544=DIRECTION('Vector Direction',(-0.707106781187,8.63550852276E-015,-0.707106781187)) ;
#9551=DIRECTION('Axis2P3D Direction',(-3.62588914554E-015,-5.28299877539E-015,1.)) ;
#9558=DIRECTION('Vector Direction',(0.707106781187,8.63550852276E-015,-0.707106781187)) ;
#9570=DIRECTION('Axis2P3D Direction',(-8.43769498715E-014,-2.34257058196E-013,-1.)) ;
#9571=DIRECTION('Axis2P3D XDirection',(1.,4.24576034821E-016,-8.44254059234E-014)) ;
#9583=DIRECTION('Axis2P3D Direction',(-9.94599329024E-029,2.34257058196E-013,1.)) ;
#9595=DIRECTION('Axis2P3D Direction',(-1.60454982634E-012,4.35207425653E-013,-1.)) ;
#9596=DIRECTION('Axis2P3D XDirection',(0.597952228223,0.801531741582,-6.10602467802E-013)) ;
#9608=DIRECTION('Axis2P3D Direction',(1.23943327262E-012,-9.24631987294E-013,1.)) ;
#9620=DIRECTION('Axis2P3D Direction',(0.,0.,1.)) ;
#9621=DIRECTION('Axis2P3D XDirection',(1.,0.,0.)) ;
#9625=DIRECTION('Vector Direction',(0.,0.,1.)) ;
#9640=DIRECTION('Axis2P3D Direction',(0.,0.,1.)) ;
#9660=DIRECTION('Vector Direction',(0.,0.,1.)) ;
#9667=DIRECTION('Axis2P3D Direction',(0.,0.,1.)) ;
#9679=DIRECTION('Axis2P3D Direction',(0.,0.,1.)) ;
#9691=DIRECTION('Axis2P3D Direction',(-6.66133814775E-015,-1.22124532709E-014,1.)) ;
#9692=DIRECTION('Axis2P3D XDirection',(-0.809016994375,0.587785252292,1.84392462235E-015)) ;
#9696=DIRECTION('Vector Direction',(-0.707106781187,-1.02056009814E-014,0.707106781187)) ;
#9703=DIRECTION('Axis2P3D Direction',(-8.10880235902E-015,-1.11608089636E-014,1.)) ;
#9710=DIRECTION('Vector Direction',(0.707106781187,-1.02056009814E-014,0.707106781187)) ;
#9722=DIRECTION('Axis2P3D Direction',(-7.54951656745E-014,-2.24265050974E-013,1.)) ;
#9723=DIRECTION('Axis2P3D XDirection',(1.,6.12303176742E-017,7.54692006148E-014)) ;
#9727=DIRECTION('Axis2P3D Direction',(1.37318203182E-029,-2.24265050974E-013,1.)) ;
#9747=DIRECTION('Axis2P3D Direction',(-5.00710584106E-013,1.63868918435E-012,1.)) ;
#9748=DIRECTION('Axis2P3D XDirection',(0.305959187019,0.952044629142,-1.40691448686E-012)) ;
#9752=DIRECTION('Axis2P3D Direction',(-9.31167083451E-013,2.99249756903E-013,1.)) ;
#9772=DIRECTION('Axis2P3D Direction',(0.,0.,1.)) ;
#9773=DIRECTION('Axis2P3D XDirection',(1.,0.,0.)) ;
#9777=DIRECTION('Axis2P3D Direction',(0.,0.,1.)) ;
#9786=DIRECTION('Vector Direction',(0.,0.,1.)) ;
#9804=DIRECTION('Axis2P3D Direction',(0.,0.,1.)) ;
#9811=DIRECTION('Vector Direction',(0.,0.,1.)) ;
#9823=DIRECTION('Axis2P3D Direction',(0.,0.,1.)) ;
#9843=DIRECTION('Axis2P3D Direction',(0.,0.,1.)) ;
#9844=DIRECTION('Axis2P3D XDirection',(1.,0.,0.)) ;
#9848=DIRECTION('Axis2P3D Direction',(0.,0.,1.)) ;
#9857=DIRECTION('Axis2P3D Direction',(0.,0.,1.)) ;
#9864=DIRECTION('Axis2P3D Direction',(0.,0.,1.)) ;
#9871=DIRECTION('Vector Direction',(0.,1.,0.)) ;
#9876=DIRECTION('Vector Direction',(0.,1.,0.)) ;
#9892=DIRECTION('Axis2P3D Direction',(0.906307787037,0.,-0.422618261741)) ;
#9893=DIRECTION('Axis2P3D XDirection',(-0.422618261741,0.,-0.906307787037)) ;
#9919=DIRECTION('Axis2P3D Direction',(0.906307787037,0.,-0.422618261741)) ;
#9920=DIRECTION('Axis2P3D XDirection',(-0.422618261741,0.,-0.906307787037)) ;
#9943=DIRECTION('Axis2P3D Direction',(-5.68434188608E-013,-2.2815083156E-013,-1.)) ;
#9944=DIRECTION('Axis2P3D XDirection',(-0.809016994375,0.587785252292,3.25716113648E-013)) ;
#9948=DIRECTION('Vector Direction',(-0.707106781187,-2.55140024536E-014,-0.707106781186)) ;
#9953=DIRECTION('Vector Direction',(0.707106781186,-2.6299048683E-014,-0.707106781187)) ;
#9965=DIRECTION('Axis2P3D Direction',(9.7699626167E-014,3.0475622026E-013,-1.)) ;
#9966=DIRECTION('Axis2P3D XDirection',(1.,-1.91286382215E-014,9.77280049846E-014)) ;
#9977=DIRECTION('Axis2P3D Direction',(9.36473121271E-013,-4.21884749358E-014,-1.)) ;
#9978=DIRECTION('Axis2P3D XDirection',(0.207500785056,0.978234851251,1.53045743655E-013)) ;
#10000=DIRECTION('NONE',(1.,0.,0.)) ;
#10001=DIRECTION('NONE',(0.,0.,1.)) ;
#10002=DIRECTION('NONE',(1.,0.,0.)) ;
#10003=DIRECTION('NONE',(0.,0.,1.)) ;
#64=AXIS2_PLACEMENT_3D('Cylinder Axis2P3D',#61,#62,#63) ;
#68=AXIS2_PLACEMENT_3D('Circle Axis2P3D',#66,#67,$) ;
#84=AXIS2_PLACEMENT_3D('Circle Axis2P3D',#82,#83,$) ;
#103=AXIS2_PLACEMENT_3D('Circle Axis2P3D',#101,#102,$) ;
#108=AXIS2_PLACEMENT_3D('Circle Axis2P3D',#106,#107,$) ;
#121=AXIS2_PLACEMENT_3D('Plane Axis2P3D',#118,#119,#120) ;
#125=AXIS2_PLACEMENT_3D('Circle Axis2P3D',#123,#124,$) ;
#134=AXIS2_PLACEMENT_3D('Circle Axis2P3D',#132,#133,$) ;
#149=AXIS2_PLACEMENT_3D('Plane Axis2P3D',#146,#147,#148) ;
#153=AXIS2_PLACEMENT_3D('Circle Axis2P3D',#151,#152,$) ;
#162=AXIS2_PLACEMENT_3D('Circle Axis2P3D',#160,#161,$) ;
#177=AXIS2_PLACEMENT_3D('Plane Axis2P3D',#174,#175,#176) ;
#181=AXIS2_PLACEMENT_3D('Circle Axis2P3D',#179,#180,$) ;
#190=AXIS2_PLACEMENT_3D('Circle Axis2P3D',#188,#189,$) ;
#201=AXIS2_PLACEMENT_3D('Cylinder Axis2P3D',#198,#199,#200) ;
#272=AXIS2_PLACEMENT_3D('Cylinder Axis2P3D',#269,#270,#271) ;
#388=AXIS2_PLACEMENT_3D('Plane Axis2P3D',#385,#386,#387) ;
#392=AXIS2_PLACEMENT_3D('Circle Axis2P3D',#390,#391,$) ;
#401=AXIS2_PLACEMENT_3D('Circle Axis2P3D',#399,#400,$) ;
#412=AXIS2_PLACEMENT_3D('Cylinder Axis2P3D',#409,#410,#411) ;
#442=AXIS2_PLACEMENT_3D('Plane Axis2P3D',#439,#440,#441) ;
#446=AXIS2_PLACEMENT_3D('Circle Axis2P3D',#444,#445,$) ;
#455=AXIS2_PLACEMENT_3D('Circle Axis2P3D',#453,#454,$) ;
#466=AXIS2_PLACEMENT_3D('Cylinder Axis2P3D',#463,#464,#465) ;
#501=AXIS2_PLACEMENT_3D(' ',#504,#508,#507) ;
#502=AXIS2_PLACEMENT_3D(' ',#503,#506,#505) ;
#523=AXIS2_PLACEMENT_3D('Cylinder Axis2P3D',#520,#521,#522) ;
#536=AXIS2_PLACEMENT_3D('Circle Axis2P3D',#534,#535,$) ;
#550=AXIS2_PLACEMENT_3D('Circle Axis2P3D',#548,#549,$) ;
#562=AXIS2_PLACEMENT_3D('Circle Axis2P3D',#560,#561,$) ;
#567=AXIS2_PLACEMENT_3D('Circle Axis2P3D',#565,#566,$) ;
#580=AXIS2_PLACEMENT_3D('Cylinder Axis2P3D',#577,#578,#579) ;
#593=AXIS2_PLACEMENT_3D('Circle Axis2P3D',#591,#592,$) ;
#607=AXIS2_PLACEMENT_3D('Circle Axis2P3D',#605,#606,$) ;
#619=AXIS2_PLACEMENT_3D('Circle Axis2P3D',#617,#618,$) ;
#624=AXIS2_PLACEMENT_3D('Circle Axis2P3D',#622,#623,$) ;
#645=AXIS2_PLACEMENT_3D('Circle Axis2P3D',#643,#644,$) ;
#659=AXIS2_PLACEMENT_3D('Circle Axis2P3D',#657,#658,$) ;
#671=AXIS2_PLACEMENT_3D('Circle Axis2P3D',#669,#670,$) ;
#676=AXIS2_PLACEMENT_3D('Circle Axis2P3D',#674,#675,$) ;
#689=AXIS2_PLACEMENT_3D('Plane Axis2P3D',#686,#687,#688) ;
#697=AXIS2_PLACEMENT_3D('Circle Axis2P3D',#695,#696,$) ;
#706=AXIS2_PLACEMENT_3D('Circle Axis2P3D',#704,#705,$) ;
#717=AXIS2_PLACEMENT_3D('Plane Axis2P3D',#714,#715,#716) ;
#731=AXIS2_PLACEMENT_3D('Plane Axis2P3D',#728,#729,#730) ;
#745=AXIS2_PLACEMENT_3D('Plane Axis2P3D',#742,#743,#744) ;
#749=AXIS2_PLACEMENT_3D('Circle Axis2P3D',#747,#748,$) ;
#758=AXIS2_PLACEMENT_3D('Circle Axis2P3D',#756,#757,$) ;
#773=AXIS2_PLACEMENT_3D('Plane Axis2P3D',#770,#771,#772) ;
#777=AXIS2_PLACEMENT_3D('Circle Axis2P3D',#775,#776,$) ;
#786=AXIS2_PLACEMENT_3D('Circle Axis2P3D',#784,#785,$) ;
#795=AXIS2_PLACEMENT_3D('Circle Axis2P3D',#793,#794,$) ;
#804=AXIS2_PLACEMENT_3D('Circle Axis2P3D',#802,#803,$) ;
#815=AXIS2_PLACEMENT_3D('Cylinder Axis2P3D',#812,#813,#814) ;
#819=AXIS2_PLACEMENT_3D('Circle Axis2P3D',#817,#818,$) ;
#845=AXIS2_PLACEMENT_3D('Circle Axis2P3D',#843,#844,$) ;
#858=AXIS2_PLACEMENT_3D('Sphere Axis2P3D',#855,#856,#857) ;
#862=AXIS2_PLACEMENT_3D('Circle Axis2P3D',#860,#861,$) ;
#871=AXIS2_PLACEMENT_3D('Circle Axis2P3D',#869,#870,$) ;
#876=AXIS2_PLACEMENT_3D('Circle Axis2P3D',#874,#875,$) ;
#888=AXIS2_PLACEMENT_3D('Circle Axis2P3D',#886,#887,$) ;
#910=AXIS2_PLACEMENT_3D('Plane Axis2P3D',#907,#908,#909) ;
#914=AXIS2_PLACEMENT_3D('Circle Axis2P3D',#912,#913,$) ;
#923=AXIS2_PLACEMENT_3D('Circle Axis2P3D',#921,#922,$) ;
#934=AXIS2_PLACEMENT_3D('Cylinder Axis2P3D',#931,#932,#933) ;
#1005=AXIS2_PLACEMENT_3D('Cylinder Axis2P3D',#1002,#1003,#1004) ;
#1230=AXIS2_PLACEMENT_3D('Plane Axis2P3D',#1227,#1228,#1229) ;
#1234=AXIS2_PLACEMENT_3D('Circle Axis2P3D',#1232,#1233,$) ;
#1243=AXIS2_PLACEMENT_3D('Circle Axis2P3D',#1241,#1242,$) ;
#1254=AXIS2_PLACEMENT_3D('Cylinder Axis2P3D',#1251,#1252,#1253) ;
#1284=AXIS2_PLACEMENT_3D('Plane Axis2P3D',#1281,#1282,#1283) ;
#1288=AXIS2_PLACEMENT_3D('Circle Axis2P3D',#1286,#1287,$) ;
#1297=AXIS2_PLACEMENT_3D('Circle Axis2P3D',#1295,#1296,$) ;
#1308=AXIS2_PLACEMENT_3D('Cylinder Axis2P3D',#1305,#1306,#1307) ;
#1338=AXIS2_PLACEMENT_3D('Plane Axis2P3D',#1335,#1336,#1337) ;
#1342=AXIS2_PLACEMENT_3D('Circle Axis2P3D',#1340,#1341,$) ;
#1351=AXIS2_PLACEMENT_3D('Circle Axis2P3D',#1349,#1350,$) ;
#1362=AXIS2_PLACEMENT_3D('Cylinder Axis2P3D',#1359,#1360,#1361) ;
#1392=AXIS2_PLACEMENT_3D('Plane Axis2P3D',#1389,#1390,#1391) ;
#1396=AXIS2_PLACEMENT_3D('Circle Axis2P3D',#1394,#1395,$) ;
#1405=AXIS2_PLACEMENT_3D('Circle Axis2P3D',#1403,#1404,$) ;
#1416=AXIS2_PLACEMENT_3D('Cylinder Axis2P3D',#1413,#1414,#1415) ;
#1446=AXIS2_PLACEMENT_3D('Plane Axis2P3D',#1443,#1444,#1445) ;
#1450=AXIS2_PLACEMENT_3D('Circle Axis2P3D',#1448,#1449,$) ;
#1459=AXIS2_PLACEMENT_3D('Circle Axis2P3D',#1457,#1458,$) ;
#1470=AXIS2_PLACEMENT_3D('Cylinder Axis2P3D',#1467,#1468,#1469) ;
#1505=AXIS2_PLACEMENT_3D(' ',#1508,#1512,#1511) ;
#1506=AXIS2_PLACEMENT_3D(' ',#1507,#1510,#1509) ;
#1527=AXIS2_PLACEMENT_3D('Cone Axis2P3D',#1524,#1525,#1526) ;
#1540=AXIS2_PLACEMENT_3D('Circle Axis2P3D',#1538,#1539,$) ;
#1554=AXIS2_PLACEMENT_3D('Circle Axis2P3D',#1552,#1553,$) ;
#1567=AXIS2_PLACEMENT_3D('Cone Axis2P3D',#1564,#1565,#1566) ;
#1571=AXIS2_PLACEMENT_3D('Circle Axis2P3D',#1569,#1570,$) ;
#1585=AXIS2_PLACEMENT_3D('Circle Axis2P3D',#1583,#1584,$) ;
#1598=AXIS2_PLACEMENT_3D('Cone Axis2P3D',#1595,#1596,#1597) ;
#1602=AXIS2_PLACEMENT_3D('Circle Axis2P3D',#1600,#1601,$) ;
#1616=AXIS2_PLACEMENT_3D('Circle Axis2P3D',#1614,#1615,$) ;
#1629=AXIS2_PLACEMENT_3D('Cone Axis2P3D',#1626,#1627,#1628) ;
#1633=AXIS2_PLACEMENT_3D('Circle Axis2P3D',#1631,#1632,$) ;
#1638=AXIS2_PLACEMENT_3D('Circle Axis2P3D',#1636,#1637,$) ;
#1651=AXIS2_PLACEMENT_3D('Sphere Axis2P3D',#1648,#1649,#1650) ;
#1655=AXIS2_PLACEMENT_3D('Circle Axis2P3D',#1653,#1654,$) ;
#1662=AXIS2_PLACEMENT_3D('Circle Axis2P3D',#1660,#1661,$) ;
#1669=AXIS2_PLACEMENT_3D('Circle Axis2P3D',#1667,#1668,$) ;
#1676=AXIS2_PLACEMENT_3D('Circle Axis2P3D',#1674,#1675,$) ;
#1690=AXIS2_PLACEMENT_3D('Circle Axis2P3D',#1688,#1689,$) ;
#1697=AXIS2_PLACEMENT_3D('Circle Axis2P3D',#1695,#1696,$) ;
#1712=AXIS2_PLACEMENT_3D('Cylinder Axis2P3D',#1709,#1710,#1711) ;
#1716=AXIS2_PLACEMENT_3D('Circle Axis2P3D',#1714,#1715,$) ;
#1725=AXIS2_PLACEMENT_3D('Circle Axis2P3D',#1723,#1724,$) ;
#1751=AXIS2_PLACEMENT_3D('Circle Axis2P3D',#1749,#1750,$) ;
#1758=AXIS2_PLACEMENT_3D('Circle Axis2P3D',#1756,#1757,$) ;
#1773=AXIS2_PLACEMENT_3D('Cone Axis2P3D',#1770,#1771,#1772) ;
#1795=AXIS2_PLACEMENT_3D('Cone Axis2P3D',#1792,#1793,#1794) ;
#1812=AXIS2_PLACEMENT_3D('Cone Axis2P3D',#1809,#1810,#1811) ;
#1829=AXIS2_PLACEMENT_3D('Cone Axis2P3D',#1826,#1827,#1828) ;
#1846=AXIS2_PLACEMENT_3D(' ',#1849,#1853,#1852) ;
#1847=AXIS2_PLACEMENT_3D(' ',#1848,#1851,#1850) ;
#1868=AXIS2_PLACEMENT_3D('Cylinder Axis2P3D',#1865,#1866,#1867) ;
#1881=AXIS2_PLACEMENT_3D('Circle Axis2P3D',#1879,#1880,$) ;
#1895=AXIS2_PLACEMENT_3D('Circle Axis2P3D',#1893,#1894,$) ;
#1908=AXIS2_PLACEMENT_3D('Plane Axis2P3D',#1905,#1906,#1907) ;
#1939=AXIS2_PLACEMENT_3D('Plane Axis2P3D',#1936,#1937,#1938) ;
#1970=AXIS2_PLACEMENT_3D('Cylinder Axis2P3D',#1967,#1968,#1969) ;
#1974=AXIS2_PLACEMENT_3D('Circle Axis2P3D',#1972,#1973,$) ;
#1988=AXIS2_PLACEMENT_3D('Circle Axis2P3D',#1986,#1987,$) ;
#2001=AXIS2_PLACEMENT_3D('Plane Axis2P3D',#1998,#1999,#2000) ;
#2032=AXIS2_PLACEMENT_3D('Cylinder Axis2P3D',#2029,#2030,#2031) ;
#2036=AXIS2_PLACEMENT_3D('Circle Axis2P3D',#2034,#2035,$) ;
#2050=AXIS2_PLACEMENT_3D('Circle Axis2P3D',#2048,#2049,$) ;
#2063=AXIS2_PLACEMENT_3D('Plane Axis2P3D',#2060,#2061,#2062) ;
#2094=AXIS2_PLACEMENT_3D('Cylinder Axis2P3D',#2091,#2092,#2093) ;
#2098=AXIS2_PLACEMENT_3D('Circle Axis2P3D',#2096,#2097,$) ;
#2112=AXIS2_PLACEMENT_3D('Circle Axis2P3D',#2110,#2111,$) ;
#2151=AXIS2_PLACEMENT_3D('Plane Axis2P3D',#2148,#2149,#2150) ;
#2182=AXIS2_PLACEMENT_3D('Cylinder Axis2P3D',#2179,#2180,#2181) ;
#2186=AXIS2_PLACEMENT_3D('Circle Axis2P3D',#2184,#2185,$) ;
#2200=AXIS2_PLACEMENT_3D('Circle Axis2P3D',#2198,#2199,$) ;
#2213=AXIS2_PLACEMENT_3D('Cylinder Axis2P3D',#2210,#2211,#2212) ;
#2217=AXIS2_PLACEMENT_3D('Circle Axis2P3D',#2215,#2216,$) ;
#2222=AXIS2_PLACEMENT_3D('Circle Axis2P3D',#2220,#2221,$) ;
#2235=AXIS2_PLACEMENT_3D('Cylinder Axis2P3D',#2232,#2233,#2234) ;
#2239=AXIS2_PLACEMENT_3D('Circle Axis2P3D',#2237,#2238,$) ;
#2255=AXIS2_PLACEMENT_3D('Circle Axis2P3D',#2253,#2254,$) ;
#2274=AXIS2_PLACEMENT_3D('Circle Axis2P3D',#2272,#2273,$) ;
#2279=AXIS2_PLACEMENT_3D('Circle Axis2P3D',#2277,#2278,$) ;
#2292=AXIS2_PLACEMENT_3D('Cylinder Axis2P3D',#2289,#2290,#2291) ;
#2296=AXIS2_PLACEMENT_3D('Circle Axis2P3D',#2294,#2295,$) ;
#2312=AXIS2_PLACEMENT_3D('Circle Axis2P3D',#2310,#2311,$) ;
#2331=AXIS2_PLACEMENT_3D('Circle Axis2P3D',#2329,#2330,$) ;
#2336=AXIS2_PLACEMENT_3D('Circle Axis2P3D',#2334,#2335,$) ;
#2349=AXIS2_PLACEMENT_3D('Plane Axis2P3D',#2346,#2347,#2348) ;
#2377=AXIS2_PLACEMENT_3D('Plane Axis2P3D',#2374,#2375,#2376) ;
#2410=AXIS2_PLACEMENT_3D(' ',#2413,#2417,#2416) ;
#2411=AXIS2_PLACEMENT_3D(' ',#2412,#2415,#2414) ;
#2432=AXIS2_PLACEMENT_3D('Plane Axis2P3D',#2429,#2430,#2431) ;
#2436=AXIS2_PLACEMENT_3D('Circle Axis2P3D',#2434,#2435,$) ;
#2445=AXIS2_PLACEMENT_3D('Circle Axis2P3D',#2443,#2444,$) ;
#2456=AXIS2_PLACEMENT_3D('Cylinder Axis2P3D',#2453,#2454,#2455) ;
#2460=AXIS2_PLACEMENT_3D('Circle Axis2P3D',#2458,#2459,$) ;
#2486=AXIS2_PLACEMENT_3D('Circle Axis2P3D',#2484,#2485,$) ;
#2499=AXIS2_PLACEMENT_3D('Plane Axis2P3D',#2496,#2497,#2498) ;
#2503=AXIS2_PLACEMENT_3D('Circle Axis2P3D',#2501,#2502,$) ;
#2512=AXIS2_PLACEMENT_3D('Circle Axis2P3D',#2510,#2511,$) ;
#2527=AXIS2_PLACEMENT_3D('Cone Axis2P3D',#2524,#2525,#2526) ;
#2538=AXIS2_PLACEMENT_3D('Circle Axis2P3D',#2536,#2537,$) ;
#2558=AXIS2_PLACEMENT_3D('Cone Axis2P3D',#2555,#2556,#2557) ;
#2562=AXIS2_PLACEMENT_3D('Circle Axis2P3D',#2560,#2561,$) ;
#2575=AXIS2_PLACEMENT_3D('Plane Axis2P3D',#2572,#2573,#2574) ;
#2579=AXIS2_PLACEMENT_3D('Circle Axis2P3D',#2577,#2578,$) ;
#2588=AXIS2_PLACEMENT_3D('Circle Axis2P3D',#2586,#2587,$) ;
#2599=AXIS2_PLACEMENT_3D('Cylinder Axis2P3D',#2596,#2597,#2598) ;
#2617=AXIS2_PLACEMENT_3D('Circle Axis2P3D',#2615,#2616,$) ;
#2629=AXIS2_PLACEMENT_3D('Circle Axis2P3D',#2627,#2628,$) ;
#2642=AXIS2_PLACEMENT_3D('Cone Axis2P3D',#2639,#2640,#2641) ;
#2664=AXIS2_PLACEMENT_3D('Cone Axis2P3D',#2661,#2662,#2663) ;
#2681=AXIS2_PLACEMENT_3D(' ',#2684,#2688,#2687) ;
#2682=AXIS2_PLACEMENT_3D(' ',#2683,#2686,#2685) ;
#2703=AXIS2_PLACEMENT_3D('Cylinder Axis2P3D',#2700,#2701,#2702) ;
#2716=AXIS2_PLACEMENT_3D('Circle Axis2P3D',#2714,#2715,$) ;
#2730=AXIS2_PLACEMENT_3D('Circle Axis2P3D',#2728,#2729,$) ;
#2742=AXIS2_PLACEMENT_3D('Circle Axis2P3D',#2740,#2741,$) ;
#2747=AXIS2_PLACEMENT_3D('Circle Axis2P3D',#2745,#2746,$) ;
#2760=AXIS2_PLACEMENT_3D('Plane Axis2P3D',#2757,#2758,#2759) ;
#2764=AXIS2_PLACEMENT_3D('Circle Axis2P3D',#2762,#2763,$) ;
#2773=AXIS2_PLACEMENT_3D('Circle Axis2P3D',#2771,#2772,$) ;
#2788=AXIS2_PLACEMENT_3D('Cylinder Axis2P3D',#2785,#2786,#2787) ;
#2806=AXIS2_PLACEMENT_3D('Circle Axis2P3D',#2804,#2805,$) ;
#2944=AXIS2_PLACEMENT_3D('Circle Axis2P3D',#2942,#2943,$) ;
#3062=AXIS2_PLACEMENT_3D('Plane Axis2P3D',#3059,#3060,#3061) ;
#3070=AXIS2_PLACEMENT_3D('Circle Axis2P3D',#3068,#3069,$) ;
#3079=AXIS2_PLACEMENT_3D('Circle Axis2P3D',#3077,#3078,$) ;
#3090=AXIS2_PLACEMENT_3D('Cylinder Axis2P3D',#3087,#3088,#3089) ;
#3101=AXIS2_PLACEMENT_3D('Circle Axis2P3D',#3099,#3100,$) ;
#3121=AXIS2_PLACEMENT_3D('Circle Axis2P3D',#3119,#3120,$) ;
#3135=AXIS2_PLACEMENT_3D('Cylinder Axis2P3D',#3132,#3133,#3134) ;
#3146=AXIS2_PLACEMENT_3D('Circle Axis2P3D',#3144,#3145,$) ;
#3165=AXIS2_PLACEMENT_3D('Circle Axis2P3D',#3163,#3164,$) ;
#3178=AXIS2_PLACEMENT_3D('Cylinder Axis2P3D',#3175,#3176,#3177) ;
#3189=AXIS2_PLACEMENT_3D('Circle Axis2P3D',#3187,#3188,$) ;
#3208=AXIS2_PLACEMENT_3D('Circle Axis2P3D',#3206,#3207,$) ;
#3221=AXIS2_PLACEMENT_3D('Cylinder Axis2P3D',#3218,#3219,#3220) ;
#3232=AXIS2_PLACEMENT_3D('Circle Axis2P3D',#3230,#3231,$) ;
#3251=AXIS2_PLACEMENT_3D('Circle Axis2P3D',#3249,#3250,$) ;
#3264=AXIS2_PLACEMENT_3D('Cylinder Axis2P3D',#3261,#3262,#3263) ;
#3275=AXIS2_PLACEMENT_3D('Circle Axis2P3D',#3273,#3274,$) ;
#3294=AXIS2_PLACEMENT_3D('Circle Axis2P3D',#3292,#3293,$) ;
#3307=AXIS2_PLACEMENT_3D('Plane Axis2P3D',#3304,#3305,#3306) ;
#3315=AXIS2_PLACEMENT_3D('Circle Axis2P3D',#3313,#3314,$) ;
#3324=AXIS2_PLACEMENT_3D('Circle Axis2P3D',#3322,#3323,$) ;
#3335=AXIS2_PLACEMENT_3D('Plane Axis2P3D',#3332,#3333,#3334) ;
#3343=AXIS2_PLACEMENT_3D('Circle Axis2P3D',#3341,#3342,$) ;
#3352=AXIS2_PLACEMENT_3D('Circle Axis2P3D',#3350,#3351,$) ;
#3363=AXIS2_PLACEMENT_3D('Plane Axis2P3D',#3360,#3361,#3362) ;
#3371=AXIS2_PLACEMENT_3D('Circle Axis2P3D',#3369,#3370,$) ;
#3380=AXIS2_PLACEMENT_3D('Circle Axis2P3D',#3378,#3379,$) ;
#3391=AXIS2_PLACEMENT_3D('Plane Axis2P3D',#3388,#3389,#3390) ;
#3399=AXIS2_PLACEMENT_3D('Circle Axis2P3D',#3397,#3398,$) ;
#3408=AXIS2_PLACEMENT_3D('Circle Axis2P3D',#3406,#3407,$) ;
#3419=AXIS2_PLACEMENT_3D('Plane Axis2P3D',#3416,#3417,#3418) ;
#3427=AXIS2_PLACEMENT_3D('Circle Axis2P3D',#3425,#3426,$) ;
#3436=AXIS2_PLACEMENT_3D('Circle Axis2P3D',#3434,#3435,$) ;
#3447=AXIS2_PLACEMENT_3D('Plane Axis2P3D',#3444,#3445,#3446) ;
#3451=AXIS2_PLACEMENT_3D('Circle Axis2P3D',#3449,#3450,$) ;
#3460=AXIS2_PLACEMENT_3D('Circle Axis2P3D',#3458,#3459,$) ;
#3471=AXIS2_PLACEMENT_3D('Plane Axis2P3D',#3468,#3469,#3470) ;
#3475=AXIS2_PLACEMENT_3D('Circle Axis2P3D',#3473,#3474,$) ;
#3484=AXIS2_PLACEMENT_3D('Circle Axis2P3D',#3482,#3483,$) ;
#3495=AXIS2_PLACEMENT_3D('Plane Axis2P3D',#3492,#3493,#3494) ;
#3499=AXIS2_PLACEMENT_3D('Circle Axis2P3D',#3497,#3498,$) ;
#3508=AXIS2_PLACEMENT_3D('Circle Axis2P3D',#3506,#3507,$) ;
#3519=AXIS2_PLACEMENT_3D('Plane Axis2P3D',#3516,#3517,#3518) ;
#3523=AXIS2_PLACEMENT_3D('Circle Axis2P3D',#3521,#3522,$) ;
#3532=AXIS2_PLACEMENT_3D('Circle Axis2P3D',#3530,#3531,$) ;
#3543=AXIS2_PLACEMENT_3D('Plane Axis2P3D',#3540,#3541,#3542) ;
#3547=AXIS2_PLACEMENT_3D('Circle Axis2P3D',#3545,#3546,$) ;
#3556=AXIS2_PLACEMENT_3D('Circle Axis2P3D',#3554,#3555,$) ;
#3567=AXIS2_PLACEMENT_3D('Cylinder Axis2P3D',#3564,#3565,#3566) ;
#3596=AXIS2_PLACEMENT_3D('Cylinder Axis2P3D',#3593,#3594,#3595) ;
#3625=AXIS2_PLACEMENT_3D('Cylinder Axis2P3D',#3622,#3623,#3624) ;
#3654=AXIS2_PLACEMENT_3D('Cylinder Axis2P3D',#3651,#3652,#3653) ;
#3683=AXIS2_PLACEMENT_3D('Cylinder Axis2P3D',#3680,#3681,#3682) ;
#3712=AXIS2_PLACEMENT_3D('Cylinder Axis2P3D',#3709,#3710,#3711) ;
#3730=AXIS2_PLACEMENT_3D('Circle Axis2P3D',#3728,#3729,$) ;
#3743=AXIS2_PLACEMENT_3D('Cylinder Axis2P3D',#3740,#3741,#3742) ;
#3756=AXIS2_PLACEMENT_3D('Circle Axis2P3D',#3754,#3755,$) ;
#3770=AXIS2_PLACEMENT_3D('Circle Axis2P3D',#3768,#3769,$) ;
#3782=AXIS2_PLACEMENT_3D('Circle Axis2P3D',#3780,#3781,$) ;
#3787=AXIS2_PLACEMENT_3D('Circle Axis2P3D',#3785,#3786,$) ;
#3800=AXIS2_PLACEMENT_3D('Plane Axis2P3D',#3797,#3798,#3799) ;
#3804=AXIS2_PLACEMENT_3D('Circle Axis2P3D',#3802,#3803,$) ;
#3834=AXIS2_PLACEMENT_3D('Circle Axis2P3D',#3832,#3833,$) ;
#3841=AXIS2_PLACEMENT_3D('Circle Axis2P3D',#3839,#3840,$) ;
#3846=AXIS2_PLACEMENT_3D('Circle Axis2P3D',#3844,#3845,$) ;
#3936=AXIS2_PLACEMENT_3D('Plane Axis2P3D',#3933,#3934,#3935) ;
#4268=AXIS2_PLACEMENT_3D('Cylinder Axis2P3D',#4265,#4266,#4267) ;
#4285=AXIS2_PLACEMENT_3D('Cylinder Axis2P3D',#4282,#4283,#4284) ;
#4302=AXIS2_PLACEMENT_3D('Plane Axis2P3D',#4299,#4300,#4301) ;
#4306=AXIS2_PLACEMENT_3D('Circle Axis2P3D',#4304,#4305,$) ;
#4313=AXIS2_PLACEMENT_3D('Circle Axis2P3D',#4311,#4312,$) ;
#4339=AXIS2_PLACEMENT_3D('Plane Axis2P3D',#4336,#4337,#4338) ;
#4343=AXIS2_PLACEMENT_3D('Circle Axis2P3D',#4341,#4342,$) ;
#4350=AXIS2_PLACEMENT_3D('Circle Axis2P3D',#4348,#4349,$) ;
#4376=AXIS2_PLACEMENT_3D('Cylinder Axis2P3D',#4373,#4374,#4375) ;
#4405=AXIS2_PLACEMENT_3D('Plane Axis2P3D',#4402,#4403,#4404) ;
#4422=AXIS2_PLACEMENT_3D(' ',#4425,#4429,#4428) ;
#4423=AXIS2_PLACEMENT_3D(' ',#4424,#4427,#4426) ;
#4444=AXIS2_PLACEMENT_3D('Plane Axis2P3D',#4441,#4442,#4443) ;
#4457=AXIS2_PLACEMENT_3D('Circle Axis2P3D',#4455,#4456,$) ;
#4471=AXIS2_PLACEMENT_3D('Circle Axis2P3D',#4469,#4470,$) ;
#4482=AXIS2_PLACEMENT_3D('Circle Axis2P3D',#4480,#4481,$) ;
#4491=AXIS2_PLACEMENT_3D('Circle Axis2P3D',#4489,#4490,$) ;
#4502=AXIS2_PLACEMENT_3D('Cylinder Axis2P3D',#4499,#4500,#4501) ;
#4506=AXIS2_PLACEMENT_3D('Circle Axis2P3D',#4504,#4505,$) ;
#4532=AXIS2_PLACEMENT_3D('Circle Axis2P3D',#4530,#4531,$) ;
#4545=AXIS2_PLACEMENT_3D('Plane Axis2P3D',#4542,#4543,#4544) ;
#4549=AXIS2_PLACEMENT_3D('Circle Axis2P3D',#4547,#4548,$) ;
#4558=AXIS2_PLACEMENT_3D('Circle Axis2P3D',#4556,#4557,$) ;
#4567=AXIS2_PLACEMENT_3D('Circle Axis2P3D',#4565,#4566,$) ;
#4576=AXIS2_PLACEMENT_3D('Circle Axis2P3D',#4574,#4575,$) ;
#4587=AXIS2_PLACEMENT_3D('Plane Axis2P3D',#4584,#4585,#4586) ;
#4595=AXIS2_PLACEMENT_3D('Circle Axis2P3D',#4593,#4594,$) ;
#4604=AXIS2_PLACEMENT_3D('Circle Axis2P3D',#4602,#4603,$) ;
#4615=AXIS2_PLACEMENT_3D('Cylinder Axis2P3D',#4612,#4613,#4614) ;
#4644=AXIS2_PLACEMENT_3D('Plane Axis2P3D',#4641,#4642,#4643) ;
#4657=AXIS2_PLACEMENT_3D('Circle Axis2P3D',#4655,#4656,$) ;
#4671=AXIS2_PLACEMENT_3D('Circle Axis2P3D',#4669,#4670,$) ;
#4678=AXIS2_PLACEMENT_3D('Circle Axis2P3D',#4676,#4677,$) ;
#4700=AXIS2_PLACEMENT_3D('Circle Axis2P3D',#4698,#4699,$) ;
#4714=AXIS2_PLACEMENT_3D('Circle Axis2P3D',#4712,#4713,$) ;
#4721=AXIS2_PLACEMENT_3D('Circle Axis2P3D',#4719,#4720,$) ;
#4758=AXIS2_PLACEMENT_3D('Circle Axis2P3D',#4756,#4757,$) ;
#4872=AXIS2_PLACEMENT_3D('Circle Axis2P3D',#4870,#4871,$) ;
#4973=AXIS2_PLACEMENT_3D('Plane Axis2P3D',#4970,#4971,#4972) ;
#5002=AXIS2_PLACEMENT_3D('Circle Axis2P3D',#5000,#5001,$) ;
#5011=AXIS2_PLACEMENT_3D('Circle Axis2P3D',#5009,#5010,$) ;
#5020=AXIS2_PLACEMENT_3D('Circle Axis2P3D',#5018,#5019,$) ;
#5029=AXIS2_PLACEMENT_3D('Circle Axis2P3D',#5027,#5028,$) ;
#5040=AXIS2_PLACEMENT_3D('Plane Axis2P3D',#5037,#5038,#5039) ;
#5069=AXIS2_PLACEMENT_3D('Circle Axis2P3D',#5067,#5068,$) ;
#5078=AXIS2_PLACEMENT_3D('Circle Axis2P3D',#5076,#5077,$) ;
#5087=AXIS2_PLACEMENT_3D('Circle Axis2P3D',#5085,#5086,$) ;
#5096=AXIS2_PLACEMENT_3D('Circle Axis2P3D',#5094,#5095,$) ;
#5107=AXIS2_PLACEMENT_3D('Cylinder Axis2P3D',#5104,#5105,#5106) ;
#5136=AXIS2_PLACEMENT_3D('Cylinder Axis2P3D',#5133,#5134,#5135) ;
#5213=AXIS2_PLACEMENT_3D('Plane Axis2P3D',#5210,#5211,#5212) ;
#5217=AXIS2_PLACEMENT_3D('Circle Axis2P3D',#5215,#5216,$) ;
#5245=AXIS2_PLACEMENT_3D('Plane Axis2P3D',#5242,#5243,#5244) ;
#5249=AXIS2_PLACEMENT_3D('Circle Axis2P3D',#5247,#5248,$) ;
#5276=AXIS2_PLACEMENT_3D('Circle Axis2P3D',#5274,#5275,$) ;
#5303=AXIS2_PLACEMENT_3D('Circle Axis2P3D',#5301,#5302,$) ;
#5331=AXIS2_PLACEMENT_3D('Cylinder Axis2P3D',#5328,#5329,#5330) ;
#5373=AXIS2_PLACEMENT_3D('Circle Axis2P3D',#5371,#5372,$) ;
#5378=AXIS2_PLACEMENT_3D('Circle Axis2P3D',#5376,#5377,$) ;
#5397=AXIS2_PLACEMENT_3D('Plane Axis2P3D',#5394,#5395,#5396) ;
#5413=AXIS2_PLACEMENT_3D('Circle Axis2P3D',#5411,#5412,$) ;
#5429=AXIS2_PLACEMENT_3D('Circle Axis2P3D',#5427,#5428,$) ;
#5458=AXIS2_PLACEMENT_3D('Cylinder Axis2P3D',#5455,#5456,#5457) ;
#5510=AXIS2_PLACEMENT_3D('Cylinder Axis2P3D',#5507,#5508,#5509) ;
#5521=AXIS2_PLACEMENT_3D('Cylinder Axis2P3D',#5518,#5519,#5520) ;
#5549=AXIS2_PLACEMENT_3D(' ',#5552,#5556,#5555) ;
#5550=AXIS2_PLACEMENT_3D(' ',#5551,#5554,#5553) ;
#5564=AXIS2_PLACEMENT_3D(' ',#5567,#5571,#5570) ;
#5565=AXIS2_PLACEMENT_3D(' ',#5566,#5569,#5568) ;
#5577=AXIS2_PLACEMENT_3D(' ',#5580,#5584,#5583) ;
#5578=AXIS2_PLACEMENT_3D(' ',#5579,#5582,#5581) ;
#5590=AXIS2_PLACEMENT_3D(' ',#5593,#5597,#5596) ;
#5591=AXIS2_PLACEMENT_3D(' ',#5592,#5595,#5594) ;
#5603=AXIS2_PLACEMENT_3D(' ',#5606,#5610,#5609) ;
#5604=AXIS2_PLACEMENT_3D(' ',#5605,#5608,#5607) ;
#5623=AXIS2_PLACEMENT_3D('Plane Axis2P3D',#5620,#5621,#5622) ;
#5663=AXIS2_PLACEMENT_3D('Cylinder Axis2P3D',#5660,#5661,#5662) ;
#5667=AXIS2_PLACEMENT_3D('Circle Axis2P3D',#5665,#5666,$) ;
#5681=AXIS2_PLACEMENT_3D('Circle Axis2P3D',#5679,#5680,$) ;
#5694=AXIS2_PLACEMENT_3D('Plane Axis2P3D',#5691,#5692,#5693) ;
#5725=AXIS2_PLACEMENT_3D('Cylinder Axis2P3D',#5722,#5723,#5724) ;
#5729=AXIS2_PLACEMENT_3D('Circle Axis2P3D',#5727,#5728,$) ;
#5734=AXIS2_PLACEMENT_3D('Circle Axis2P3D',#5732,#5733,$) ;
#5747=AXIS2_PLACEMENT_3D('Cylinder Axis2P3D',#5744,#5745,#5746) ;
#5751=AXIS2_PLACEMENT_3D('Circle Axis2P3D',#5749,#5750,$) ;
#5767=AXIS2_PLACEMENT_3D('Circle Axis2P3D',#5765,#5766,$) ;
#5786=AXIS2_PLACEMENT_3D('Circle Axis2P3D',#5784,#5785,$) ;
#5791=AXIS2_PLACEMENT_3D('Circle Axis2P3D',#5789,#5790,$) ;
#5804=AXIS2_PLACEMENT_3D('Plane Axis2P3D',#5801,#5802,#5803) ;
#5820=AXIS2_PLACEMENT_3D('Plane Axis2P3D',#5817,#5818,#5819) ;
#5841=AXIS2_PLACEMENT_3D(' ',#5844,#5848,#5847) ;
#5842=AXIS2_PLACEMENT_3D(' ',#5843,#5846,#5845) ;
#5856=AXIS2_PLACEMENT_3D(' ',#5859,#5863,#5862) ;
#5857=AXIS2_PLACEMENT_3D(' ',#5858,#5861,#5860) ;
#5869=AXIS2_PLACEMENT_3D(' ',#5872,#5876,#5875) ;
#5870=AXIS2_PLACEMENT_3D(' ',#5871,#5874,#5873) ;
#5882=AXIS2_PLACEMENT_3D(' ',#5885,#5889,#5888) ;
#5883=AXIS2_PLACEMENT_3D(' ',#5884,#5887,#5886) ;
#5895=AXIS2_PLACEMENT_3D(' ',#5898,#5902,#5901) ;
#5896=AXIS2_PLACEMENT_3D(' ',#5897,#5900,#5899) ;
#5915=AXIS2_PLACEMENT_3D('Plane Axis2P3D',#5912,#5913,#5914) ;
#5928=AXIS2_PLACEMENT_3D('Circle Axis2P3D',#5926,#5927,$) ;
#5942=AXIS2_PLACEMENT_3D('Circle Axis2P3D',#5940,#5941,$) ;
#5955=AXIS2_PLACEMENT_3D('Cone Axis2P3D',#5952,#5953,#5954) ;
#5966=AXIS2_PLACEMENT_3D('Circle Axis2P3D',#5964,#5965,$) ;
#5986=AXIS2_PLACEMENT_3D('Cylinder Axis2P3D',#5983,#5984,#5985) ;
#6008=AXIS2_PLACEMENT_3D('Plane Axis2P3D',#6005,#6006,#6007) ;
#6019=AXIS2_PLACEMENT_3D('Plane Axis2P3D',#6016,#6017,#6018) ;
#6035=AXIS2_PLACEMENT_3D(' ',#6038,#6042,#6041) ;
#6036=AXIS2_PLACEMENT_3D(' ',#6037,#6040,#6039) ;
#6050=AXIS2_PLACEMENT_3D(' ',#6053,#6057,#6056) ;
#6051=AXIS2_PLACEMENT_3D(' ',#6052,#6055,#6054) ;
#6063=AXIS2_PLACEMENT_3D(' ',#6066,#6070,#6069) ;
#6064=AXIS2_PLACEMENT_3D(' ',#6065,#6068,#6067) ;
#6076=AXIS2_PLACEMENT_3D(' ',#6079,#6083,#6082) ;
#6077=AXIS2_PLACEMENT_3D(' ',#6078,#6081,#6080) ;
#6089=AXIS2_PLACEMENT_3D(' ',#6092,#6096,#6095) ;
#6090=AXIS2_PLACEMENT_3D(' ',#6091,#6094,#6093) ;
#6102=AXIS2_PLACEMENT_3D(' ',#6105,#6109,#6108) ;
#6103=AXIS2_PLACEMENT_3D(' ',#6104,#6107,#6106) ;
#6115=AXIS2_PLACEMENT_3D(' ',#6118,#6122,#6121) ;
#6116=AXIS2_PLACEMENT_3D(' ',#6117,#6120,#6119) ;
#6128=AXIS2_PLACEMENT_3D(' ',#6131,#6135,#6134) ;
#6129=AXIS2_PLACEMENT_3D(' ',#6130,#6133,#6132) ;
#6141=AXIS2_PLACEMENT_3D(' ',#6144,#6148,#6147) ;
#6142=AXIS2_PLACEMENT_3D(' ',#6143,#6146,#6145) ;
#6154=AXIS2_PLACEMENT_3D(' ',#6157,#6161,#6160) ;
#6155=AXIS2_PLACEMENT_3D(' ',#6156,#6159,#6158) ;
#6174=AXIS2_PLACEMENT_3D('Sphere Axis2P3D',#6171,#6172,#6173) ;
#6178=AXIS2_PLACEMENT_3D('Circle Axis2P3D',#6176,#6177,$) ;
#6187=AXIS2_PLACEMENT_3D('Circle Axis2P3D',#6185,#6186,$) ;
#6194=AXIS2_PLACEMENT_3D('Circle Axis2P3D',#6192,#6193,$) ;
#6201=AXIS2_PLACEMENT_3D('Circle Axis2P3D',#6199,#6200,$) ;
#6213=AXIS2_PLACEMENT_3D('Circle Axis2P3D',#6211,#6212,$) ;
#6218=AXIS2_PLACEMENT_3D('Circle Axis2P3D',#6216,#6217,$) ;
#6231=AXIS2_PLACEMENT_3D('Plane Axis2P3D',#6228,#6229,#6230) ;
#6291=AXIS2_PLACEMENT_3D('Plane Axis2P3D',#6288,#6289,#6290) ;
#6322=AXIS2_PLACEMENT_3D('Plane Axis2P3D',#6319,#6320,#6321) ;
#6346=AXIS2_PLACEMENT_3D('Plane Axis2P3D',#6343,#6344,#6345) ;
#6370=AXIS2_PLACEMENT_3D('Plane Axis2P3D',#6367,#6368,#6369) ;
#6403=AXIS2_PLACEMENT_3D('Plane Axis2P3D',#6400,#6401,#6402) ;
#6420=AXIS2_PLACEMENT_3D('Plane Axis2P3D',#6417,#6418,#6419) ;
#6437=AXIS2_PLACEMENT_3D('Plane Axis2P3D',#6434,#6435,#6436) ;
#6449=AXIS2_PLACEMENT_3D('Cylinder Axis2P3D',#6446,#6447,#6448) ;
#6467=AXIS2_PLACEMENT_3D('Circle Axis2P3D',#6465,#6466,$) ;
#6479=AXIS2_PLACEMENT_3D('Circle Axis2P3D',#6477,#6478,$) ;
#6492=AXIS2_PLACEMENT_3D('Plane Axis2P3D',#6489,#6490,#6491) ;
#6496=AXIS2_PLACEMENT_3D('Circle Axis2P3D',#6494,#6495,$) ;
#6505=AXIS2_PLACEMENT_3D('Circle Axis2P3D',#6503,#6504,$) ;
#6516=AXIS2_PLACEMENT_3D('Cone Axis2P3D',#6513,#6514,#6515) ;
#6538=AXIS2_PLACEMENT_3D('Cone Axis2P3D',#6535,#6536,#6537) ;
#6555=AXIS2_PLACEMENT_3D(' ',#6558,#6562,#6561) ;
#6556=AXIS2_PLACEMENT_3D(' ',#6557,#6560,#6559) ;
#6570=AXIS2_PLACEMENT_3D(' ',#6573,#6577,#6576) ;
#6571=AXIS2_PLACEMENT_3D(' ',#6572,#6575,#6574) ;
#6590=AXIS2_PLACEMENT_3D('Cylinder Axis2P3D',#6587,#6588,#6589) ;
#6603=AXIS2_PLACEMENT_3D('Circle Axis2P3D',#6601,#6602,$) ;
#6617=AXIS2_PLACEMENT_3D('Circle Axis2P3D',#6615,#6616,$) ;
#6624=AXIS2_PLACEMENT_3D('Circle Axis2P3D',#6622,#6623,$) ;
#6631=AXIS2_PLACEMENT_3D('Circle Axis2P3D',#6629,#6630,$) ;
#6645=AXIS2_PLACEMENT_3D('Circle Axis2P3D',#6643,#6644,$) ;
#6650=AXIS2_PLACEMENT_3D('Circle Axis2P3D',#6648,#6649,$) ;
#6657=AXIS2_PLACEMENT_3D('Circle Axis2P3D',#6655,#6656,$) ;
#6664=AXIS2_PLACEMENT_3D('Circle Axis2P3D',#6662,#6663,$) ;
#6679=AXIS2_PLACEMENT_3D('Plane Axis2P3D',#6676,#6677,#6678) ;
#6687=AXIS2_PLACEMENT_3D('Circle Axis2P3D',#6685,#6686,$) ;
#6696=AXIS2_PLACEMENT_3D('Circle Axis2P3D',#6694,#6695,$) ;
#6707=AXIS2_PLACEMENT_3D('Plane Axis2P3D',#6704,#6705,#6706) ;
#6732=AXIS2_PLACEMENT_3D('Cylinder Axis2P3D',#6729,#6730,#6731) ;
#6736=AXIS2_PLACEMENT_3D('Circle Axis2P3D',#6734,#6735,$) ;
#6762=AXIS2_PLACEMENT_3D('Circle Axis2P3D',#6760,#6761,$) ;
#6775=AXIS2_PLACEMENT_3D('Plane Axis2P3D',#6772,#6773,#6774) ;
#6785=AXIS2_PLACEMENT_3D('Plane Axis2P3D',#6782,#6783,#6784) ;
#6796=AXIS2_PLACEMENT_3D('Circle Axis2P3D',#6794,#6795,$) ;
#6814=AXIS2_PLACEMENT_3D('Circle Axis2P3D',#6812,#6813,$) ;
#6823=AXIS2_PLACEMENT_3D('Circle Axis2P3D',#6821,#6822,$) ;
#6830=AXIS2_PLACEMENT_3D('Circle Axis2P3D',#6828,#6829,$) ;
#6837=AXIS2_PLACEMENT_3D('Circle Axis2P3D',#6835,#6836,$) ;
#6910=AXIS2_PLACEMENT_3D('Torus Axis2P3D',#6907,#6908,#6909) ;
#6914=AXIS2_PLACEMENT_3D('Circle Axis2P3D',#6912,#6913,$) ;
#6921=AXIS2_PLACEMENT_3D('Circle Axis2P3D',#6919,#6920,$) ;
#6928=AXIS2_PLACEMENT_3D('Circle Axis2P3D',#6926,#6927,$) ;
#6941=AXIS2_PLACEMENT_3D('Cylinder Axis2P3D',#6938,#6939,#6940) ;
#6958=AXIS2_PLACEMENT_3D('Cylinder Axis2P3D',#6955,#6956,#6957) ;
#6975=AXIS2_PLACEMENT_3D('Plane Axis2P3D',#6972,#6973,#6974) ;
#6986=AXIS2_PLACEMENT_3D('Circle Axis2P3D',#6984,#6985,$) ;
#7004=AXIS2_PLACEMENT_3D('Circle Axis2P3D',#7002,#7003,$) ;
#7013=AXIS2_PLACEMENT_3D('Circle Axis2P3D',#7011,#7012,$) ;
#7020=AXIS2_PLACEMENT_3D('Circle Axis2P3D',#7018,#7019,$) ;
#7027=AXIS2_PLACEMENT_3D('Circle Axis2P3D',#7025,#7026,$) ;
#7100=AXIS2_PLACEMENT_3D('Cylinder Axis2P3D',#7097,#7098,#7099) ;
#7118=AXIS2_PLACEMENT_3D('Circle Axis2P3D',#7116,#7117,$) ;
#7131=AXIS2_PLACEMENT_3D('Plane Axis2P3D',#7128,#7129,#7130) ;
#7149=AXIS2_PLACEMENT_3D('Plane Axis2P3D',#7146,#7147,#7148) ;
#7167=AXIS2_PLACEMENT_3D('Torus Axis2P3D',#7164,#7165,#7166) ;
#7171=AXIS2_PLACEMENT_3D('Circle Axis2P3D',#7169,#7170,$) ;
#7176=AXIS2_PLACEMENT_3D('Circle Axis2P3D',#7174,#7175,$) ;
#7189=AXIS2_PLACEMENT_3D('Cylinder Axis2P3D',#7186,#7187,#7188) ;
#7201=AXIS2_PLACEMENT_3D('Cylinder Axis2P3D',#7198,#7199,#7200) ;
#7213=AXIS2_PLACEMENT_3D('Sphere Axis2P3D',#7210,#7211,#7212) ;
#7217=AXIS2_PLACEMENT_3D('Circle Axis2P3D',#7215,#7216,$) ;
#7222=AXIS2_PLACEMENT_3D('Circle Axis2P3D',#7220,#7221,$) ;
#7251=AXIS2_PLACEMENT_3D(' ',#7254,#7258,#7257) ;
#7252=AXIS2_PLACEMENT_3D(' ',#7253,#7256,#7255) ;
#7266=AXIS2_PLACEMENT_3D(' ',#7269,#7273,#7272) ;
#7267=AXIS2_PLACEMENT_3D(' ',#7268,#7271,#7270) ;
#7279=AXIS2_PLACEMENT_3D(' ',#7282,#7286,#7285) ;
#7280=AXIS2_PLACEMENT_3D(' ',#7281,#7284,#7283) ;
#7292=AXIS2_PLACEMENT_3D(' ',#7295,#7299,#7298) ;
#7293=AXIS2_PLACEMENT_3D(' ',#7294,#7297,#7296) ;
#7305=AXIS2_PLACEMENT_3D(' ',#7308,#7312,#7311) ;
#7306=AXIS2_PLACEMENT_3D(' ',#7307,#7310,#7309) ;
#7318=AXIS2_PLACEMENT_3D(' ',#7321,#7325,#7324) ;
#7319=AXIS2_PLACEMENT_3D(' ',#7320,#7323,#7322) ;
#7331=AXIS2_PLACEMENT_3D(' ',#7334,#7338,#7337) ;
#7332=AXIS2_PLACEMENT_3D(' ',#7333,#7336,#7335) ;
#7344=AXIS2_PLACEMENT_3D(' ',#7347,#7351,#7350) ;
#7345=AXIS2_PLACEMENT_3D(' ',#7346,#7349,#7348) ;
#7357=AXIS2_PLACEMENT_3D(' ',#7360,#7364,#7363) ;
#7358=AXIS2_PLACEMENT_3D(' ',#7359,#7362,#7361) ;
#7370=AXIS2_PLACEMENT_3D(' ',#7373,#7377,#7376) ;
#7371=AXIS2_PLACEMENT_3D(' ',#7372,#7375,#7374) ;
#7383=AXIS2_PLACEMENT_3D(' ',#7386,#7390,#7389) ;
#7384=AXIS2_PLACEMENT_3D(' ',#7385,#7388,#7387) ;
#7396=AXIS2_PLACEMENT_3D(' ',#7399,#7403,#7402) ;
#7397=AXIS2_PLACEMENT_3D(' ',#7398,#7401,#7400) ;
#7409=AXIS2_PLACEMENT_3D(' ',#7412,#7416,#7415) ;
#7410=AXIS2_PLACEMENT_3D(' ',#7411,#7414,#7413) ;
#7422=AXIS2_PLACEMENT_3D(' ',#7425,#7429,#7428) ;
#7423=AXIS2_PLACEMENT_3D(' ',#7424,#7427,#7426) ;
#7442=AXIS2_PLACEMENT_3D('Cylinder Axis2P3D',#7439,#7440,#7441) ;
#7455=AXIS2_PLACEMENT_3D('Circle Axis2P3D',#7453,#7454,$) ;
#7469=AXIS2_PLACEMENT_3D('Circle Axis2P3D',#7467,#7468,$) ;
#7481=AXIS2_PLACEMENT_3D('Circle Axis2P3D',#7479,#7480,$) ;
#7486=AXIS2_PLACEMENT_3D('Circle Axis2P3D',#7484,#7485,$) ;
#7499=AXIS2_PLACEMENT_3D('Plane Axis2P3D',#7496,#7497,#7498) ;
#7509=AXIS2_PLACEMENT_3D('Plane Axis2P3D',#7506,#7507,#7508) ;
#7524=AXIS2_PLACEMENT_3D(' ',#7527,#7531,#7530) ;
#7525=AXIS2_PLACEMENT_3D(' ',#7526,#7529,#7528) ;
#7539=AXIS2_PLACEMENT_3D(' ',#7542,#7546,#7545) ;
#7540=AXIS2_PLACEMENT_3D(' ',#7541,#7544,#7543) ;
#7552=AXIS2_PLACEMENT_3D(' ',#7555,#7559,#7558) ;
#7553=AXIS2_PLACEMENT_3D(' ',#7554,#7557,#7556) ;
#7565=AXIS2_PLACEMENT_3D(' ',#7568,#7572,#7571) ;
#7566=AXIS2_PLACEMENT_3D(' ',#7567,#7570,#7569) ;
#7578=AXIS2_PLACEMENT_3D(' ',#7581,#7585,#7584) ;
#7579=AXIS2_PLACEMENT_3D(' ',#7580,#7583,#7582) ;
#7598=AXIS2_PLACEMENT_3D('Cylinder Axis2P3D',#7595,#7596,#7597) ;
#7611=AXIS2_PLACEMENT_3D('Circle Axis2P3D',#7609,#7610,$) ;
#7625=AXIS2_PLACEMENT_3D('Circle Axis2P3D',#7623,#7624,$) ;
#7638=AXIS2_PLACEMENT_3D('Plane Axis2P3D',#7635,#7636,#7637) ;
#7669=AXIS2_PLACEMENT_3D('Cylinder Axis2P3D',#7666,#7667,#7668) ;
#7673=AXIS2_PLACEMENT_3D('Circle Axis2P3D',#7671,#7672,$) ;
#7687=AXIS2_PLACEMENT_3D('Circle Axis2P3D',#7685,#7686,$) ;
#7700=AXIS2_PLACEMENT_3D('Plane Axis2P3D',#7697,#7698,#7699) ;
#7722=AXIS2_PLACEMENT_3D('Cylinder Axis2P3D',#7719,#7720,#7721) ;
#7726=AXIS2_PLACEMENT_3D('Circle Axis2P3D',#7724,#7725,$) ;
#7742=AXIS2_PLACEMENT_3D('Circle Axis2P3D',#7740,#7741,$) ;
#7761=AXIS2_PLACEMENT_3D('Circle Axis2P3D',#7759,#7760,$) ;
#7766=AXIS2_PLACEMENT_3D('Circle Axis2P3D',#7764,#7765,$) ;
#7779=AXIS2_PLACEMENT_3D('Cylinder Axis2P3D',#7776,#7777,#7778) ;
#7783=AXIS2_PLACEMENT_3D('Circle Axis2P3D',#7781,#7782,$) ;
#7799=AXIS2_PLACEMENT_3D('Circle Axis2P3D',#7797,#7798,$) ;
#7818=AXIS2_PLACEMENT_3D('Circle Axis2P3D',#7816,#7817,$) ;
#7823=AXIS2_PLACEMENT_3D('Circle Axis2P3D',#7821,#7822,$) ;
#7836=AXIS2_PLACEMENT_3D('Plane Axis2P3D',#7833,#7834,#7835) ;
#7856=AXIS2_PLACEMENT_3D('Plane Axis2P3D',#7853,#7854,#7855) ;
#7881=AXIS2_PLACEMENT_3D(' ',#7884,#7888,#7887) ;
#7882=AXIS2_PLACEMENT_3D(' ',#7883,#7886,#7885) ;
#7896=AXIS2_PLACEMENT_3D(' ',#7899,#7903,#7902) ;
#7897=AXIS2_PLACEMENT_3D(' ',#7898,#7901,#7900) ;
#7916=AXIS2_PLACEMENT_3D('Plane Axis2P3D',#7913,#7914,#7915) ;
#7956=AXIS2_PLACEMENT_3D('Plane Axis2P3D',#7953,#7954,#7955) ;
#7981=AXIS2_PLACEMENT_3D('Circle Axis2P3D',#7979,#7980,$) ;
#8001=AXIS2_PLACEMENT_3D('Circle Axis2P3D',#7999,#8000,$) ;
#8010=AXIS2_PLACEMENT_3D('Circle Axis2P3D',#8008,#8009,$) ;
#8021=AXIS2_PLACEMENT_3D('Cylinder Axis2P3D',#8018,#8019,#8020) ;
#8025=AXIS2_PLACEMENT_3D('Circle Axis2P3D',#8023,#8024,$) ;
#8045=AXIS2_PLACEMENT_3D('Plane Axis2P3D',#8042,#8043,#8044) ;
#8083=AXIS2_PLACEMENT_3D('Circle Axis2P3D',#8081,#8082,$) ;
#8092=AXIS2_PLACEMENT_3D('Circle Axis2P3D',#8090,#8091,$) ;
#8103=AXIS2_PLACEMENT_3D('Plane Axis2P3D',#8100,#8101,#8102) ;
#8107=AXIS2_PLACEMENT_3D('Circle Axis2P3D',#8105,#8106,$) ;
#8114=AXIS2_PLACEMENT_3D('Circle Axis2P3D',#8112,#8113,$) ;
#8127=AXIS2_PLACEMENT_3D('Circle Axis2P3D',#8125,#8126,$) ;
#8134=AXIS2_PLACEMENT_3D('Circle Axis2P3D',#8132,#8133,$) ;
#8153=AXIS2_PLACEMENT_3D('Plane Axis2P3D',#8150,#8151,#8152) ;
#8165=AXIS2_PLACEMENT_3D('Cylinder Axis2P3D',#8162,#8163,#8164) ;
#8193=AXIS2_PLACEMENT_3D('Circle Axis2P3D',#8191,#8192,$) ;
#8203=AXIS2_PLACEMENT_3D('Circle Axis2P3D',#8201,#8202,$) ;
#8214=AXIS2_PLACEMENT_3D('Cylinder Axis2P3D',#8211,#8212,#8213) ;
#8232=AXIS2_PLACEMENT_3D('Circle Axis2P3D',#8230,#8231,$) ;
#8246=AXIS2_PLACEMENT_3D('Circle Axis2P3D',#8244,#8245,$) ;
#8261=AXIS2_PLACEMENT_3D('Plane Axis2P3D',#8258,#8259,#8260) ;
#8265=AXIS2_PLACEMENT_3D('Circle Axis2P3D',#8263,#8264,$) ;
#8274=AXIS2_PLACEMENT_3D('Circle Axis2P3D',#8272,#8273,$) ;
#8285=AXIS2_PLACEMENT_3D('Cone Axis2P3D',#8282,#8283,#8284) ;
#8307=AXIS2_PLACEMENT_3D('Cone Axis2P3D',#8304,#8305,#8306) ;
#8324=AXIS2_PLACEMENT_3D(' ',#8327,#8331,#8330) ;
#8325=AXIS2_PLACEMENT_3D(' ',#8326,#8329,#8328) ;
#8339=AXIS2_PLACEMENT_3D(' ',#8342,#8346,#8345) ;
#8340=AXIS2_PLACEMENT_3D(' ',#8341,#8344,#8343) ;
#8352=AXIS2_PLACEMENT_3D(' ',#8355,#8359,#8358) ;
#8353=AXIS2_PLACEMENT_3D(' ',#8354,#8357,#8356) ;
#8365=AXIS2_PLACEMENT_3D(' ',#8368,#8372,#8371) ;
#8366=AXIS2_PLACEMENT_3D(' ',#8367,#8370,#8369) ;
#8378=AXIS2_PLACEMENT_3D(' ',#8381,#8385,#8384) ;
#8379=AXIS2_PLACEMENT_3D(' ',#8380,#8383,#8382) ;
#8391=AXIS2_PLACEMENT_3D(' ',#8394,#8398,#8397) ;
#8392=AXIS2_PLACEMENT_3D(' ',#8393,#8396,#8395) ;
#8411=AXIS2_PLACEMENT_3D('Cylinder Axis2P3D',#8408,#8409,#8410) ;
#8424=AXIS2_PLACEMENT_3D('Circle Axis2P3D',#8422,#8423,$) ;
#8438=AXIS2_PLACEMENT_3D('Circle Axis2P3D',#8436,#8437,$) ;
#8450=AXIS2_PLACEMENT_3D('Circle Axis2P3D',#8448,#8449,$) ;
#8455=AXIS2_PLACEMENT_3D('Circle Axis2P3D',#8453,#8454,$) ;
#8468=AXIS2_PLACEMENT_3D('Cylinder Axis2P3D',#8465,#8466,#8467) ;
#8481=AXIS2_PLACEMENT_3D('Circle Axis2P3D',#8479,#8480,$) ;
#8495=AXIS2_PLACEMENT_3D('Circle Axis2P3D',#8493,#8494,$) ;
#8507=AXIS2_PLACEMENT_3D('Circle Axis2P3D',#8505,#8506,$) ;
#8512=AXIS2_PLACEMENT_3D('Circle Axis2P3D',#8510,#8511,$) ;
#8525=AXIS2_PLACEMENT_3D('Cylinder Axis2P3D',#8522,#8523,#8524) ;
#8538=AXIS2_PLACEMENT_3D('Circle Axis2P3D',#8536,#8537,$) ;
#8552=AXIS2_PLACEMENT_3D('Circle Axis2P3D',#8550,#8551,$) ;
#8564=AXIS2_PLACEMENT_3D('Circle Axis2P3D',#8562,#8563,$) ;
#8569=AXIS2_PLACEMENT_3D('Circle Axis2P3D',#8567,#8568,$) ;
#8582=AXIS2_PLACEMENT_3D('Sphere Axis2P3D',#8579,#8580,#8581) ;
#8586=AXIS2_PLACEMENT_3D('Circle Axis2P3D',#8584,#8585,$) ;
#8591=AXIS2_PLACEMENT_3D('Circle Axis2P3D',#8589,#8590,$) ;
#8611=AXIS2_PLACEMENT_3D('Plane Axis2P3D',#8608,#8609,#8610) ;
#8625=AXIS2_PLACEMENT_3D('Plane Axis2P3D',#8622,#8623,#8624) ;
#8644=AXIS2_PLACEMENT_3D(' ',#8647,#8651,#8650) ;
#8645=AXIS2_PLACEMENT_3D(' ',#8646,#8649,#8648) ;
#8666=AXIS2_PLACEMENT_3D('Cone Axis2P3D',#8663,#8664,#8665) ;
#8679=AXIS2_PLACEMENT_3D('Circle Axis2P3D',#8677,#8678,$) ;
#8693=AXIS2_PLACEMENT_3D('Circle Axis2P3D',#8691,#8692,$) ;
#8706=AXIS2_PLACEMENT_3D('Cone Axis2P3D',#8703,#8704,#8705) ;
#8710=AXIS2_PLACEMENT_3D('Circle Axis2P3D',#8708,#8709,$) ;
#8715=AXIS2_PLACEMENT_3D('Circle Axis2P3D',#8713,#8714,$) ;
#8728=AXIS2_PLACEMENT_3D('Plane Axis2P3D',#8725,#8726,#8727) ;
#8732=AXIS2_PLACEMENT_3D('Circle Axis2P3D',#8730,#8731,$) ;
#8741=AXIS2_PLACEMENT_3D('Circle Axis2P3D',#8739,#8740,$) ;
#8750=AXIS2_PLACEMENT_3D('Circle Axis2P3D',#8748,#8749,$) ;
#8759=AXIS2_PLACEMENT_3D('Circle Axis2P3D',#8757,#8758,$) ;
#8770=AXIS2_PLACEMENT_3D('Cylinder Axis2P3D',#8767,#8768,#8769) ;
#8788=AXIS2_PLACEMENT_3D('Circle Axis2P3D',#8786,#8787,$) ;
#8800=AXIS2_PLACEMENT_3D('Circle Axis2P3D',#8798,#8799,$) ;
#8813=AXIS2_PLACEMENT_3D('Cone Axis2P3D',#8810,#8811,#8812) ;
#8835=AXIS2_PLACEMENT_3D('Cone Axis2P3D',#8832,#8833,#8834) ;
#8847=AXIS2_PLACEMENT_3D('Cylinder Axis2P3D',#8844,#8845,#8846) ;
#8865=AXIS2_PLACEMENT_3D('Circle Axis2P3D',#8863,#8864,$) ;
#8877=AXIS2_PLACEMENT_3D('Circle Axis2P3D',#8875,#8876,$) ;
#8890=AXIS2_PLACEMENT_3D('Plane Axis2P3D',#8887,#8888,#8889) ;
#8894=AXIS2_PLACEMENT_3D('Circle Axis2P3D',#8892,#8893,$) ;
#8903=AXIS2_PLACEMENT_3D('Circle Axis2P3D',#8901,#8902,$) ;
#8914=AXIS2_PLACEMENT_3D('Cone Axis2P3D',#8911,#8912,#8913) ;
#8936=AXIS2_PLACEMENT_3D('Cone Axis2P3D',#8933,#8934,#8935) ;
#8948=AXIS2_PLACEMENT_3D('Plane Axis2P3D',#8945,#8946,#8947) ;
#9008=AXIS2_PLACEMENT_3D('Plane Axis2P3D',#9005,#9006,#9007) ;
#9039=AXIS2_PLACEMENT_3D('Plane Axis2P3D',#9036,#9037,#9038) ;
#9063=AXIS2_PLACEMENT_3D('Plane Axis2P3D',#9060,#9061,#9062) ;
#9087=AXIS2_PLACEMENT_3D('Plane Axis2P3D',#9084,#9085,#9086) ;
#9120=AXIS2_PLACEMENT_3D('Plane Axis2P3D',#9117,#9118,#9119) ;
#9137=AXIS2_PLACEMENT_3D('Plane Axis2P3D',#9134,#9135,#9136) ;
#9154=AXIS2_PLACEMENT_3D('Plane Axis2P3D',#9151,#9152,#9153) ;
#9171=AXIS2_PLACEMENT_3D(' ',#9174,#9178,#9177) ;
#9172=AXIS2_PLACEMENT_3D(' ',#9173,#9176,#9175) ;
#9186=AXIS2_PLACEMENT_3D(' ',#9189,#9193,#9192) ;
#9187=AXIS2_PLACEMENT_3D(' ',#9188,#9191,#9190) ;
#9199=AXIS2_PLACEMENT_3D(' ',#9202,#9206,#9205) ;
#9200=AXIS2_PLACEMENT_3D(' ',#9201,#9204,#9203) ;
#9212=AXIS2_PLACEMENT_3D(' ',#9215,#9219,#9218) ;
#9213=AXIS2_PLACEMENT_3D(' ',#9214,#9217,#9216) ;
#9225=AXIS2_PLACEMENT_3D(' ',#9228,#9232,#9231) ;
#9226=AXIS2_PLACEMENT_3D(' ',#9227,#9230,#9229) ;
#9238=AXIS2_PLACEMENT_3D(' ',#9241,#9245,#9244) ;
#9239=AXIS2_PLACEMENT_3D(' ',#9240,#9243,#9242) ;
#9251=AXIS2_PLACEMENT_3D(' ',#9254,#9258,#9257) ;
#9252=AXIS2_PLACEMENT_3D(' ',#9253,#9256,#9255) ;
#9264=AXIS2_PLACEMENT_3D(' ',#9267,#9271,#9270) ;
#9265=AXIS2_PLACEMENT_3D(' ',#9266,#9269,#9268) ;
#9277=AXIS2_PLACEMENT_3D(' ',#9280,#9284,#9283) ;
#9278=AXIS2_PLACEMENT_3D(' ',#9279,#9282,#9281) ;
#9290=AXIS2_PLACEMENT_3D(' ',#9293,#9297,#9296) ;
#9291=AXIS2_PLACEMENT_3D(' ',#9292,#9295,#9294) ;
#9303=AXIS2_PLACEMENT_3D(' ',#9306,#9310,#9309) ;
#9304=AXIS2_PLACEMENT_3D(' ',#9305,#9308,#9307) ;
#9316=AXIS2_PLACEMENT_3D(' ',#9319,#9323,#9322) ;
#9317=AXIS2_PLACEMENT_3D(' ',#9318,#9321,#9320) ;
#9329=AXIS2_PLACEMENT_3D(' ',#9332,#9336,#9335) ;
#9330=AXIS2_PLACEMENT_3D(' ',#9331,#9334,#9333) ;
#9342=AXIS2_PLACEMENT_3D(' ',#9345,#9349,#9348) ;
#9343=AXIS2_PLACEMENT_3D(' ',#9344,#9347,#9346) ;
#9355=AXIS2_PLACEMENT_3D(' ',#9358,#9362,#9361) ;
#9356=AXIS2_PLACEMENT_3D(' ',#9357,#9360,#9359) ;
#9368=AXIS2_PLACEMENT_3D(' ',#9371,#9375,#9374) ;
#9369=AXIS2_PLACEMENT_3D(' ',#9370,#9373,#9372) ;
#9388=AXIS2_PLACEMENT_3D('Cone Axis2P3D',#9385,#9386,#9387) ;
#9401=AXIS2_PLACEMENT_3D('Circle Axis2P3D',#9399,#9400,$) ;
#9415=AXIS2_PLACEMENT_3D('Circle Axis2P3D',#9413,#9414,$) ;
#9428=AXIS2_PLACEMENT_3D('Cone Axis2P3D',#9425,#9426,#9427) ;
#9442=AXIS2_PLACEMENT_3D('Circle Axis2P3D',#9440,#9441,$) ;
#9447=AXIS2_PLACEMENT_3D('Circle Axis2P3D',#9445,#9446,$) ;
#9460=AXIS2_PLACEMENT_3D('Cone Axis2P3D',#9457,#9458,#9459) ;
#9474=AXIS2_PLACEMENT_3D('Circle Axis2P3D',#9472,#9473,$) ;
#9479=AXIS2_PLACEMENT_3D('Circle Axis2P3D',#9477,#9478,$) ;
#9492=AXIS2_PLACEMENT_3D('Plane Axis2P3D',#9489,#9490,#9491) ;
#9510=AXIS2_PLACEMENT_3D('Circle Axis2P3D',#9508,#9509,$) ;
#9517=AXIS2_PLACEMENT_3D('Circle Axis2P3D',#9515,#9516,$) ;
#9524=AXIS2_PLACEMENT_3D('Circle Axis2P3D',#9522,#9523,$) ;
#9541=AXIS2_PLACEMENT_3D('Cone Axis2P3D',#9538,#9539,#9540) ;
#9552=AXIS2_PLACEMENT_3D('Circle Axis2P3D',#9550,#9551,$) ;
#9572=AXIS2_PLACEMENT_3D('Cone Axis2P3D',#9569,#9570,#9571) ;
#9584=AXIS2_PLACEMENT_3D('Circle Axis2P3D',#9582,#9583,$) ;
#9597=AXIS2_PLACEMENT_3D('Cone Axis2P3D',#9594,#9595,#9596) ;
#9609=AXIS2_PLACEMENT_3D('Circle Axis2P3D',#9607,#9608,$) ;
#9622=AXIS2_PLACEMENT_3D('Cylinder Axis2P3D',#9619,#9620,#9621) ;
#9641=AXIS2_PLACEMENT_3D('Circle Axis2P3D',#9639,#9640,$) ;
#9668=AXIS2_PLACEMENT_3D('Circle Axis2P3D',#9666,#9667,$) ;
#9680=AXIS2_PLACEMENT_3D('Circle Axis2P3D',#9678,#9679,$) ;
#9693=AXIS2_PLACEMENT_3D('Cone Axis2P3D',#9690,#9691,#9692) ;
#9704=AXIS2_PLACEMENT_3D('Circle Axis2P3D',#9702,#9703,$) ;
#9724=AXIS2_PLACEMENT_3D('Cone Axis2P3D',#9721,#9722,#9723) ;
#9728=AXIS2_PLACEMENT_3D('Circle Axis2P3D',#9726,#9727,$) ;
#9749=AXIS2_PLACEMENT_3D('Cone Axis2P3D',#9746,#9747,#9748) ;
#9753=AXIS2_PLACEMENT_3D('Circle Axis2P3D',#9751,#9752,$) ;
#9774=AXIS2_PLACEMENT_3D('Cylinder Axis2P3D',#9771,#9772,#9773) ;
#9778=AXIS2_PLACEMENT_3D('Circle Axis2P3D',#9776,#9777,$) ;
#9805=AXIS2_PLACEMENT_3D('Circle Axis2P3D',#9803,#9804,$) ;
#9824=AXIS2_PLACEMENT_3D('Circle Axis2P3D',#9822,#9823,$) ;
#9845=AXIS2_PLACEMENT_3D('Plane Axis2P3D',#9842,#9843,#9844) ;
#9849=AXIS2_PLACEMENT_3D('Circle Axis2P3D',#9847,#9848,$) ;
#9858=AXIS2_PLACEMENT_3D('Circle Axis2P3D',#9856,#9857,$) ;
#9865=AXIS2_PLACEMENT_3D('Circle Axis2P3D',#9863,#9864,$) ;
#9894=AXIS2_PLACEMENT_3D('Plane Axis2P3D',#9891,#9892,#9893) ;
#9921=AXIS2_PLACEMENT_3D('Plane Axis2P3D',#9918,#9919,#9920) ;
#9945=AXIS2_PLACEMENT_3D('Cone Axis2P3D',#9942,#9943,#9944) ;
#9967=AXIS2_PLACEMENT_3D('Cone Axis2P3D',#9964,#9965,#9966) ;
#9979=AXIS2_PLACEMENT_3D('Cone Axis2P3D',#9976,#9977,#9978) ;
#9996=AXIS2_PLACEMENT_3D(' ',#9999,#10003,#10002) ;
#9997=AXIS2_PLACEMENT_3D(' ',#9998,#10001,#10000) ;
#45=PRODUCT_DEFINITION_SHAPE(' ',' ',#17) ;
#59=PRODUCT_DEFINITION_SHAPE(' ',' ',#56) ;
#497=PRODUCT_DEFINITION_SHAPE(' ',' ',#496) ;
#518=PRODUCT_DEFINITION_SHAPE(' ',' ',#515) ;
#1501=PRODUCT_DEFINITION_SHAPE(' ',' ',#1500) ;
#1522=PRODUCT_DEFINITION_SHAPE(' ',' ',#1519) ;
#1842=PRODUCT_DEFINITION_SHAPE(' ',' ',#1841) ;
#1863=PRODUCT_DEFINITION_SHAPE(' ',' ',#1860) ;
#2406=PRODUCT_DEFINITION_SHAPE(' ',' ',#2405) ;
#2427=PRODUCT_DEFINITION_SHAPE(' ',' ',#2424) ;
#2677=PRODUCT_DEFINITION_SHAPE(' ',' ',#2676) ;
#2698=PRODUCT_DEFINITION_SHAPE(' ',' ',#2695) ;
#4418=PRODUCT_DEFINITION_SHAPE(' ',' ',#4417) ;
#4439=PRODUCT_DEFINITION_SHAPE(' ',' ',#4436) ;
#5545=PRODUCT_DEFINITION_SHAPE(' ',' ',#5544) ;
#5560=PRODUCT_DEFINITION_SHAPE(' ',' ',#5559) ;
#5573=PRODUCT_DEFINITION_SHAPE(' ',' ',#5572) ;
#5586=PRODUCT_DEFINITION_SHAPE(' ',' ',#5585) ;
#5599=PRODUCT_DEFINITION_SHAPE(' ',' ',#5598) ;
#5618=PRODUCT_DEFINITION_SHAPE(' ',' ',#5615) ;
#5837=PRODUCT_DEFINITION_SHAPE(' ',' ',#5836) ;
#5852=PRODUCT_DEFINITION_SHAPE(' ',' ',#5851) ;
#5865=PRODUCT_DEFINITION_SHAPE(' ',' ',#5864) ;
#5878=PRODUCT_DEFINITION_SHAPE(' ',' ',#5877) ;
#5891=PRODUCT_DEFINITION_SHAPE(' ',' ',#5890) ;
#5910=PRODUCT_DEFINITION_SHAPE(' ',' ',#5907) ;
#6031=PRODUCT_DEFINITION_SHAPE(' ',' ',#6030) ;
#6046=PRODUCT_DEFINITION_SHAPE(' ',' ',#6045) ;
#6059=PRODUCT_DEFINITION_SHAPE(' ',' ',#6058) ;
#6072=PRODUCT_DEFINITION_SHAPE(' ',' ',#6071) ;
#6085=PRODUCT_DEFINITION_SHAPE(' ',' ',#6084) ;
#6098=PRODUCT_DEFINITION_SHAPE(' ',' ',#6097) ;
#6111=PRODUCT_DEFINITION_SHAPE(' ',' ',#6110) ;
#6124=PRODUCT_DEFINITION_SHAPE(' ',' ',#6123) ;
#6137=PRODUCT_DEFINITION_SHAPE(' ',' ',#6136) ;
#6150=PRODUCT_DEFINITION_SHAPE(' ',' ',#6149) ;
#6169=PRODUCT_DEFINITION_SHAPE(' ',' ',#6166) ;
#6551=PRODUCT_DEFINITION_SHAPE(' ',' ',#6550) ;
#6566=PRODUCT_DEFINITION_SHAPE(' ',' ',#6565) ;
#6585=PRODUCT_DEFINITION_SHAPE(' ',' ',#6582) ;
#7247=PRODUCT_DEFINITION_SHAPE(' ',' ',#7246) ;
#7262=PRODUCT_DEFINITION_SHAPE(' ',' ',#7261) ;
#7275=PRODUCT_DEFINITION_SHAPE(' ',' ',#7274) ;
#7288=PRODUCT_DEFINITION_SHAPE(' ',' ',#7287) ;
#7301=PRODUCT_DEFINITION_SHAPE(' ',' ',#7300) ;
#7314=PRODUCT_DEFINITION_SHAPE(' ',' ',#7313) ;
#7327=PRODUCT_DEFINITION_SHAPE(' ',' ',#7326) ;
#7340=PRODUCT_DEFINITION_SHAPE(' ',' ',#7339) ;
#7353=PRODUCT_DEFINITION_SHAPE(' ',' ',#7352) ;
#7366=PRODUCT_DEFINITION_SHAPE(' ',' ',#7365) ;
#7379=PRODUCT_DEFINITION_SHAPE(' ',' ',#7378) ;
#7392=PRODUCT_DEFINITION_SHAPE(' ',' ',#7391) ;
#7405=PRODUCT_DEFINITION_SHAPE(' ',' ',#7404) ;
#7418=PRODUCT_DEFINITION_SHAPE(' ',' ',#7417) ;
#7437=PRODUCT_DEFINITION_SHAPE(' ',' ',#7434) ;
#7520=PRODUCT_DEFINITION_SHAPE(' ',' ',#7519) ;
#7535=PRODUCT_DEFINITION_SHAPE(' ',' ',#7534) ;
#7548=PRODUCT_DEFINITION_SHAPE(' ',' ',#7547) ;
#7561=PRODUCT_DEFINITION_SHAPE(' ',' ',#7560) ;
#7574=PRODUCT_DEFINITION_SHAPE(' ',' ',#7573) ;
#7593=PRODUCT_DEFINITION_SHAPE(' ',' ',#7590) ;
#7877=PRODUCT_DEFINITION_SHAPE(' ',' ',#7876) ;
#7892=PRODUCT_DEFINITION_SHAPE(' ',' ',#7891) ;
#7911=PRODUCT_DEFINITION_SHAPE(' ',' ',#7908) ;
#8320=PRODUCT_DEFINITION_SHAPE(' ',' ',#8319) ;
#8335=PRODUCT_DEFINITION_SHAPE(' ',' ',#8334) ;
#8348=PRODUCT_DEFINITION_SHAPE(' ',' ',#8347) ;
#8361=PRODUCT_DEFINITION_SHAPE(' ',' ',#8360) ;
#8374=PRODUCT_DEFINITION_SHAPE(' ',' ',#8373) ;
#8387=PRODUCT_DEFINITION_SHAPE(' ',' ',#8386) ;
#8406=PRODUCT_DEFINITION_SHAPE(' ',' ',#8403) ;
#8640=PRODUCT_DEFINITION_SHAPE(' ',' ',#8639) ;
#8661=PRODUCT_DEFINITION_SHAPE(' ',' ',#8658) ;
#9167=PRODUCT_DEFINITION_SHAPE(' ',' ',#9166) ;
#9182=PRODUCT_DEFINITION_SHAPE(' ',' ',#9181) ;
#9195=PRODUCT_DEFINITION_SHAPE(' ',' ',#9194) ;
#9208=PRODUCT_DEFINITION_SHAPE(' ',' ',#9207) ;
#9221=PRODUCT_DEFINITION_SHAPE(' ',' ',#9220) ;
#9234=PRODUCT_DEFINITION_SHAPE(' ',' ',#9233) ;
#9247=PRODUCT_DEFINITION_SHAPE(' ',' ',#9246) ;
#9260=PRODUCT_DEFINITION_SHAPE(' ',' ',#9259) ;
#9273=PRODUCT_DEFINITION_SHAPE(' ',' ',#9272) ;
#9286=PRODUCT_DEFINITION_SHAPE(' ',' ',#9285) ;
#9299=PRODUCT_DEFINITION_SHAPE(' ',' ',#9298) ;
#9312=PRODUCT_DEFINITION_SHAPE(' ',' ',#9311) ;
#9325=PRODUCT_DEFINITION_SHAPE(' ',' ',#9324) ;
#9338=PRODUCT_DEFINITION_SHAPE(' ',' ',#9337) ;
#9351=PRODUCT_DEFINITION_SHAPE(' ',' ',#9350) ;
#9364=PRODUCT_DEFINITION_SHAPE(' ',' ',#9363) ;
#9383=PRODUCT_DEFINITION_SHAPE(' ',' ',#9380) ;
#9992=PRODUCT_DEFINITION_SHAPE(' ',' ',#9991) ;
#34=APPROVAL_PERSON_ORGANIZATION(#28,#24,#22) ;
#28=PERSON_AND_ORGANIZATION(#25,#26) ;
#25=PERSON(' ',' ',' ',$,$,$) ;
#26=ORGANIZATION(' ',' ',' ') ;
#24=APPROVAL(#23,' ') ;
#23=APPROVAL_STATUS('not_yet_approved') ;
#22=APPROVAL_ROLE('APPROVER') ;
#13=DATE_AND_TIME(#11,#12) ;
#12=LOCAL_TIME(18,56,23.,#10) ;
#10=COORDINATED_UNIVERSAL_TIME_OFFSET(0,0,.AHEAD.) ;
#95=ORIENTED_EDGE('',*,*,#74,.T.) ;
#96=ORIENTED_EDGE('',*,*,#81,.F.) ;
#97=ORIENTED_EDGE('',*,*,#88,.F.) ;
#98=ORIENTED_EDGE('',*,*,#93,.T.) ;
#112=ORIENTED_EDGE('',*,*,#105,.T.) ;
#113=ORIENTED_EDGE('',*,*,#93,.F.) ;
#114=ORIENTED_EDGE('',*,*,#110,.F.) ;
#115=ORIENTED_EDGE('',*,*,#81,.T.) ;
#138=ORIENTED_EDGE('',*,*,#131,.F.) ;
#139=ORIENTED_EDGE('',*,*,#136,.F.) ;
#142=ORIENTED_EDGE('',*,*,#110,.T.) ;
#143=ORIENTED_EDGE('',*,*,#88,.T.) ;
#166=ORIENTED_EDGE('',*,*,#159,.T.) ;
#167=ORIENTED_EDGE('',*,*,#164,.T.) ;
#170=ORIENTED_EDGE('',*,*,#74,.F.) ;
#171=ORIENTED_EDGE('',*,*,#105,.F.) ;
#194=ORIENTED_EDGE('',*,*,#187,.T.) ;
#195=ORIENTED_EDGE('',*,*,#192,.T.) ;
#236=ORIENTED_EDGE('',*,*,#214,.T.) ;
#237=ORIENTED_EDGE('',*,*,#219,.T.) ;
#238=ORIENTED_EDGE('',*,*,#187,.F.) ;
#239=ORIENTED_EDGE('',*,*,#226,.F.) ;
#240=ORIENTED_EDGE('',*,*,#234,.F.) ;
#262=ORIENTED_EDGE('',*,*,#252,.T.) ;
#263=ORIENTED_EDGE('',*,*,#226,.T.) ;
#264=ORIENTED_EDGE('',*,*,#192,.F.) ;
#265=ORIENTED_EDGE('',*,*,#219,.F.) ;
#266=ORIENTED_EDGE('',*,*,#260,.F.) ;
#290=ORIENTED_EDGE('',*,*,#278,.F.) ;
#291=ORIENTED_EDGE('',*,*,#136,.T.) ;
#292=ORIENTED_EDGE('',*,*,#283,.T.) ;
#293=ORIENTED_EDGE('',*,*,#159,.F.) ;
#294=ORIENTED_EDGE('',*,*,#288,.F.) ;
#295=ORIENTED_EDGE('',*,*,#234,.T.) ;
#296=ORIENTED_EDGE('',*,*,#252,.F.) ;
#332=ORIENTED_EDGE('',*,*,#309,.F.) ;
#333=ORIENTED_EDGE('',*,*,#322,.T.) ;
#334=ORIENTED_EDGE('',*,*,#330,.F.) ;
#338=ORIENTED_EDGE('',*,*,#288,.T.) ;
#339=ORIENTED_EDGE('',*,*,#164,.F.) ;
#340=ORIENTED_EDGE('',*,*,#283,.F.) ;
#341=ORIENTED_EDGE('',*,*,#131,.T.) ;
#342=ORIENTED_EDGE('',*,*,#278,.T.) ;
#343=ORIENTED_EDGE('',*,*,#260,.T.) ;
#344=ORIENTED_EDGE('',*,*,#214,.F.) ;
#380=ORIENTED_EDGE('',*,*,#357,.F.) ;
#381=ORIENTED_EDGE('',*,*,#370,.T.) ;
#382=ORIENTED_EDGE('',*,*,#378,.F.) ;
#405=ORIENTED_EDGE('',*,*,#398,.T.) ;
#406=ORIENTED_EDGE('',*,*,#403,.T.) ;
#425=ORIENTED_EDGE('',*,*,#309,.T.) ;
#426=ORIENTED_EDGE('',*,*,#330,.T.) ;
#427=ORIENTED_EDGE('',*,*,#418,.T.) ;
#428=ORIENTED_EDGE('',*,*,#398,.F.) ;
#429=ORIENTED_EDGE('',*,*,#423,.F.) ;
#433=ORIENTED_EDGE('',*,*,#322,.F.) ;
#434=ORIENTED_EDGE('',*,*,#423,.T.) ;
#435=ORIENTED_EDGE('',*,*,#403,.F.) ;
#436=ORIENTED_EDGE('',*,*,#418,.F.) ;
#459=ORIENTED_EDGE('',*,*,#452,.T.) ;
#460=ORIENTED_EDGE('',*,*,#457,.T.) ;
#479=ORIENTED_EDGE('',*,*,#357,.T.) ;
#480=ORIENTED_EDGE('',*,*,#378,.T.) ;
#481=ORIENTED_EDGE('',*,*,#472,.T.) ;
#482=ORIENTED_EDGE('',*,*,#452,.F.) ;
#483=ORIENTED_EDGE('',*,*,#477,.F.) ;
#487=ORIENTED_EDGE('',*,*,#370,.F.) ;
#488=ORIENTED_EDGE('',*,*,#477,.T.) ;
#489=ORIENTED_EDGE('',*,*,#457,.F.) ;
#490=ORIENTED_EDGE('',*,*,#472,.F.) ;
#554=ORIENTED_EDGE('',*,*,#533,.T.) ;
#555=ORIENTED_EDGE('',*,*,#540,.F.) ;
#556=ORIENTED_EDGE('',*,*,#547,.F.) ;
#557=ORIENTED_EDGE('',*,*,#552,.T.) ;
#571=ORIENTED_EDGE('',*,*,#547,.T.) ;
#572=ORIENTED_EDGE('',*,*,#564,.F.) ;
#573=ORIENTED_EDGE('',*,*,#533,.F.) ;
#574=ORIENTED_EDGE('',*,*,#569,.T.) ;
#611=ORIENTED_EDGE('',*,*,#590,.T.) ;
#612=ORIENTED_EDGE('',*,*,#597,.F.) ;
#613=ORIENTED_EDGE('',*,*,#604,.F.) ;
#614=ORIENTED_EDGE('',*,*,#609,.T.) ;
#628=ORIENTED_EDGE('',*,*,#604,.T.) ;
#629=ORIENTED_EDGE('',*,*,#621,.F.) ;
#630=ORIENTED_EDGE('',*,*,#590,.F.) ;
#631=ORIENTED_EDGE('',*,*,#626,.T.) ;
#663=ORIENTED_EDGE('',*,*,#642,.T.) ;
#664=ORIENTED_EDGE('',*,*,#649,.F.) ;
#665=ORIENTED_EDGE('',*,*,#656,.F.) ;
#666=ORIENTED_EDGE('',*,*,#661,.T.) ;
#680=ORIENTED_EDGE('',*,*,#656,.T.) ;
#681=ORIENTED_EDGE('',*,*,#673,.F.) ;
#682=ORIENTED_EDGE('',*,*,#642,.F.) ;
#683=ORIENTED_EDGE('',*,*,#678,.T.) ;
#692=ORIENTED_EDGE('',*,*,#552,.F.) ;
#693=ORIENTED_EDGE('',*,*,#569,.F.) ;
#710=ORIENTED_EDGE('',*,*,#703,.T.) ;
#711=ORIENTED_EDGE('',*,*,#708,.T.) ;
#720=ORIENTED_EDGE('',*,*,#564,.T.) ;
#721=ORIENTED_EDGE('',*,*,#540,.T.) ;
#724=ORIENTED_EDGE('',*,*,#609,.F.) ;
#725=ORIENTED_EDGE('',*,*,#626,.F.) ;
#734=ORIENTED_EDGE('',*,*,#661,.F.) ;
#735=ORIENTED_EDGE('',*,*,#678,.F.) ;
#738=ORIENTED_EDGE('',*,*,#621,.T.) ;
#739=ORIENTED_EDGE('',*,*,#597,.T.) ;
#762=ORIENTED_EDGE('',*,*,#755,.F.) ;
#763=ORIENTED_EDGE('',*,*,#760,.F.) ;
#766=ORIENTED_EDGE('',*,*,#673,.T.) ;
#767=ORIENTED_EDGE('',*,*,#649,.T.) ;
#790=ORIENTED_EDGE('',*,*,#783,.T.) ;
#791=ORIENTED_EDGE('',*,*,#788,.T.) ;
#808=ORIENTED_EDGE('',*,*,#801,.F.) ;
#809=ORIENTED_EDGE('',*,*,#806,.F.) ;
#837=ORIENTED_EDGE('',*,*,#825,.T.) ;
#838=ORIENTED_EDGE('',*,*,#830,.T.) ;
#839=ORIENTED_EDGE('',*,*,#703,.F.) ;
#840=ORIENTED_EDGE('',*,*,#835,.F.) ;
#849=ORIENTED_EDGE('',*,*,#847,.T.) ;
#850=ORIENTED_EDGE('',*,*,#835,.T.) ;
#851=ORIENTED_EDGE('',*,*,#708,.F.) ;
#852=ORIENTED_EDGE('',*,*,#830,.F.) ;
#880=ORIENTED_EDGE('',*,*,#868,.F.) ;
#881=ORIENTED_EDGE('',*,*,#873,.T.) ;
#882=ORIENTED_EDGE('',*,*,#806,.T.) ;
#883=ORIENTED_EDGE('',*,*,#878,.F.) ;
#892=ORIENTED_EDGE('',*,*,#868,.T.) ;
#893=ORIENTED_EDGE('',*,*,#890,.T.) ;
#896=ORIENTED_EDGE('',*,*,#847,.F.) ;
#897=ORIENTED_EDGE('',*,*,#825,.F.) ;
#901=ORIENTED_EDGE('',*,*,#890,.F.) ;
#902=ORIENTED_EDGE('',*,*,#878,.T.) ;
#903=ORIENTED_EDGE('',*,*,#801,.T.) ;
#904=ORIENTED_EDGE('',*,*,#873,.F.) ;
#927=ORIENTED_EDGE('',*,*,#920,.T.) ;
#928=ORIENTED_EDGE('',*,*,#925,.T.) ;
#969=ORIENTED_EDGE('',*,*,#947,.T.) ;
#970=ORIENTED_EDGE('',*,*,#952,.T.) ;
#971=ORIENTED_EDGE('',*,*,#920,.F.) ;
#972=ORIENTED_EDGE('',*,*,#959,.F.) ;
#973=ORIENTED_EDGE('',*,*,#967,.T.) ;
#995=ORIENTED_EDGE('',*,*,#985,.T.) ;
#996=ORIENTED_EDGE('',*,*,#959,.T.) ;
#997=ORIENTED_EDGE('',*,*,#925,.F.) ;
#998=ORIENTED_EDGE('',*,*,#952,.F.) ;
#999=ORIENTED_EDGE('',*,*,#993,.T.) ;
#1018=ORIENTED_EDGE('',*,*,#1011,.T.) ;
#1019=ORIENTED_EDGE('',*,*,#783,.F.) ;
#1020=ORIENTED_EDGE('',*,*,#1016,.F.) ;
#1021=ORIENTED_EDGE('',*,*,#760,.T.) ;
#1024=ORIENTED_EDGE('',*,*,#993,.F.) ;
#1025=ORIENTED_EDGE('',*,*,#947,.F.) ;
#1026=ORIENTED_EDGE('',*,*,#967,.F.) ;
#1027=ORIENTED_EDGE('',*,*,#985,.F.) ;
#1063=ORIENTED_EDGE('',*,*,#1040,.F.) ;
#1064=ORIENTED_EDGE('',*,*,#1050,.F.) ;
#1065=ORIENTED_EDGE('',*,*,#1061,.T.) ;
#1101=ORIENTED_EDGE('',*,*,#1078,.F.) ;
#1102=ORIENTED_EDGE('',*,*,#1088,.F.) ;
#1103=ORIENTED_EDGE('',*,*,#1099,.T.) ;
#1139=ORIENTED_EDGE('',*,*,#1116,.F.) ;
#1140=ORIENTED_EDGE('',*,*,#1126,.F.) ;
#1141=ORIENTED_EDGE('',*,*,#1137,.T.) ;
#1145=ORIENTED_EDGE('',*,*,#1016,.T.) ;
#1146=ORIENTED_EDGE('',*,*,#788,.F.) ;
#1147=ORIENTED_EDGE('',*,*,#1011,.F.) ;
#1148=ORIENTED_EDGE('',*,*,#755,.T.) ;
#1184=ORIENTED_EDGE('',*,*,#1161,.F.) ;
#1185=ORIENTED_EDGE('',*,*,#1171,.F.) ;
#1186=ORIENTED_EDGE('',*,*,#1182,.T.) ;
#1222=ORIENTED_EDGE('',*,*,#1199,.F.) ;
#1223=ORIENTED_EDGE('',*,*,#1209,.F.) ;
#1224=ORIENTED_EDGE('',*,*,#1220,.T.) ;
#1247=ORIENTED_EDGE('',*,*,#1240,.T.) ;
#1248=ORIENTED_EDGE('',*,*,#1245,.T.) ;
#1267=ORIENTED_EDGE('',*,*,#1050,.T.) ;
#1268=ORIENTED_EDGE('',*,*,#1040,.T.) ;
#1269=ORIENTED_EDGE('',*,*,#1260,.T.) ;
#1270=ORIENTED_EDGE('',*,*,#1240,.F.) ;
#1271=ORIENTED_EDGE('',*,*,#1265,.F.) ;
#1275=ORIENTED_EDGE('',*,*,#1061,.F.) ;
#1276=ORIENTED_EDGE('',*,*,#1265,.T.) ;
#1277=ORIENTED_EDGE('',*,*,#1245,.F.) ;
#1278=ORIENTED_EDGE('',*,*,#1260,.F.) ;
#1301=ORIENTED_EDGE('',*,*,#1294,.T.) ;
#1302=ORIENTED_EDGE('',*,*,#1299,.T.) ;
#1321=ORIENTED_EDGE('',*,*,#1209,.T.) ;
#1322=ORIENTED_EDGE('',*,*,#1199,.T.) ;
#1323=ORIENTED_EDGE('',*,*,#1314,.T.) ;
#1324=ORIENTED_EDGE('',*,*,#1294,.F.) ;
#1325=ORIENTED_EDGE('',*,*,#1319,.F.) ;
#1329=ORIENTED_EDGE('',*,*,#1220,.F.) ;
#1330=ORIENTED_EDGE('',*,*,#1319,.T.) ;
#1331=ORIENTED_EDGE('',*,*,#1299,.F.) ;
#1332=ORIENTED_EDGE('',*,*,#1314,.F.) ;
#1355=ORIENTED_EDGE('',*,*,#1348,.T.) ;
#1356=ORIENTED_EDGE('',*,*,#1353,.T.) ;
#1375=ORIENTED_EDGE('',*,*,#1171,.T.) ;
#1376=ORIENTED_EDGE('',*,*,#1161,.T.) ;
#1377=ORIENTED_EDGE('',*,*,#1368,.T.) ;
#1378=ORIENTED_EDGE('',*,*,#1348,.F.) ;
#1379=ORIENTED_EDGE('',*,*,#1373,.F.) ;
#1383=ORIENTED_EDGE('',*,*,#1182,.F.) ;
#1384=ORIENTED_EDGE('',*,*,#1373,.T.) ;
#1385=ORIENTED_EDGE('',*,*,#1353,.F.) ;
#1386=ORIENTED_EDGE('',*,*,#1368,.F.) ;
#1409=ORIENTED_EDGE('',*,*,#1402,.T.) ;
#1410=ORIENTED_EDGE('',*,*,#1407,.T.) ;
#1429=ORIENTED_EDGE('',*,*,#1088,.T.) ;
#1430=ORIENTED_EDGE('',*,*,#1078,.T.) ;
#1431=ORIENTED_EDGE('',*,*,#1422,.T.) ;
#1432=ORIENTED_EDGE('',*,*,#1402,.F.) ;
#1433=ORIENTED_EDGE('',*,*,#1427,.F.) ;
#1437=ORIENTED_EDGE('',*,*,#1099,.F.) ;
#1438=ORIENTED_EDGE('',*,*,#1427,.T.) ;
#1439=ORIENTED_EDGE('',*,*,#1407,.F.) ;
#1440=ORIENTED_EDGE('',*,*,#1422,.F.) ;
#1463=ORIENTED_EDGE('',*,*,#1456,.T.) ;
#1464=ORIENTED_EDGE('',*,*,#1461,.T.) ;
#1483=ORIENTED_EDGE('',*,*,#1126,.T.) ;
#1484=ORIENTED_EDGE('',*,*,#1116,.T.) ;
#1485=ORIENTED_EDGE('',*,*,#1476,.T.) ;
#1486=ORIENTED_EDGE('',*,*,#1456,.F.) ;
#1487=ORIENTED_EDGE('',*,*,#1481,.F.) ;
#1491=ORIENTED_EDGE('',*,*,#1137,.F.) ;
#1492=ORIENTED_EDGE('',*,*,#1481,.T.) ;
#1493=ORIENTED_EDGE('',*,*,#1461,.F.) ;
#1494=ORIENTED_EDGE('',*,*,#1476,.F.) ;
#1558=ORIENTED_EDGE('',*,*,#1537,.T.) ;
#1559=ORIENTED_EDGE('',*,*,#1544,.T.) ;
#1560=ORIENTED_EDGE('',*,*,#1551,.F.) ;
#1561=ORIENTED_EDGE('',*,*,#1556,.F.) ;
#1589=ORIENTED_EDGE('',*,*,#1551,.T.) ;
#1590=ORIENTED_EDGE('',*,*,#1575,.T.) ;
#1591=ORIENTED_EDGE('',*,*,#1582,.F.) ;
#1592=ORIENTED_EDGE('',*,*,#1587,.F.) ;
#1620=ORIENTED_EDGE('',*,*,#1582,.T.) ;
#1621=ORIENTED_EDGE('',*,*,#1606,.T.) ;
#1622=ORIENTED_EDGE('',*,*,#1613,.F.) ;
#1623=ORIENTED_EDGE('',*,*,#1618,.F.) ;
#1642=ORIENTED_EDGE('',*,*,#1613,.T.) ;
#1643=ORIENTED_EDGE('',*,*,#1635,.T.) ;
#1644=ORIENTED_EDGE('',*,*,#1537,.F.) ;
#1645=ORIENTED_EDGE('',*,*,#1640,.F.) ;
#1680=ORIENTED_EDGE('',*,*,#1659,.T.) ;
#1681=ORIENTED_EDGE('',*,*,#1618,.T.) ;
#1682=ORIENTED_EDGE('',*,*,#1640,.T.) ;
#1683=ORIENTED_EDGE('',*,*,#1666,.F.) ;
#1684=ORIENTED_EDGE('',*,*,#1673,.T.) ;
#1685=ORIENTED_EDGE('',*,*,#1678,.T.) ;
#1701=ORIENTED_EDGE('',*,*,#1666,.T.) ;
#1702=ORIENTED_EDGE('',*,*,#1556,.T.) ;
#1703=ORIENTED_EDGE('',*,*,#1587,.T.) ;
#1704=ORIENTED_EDGE('',*,*,#1659,.F.) ;
#1705=ORIENTED_EDGE('',*,*,#1694,.T.) ;
#1706=ORIENTED_EDGE('',*,*,#1699,.T.) ;
#1741=ORIENTED_EDGE('',*,*,#1722,.F.) ;
#1742=ORIENTED_EDGE('',*,*,#1729,.F.) ;
#1743=ORIENTED_EDGE('',*,*,#1734,.F.) ;
#1744=ORIENTED_EDGE('',*,*,#1606,.F.) ;
#1745=ORIENTED_EDGE('',*,*,#1575,.F.) ;
#1746=ORIENTED_EDGE('',*,*,#1739,.T.) ;
#1762=ORIENTED_EDGE('',*,*,#1755,.F.) ;
#1763=ORIENTED_EDGE('',*,*,#1760,.F.) ;
#1764=ORIENTED_EDGE('',*,*,#1739,.F.) ;
#1765=ORIENTED_EDGE('',*,*,#1544,.F.) ;
#1766=ORIENTED_EDGE('',*,*,#1635,.F.) ;
#1767=ORIENTED_EDGE('',*,*,#1734,.T.) ;
#1786=ORIENTED_EDGE('',*,*,#1779,.T.) ;
#1787=ORIENTED_EDGE('',*,*,#1755,.T.) ;
#1788=ORIENTED_EDGE('',*,*,#1784,.F.) ;
#1789=ORIENTED_EDGE('',*,*,#1673,.F.) ;
#1803=ORIENTED_EDGE('',*,*,#1784,.T.) ;
#1804=ORIENTED_EDGE('',*,*,#1729,.T.) ;
#1805=ORIENTED_EDGE('',*,*,#1801,.F.) ;
#1806=ORIENTED_EDGE('',*,*,#1678,.F.) ;
#1820=ORIENTED_EDGE('',*,*,#1801,.T.) ;
#1821=ORIENTED_EDGE('',*,*,#1722,.T.) ;
#1822=ORIENTED_EDGE('',*,*,#1818,.F.) ;
#1823=ORIENTED_EDGE('',*,*,#1694,.F.) ;
#1832=ORIENTED_EDGE('',*,*,#1818,.T.) ;
#1833=ORIENTED_EDGE('',*,*,#1760,.T.) ;
#1834=ORIENTED_EDGE('',*,*,#1779,.F.) ;
#1835=ORIENTED_EDGE('',*,*,#1699,.F.) ;
#1899=ORIENTED_EDGE('',*,*,#1878,.F.) ;
#1900=ORIENTED_EDGE('',*,*,#1885,.T.) ;
#1901=ORIENTED_EDGE('',*,*,#1892,.T.) ;
#1902=ORIENTED_EDGE('',*,*,#1897,.F.) ;
#1930=ORIENTED_EDGE('',*,*,#1892,.F.) ;
#1931=ORIENTED_EDGE('',*,*,#1916,.T.) ;
#1932=ORIENTED_EDGE('',*,*,#1923,.T.) ;
#1933=ORIENTED_EDGE('',*,*,#1928,.F.) ;
#1961=ORIENTED_EDGE('',*,*,#1923,.F.) ;
#1962=ORIENTED_EDGE('',*,*,#1947,.T.) ;
#1963=ORIENTED_EDGE('',*,*,#1954,.T.) ;
#1964=ORIENTED_EDGE('',*,*,#1959,.F.) ;
#1992=ORIENTED_EDGE('',*,*,#1954,.F.) ;
#1993=ORIENTED_EDGE('',*,*,#1978,.T.) ;
#1994=ORIENTED_EDGE('',*,*,#1985,.T.) ;
#1995=ORIENTED_EDGE('',*,*,#1990,.F.) ;
#2023=ORIENTED_EDGE('',*,*,#1985,.F.) ;
#2024=ORIENTED_EDGE('',*,*,#2009,.T.) ;
#2025=ORIENTED_EDGE('',*,*,#2016,.T.) ;
#2026=ORIENTED_EDGE('',*,*,#2021,.F.) ;
#2054=ORIENTED_EDGE('',*,*,#2016,.F.) ;
#2055=ORIENTED_EDGE('',*,*,#2040,.T.) ;
#2056=ORIENTED_EDGE('',*,*,#2047,.T.) ;
#2057=ORIENTED_EDGE('',*,*,#2052,.F.) ;
#2085=ORIENTED_EDGE('',*,*,#2047,.F.) ;
#2086=ORIENTED_EDGE('',*,*,#2071,.T.) ;
#2087=ORIENTED_EDGE('',*,*,#2078,.T.) ;
#2088=ORIENTED_EDGE('',*,*,#2083,.F.) ;
#2116=ORIENTED_EDGE('',*,*,#2078,.F.) ;
#2117=ORIENTED_EDGE('',*,*,#2102,.T.) ;
#2118=ORIENTED_EDGE('',*,*,#2109,.T.) ;
#2119=ORIENTED_EDGE('',*,*,#2114,.F.) ;
#2142=ORIENTED_EDGE('',*,*,#2109,.F.) ;
#2143=ORIENTED_EDGE('',*,*,#2128,.T.) ;
#2144=ORIENTED_EDGE('',*,*,#2135,.T.) ;
#2145=ORIENTED_EDGE('',*,*,#2140,.F.) ;
#2173=ORIENTED_EDGE('',*,*,#2135,.F.) ;
#2174=ORIENTED_EDGE('',*,*,#2159,.T.) ;
#2175=ORIENTED_EDGE('',*,*,#2166,.T.) ;
#2176=ORIENTED_EDGE('',*,*,#2171,.F.) ;
#2204=ORIENTED_EDGE('',*,*,#2166,.F.) ;
#2205=ORIENTED_EDGE('',*,*,#2190,.T.) ;
#2206=ORIENTED_EDGE('',*,*,#2197,.T.) ;
#2207=ORIENTED_EDGE('',*,*,#2202,.F.) ;
#2226=ORIENTED_EDGE('',*,*,#2197,.F.) ;
#2227=ORIENTED_EDGE('',*,*,#2219,.T.) ;
#2228=ORIENTED_EDGE('',*,*,#1878,.T.) ;
#2229=ORIENTED_EDGE('',*,*,#2224,.F.) ;
#2266=ORIENTED_EDGE('',*,*,#2245,.T.) ;
#2267=ORIENTED_EDGE('',*,*,#2252,.F.) ;
#2268=ORIENTED_EDGE('',*,*,#2259,.F.) ;
#2269=ORIENTED_EDGE('',*,*,#2264,.T.) ;
#2283=ORIENTED_EDGE('',*,*,#2276,.T.) ;
#2284=ORIENTED_EDGE('',*,*,#2264,.F.) ;
#2285=ORIENTED_EDGE('',*,*,#2281,.F.) ;
#2286=ORIENTED_EDGE('',*,*,#2252,.T.) ;
#2323=ORIENTED_EDGE('',*,*,#2302,.T.) ;
#2324=ORIENTED_EDGE('',*,*,#2309,.F.) ;
#2325=ORIENTED_EDGE('',*,*,#2316,.F.) ;
#2326=ORIENTED_EDGE('',*,*,#2321,.T.) ;
#2340=ORIENTED_EDGE('',*,*,#2333,.T.) ;
#2341=ORIENTED_EDGE('',*,*,#2321,.F.) ;
#2342=ORIENTED_EDGE('',*,*,#2338,.F.) ;
#2343=ORIENTED_EDGE('',*,*,#2309,.T.) ;
#2352=ORIENTED_EDGE('',*,*,#2219,.F.) ;
#2353=ORIENTED_EDGE('',*,*,#2190,.F.) ;
#2354=ORIENTED_EDGE('',*,*,#2159,.F.) ;
#2355=ORIENTED_EDGE('',*,*,#2128,.F.) ;
#2356=ORIENTED_EDGE('',*,*,#2102,.F.) ;
#2357=ORIENTED_EDGE('',*,*,#2071,.F.) ;
#2358=ORIENTED_EDGE('',*,*,#2040,.F.) ;
#2359=ORIENTED_EDGE('',*,*,#2009,.F.) ;
#2360=ORIENTED_EDGE('',*,*,#1978,.F.) ;
#2361=ORIENTED_EDGE('',*,*,#1947,.F.) ;
#2362=ORIENTED_EDGE('',*,*,#1916,.F.) ;
#2363=ORIENTED_EDGE('',*,*,#1885,.F.) ;
#2366=ORIENTED_EDGE('',*,*,#2281,.T.) ;
#2367=ORIENTED_EDGE('',*,*,#2259,.T.) ;
#2370=ORIENTED_EDGE('',*,*,#2338,.T.) ;
#2371=ORIENTED_EDGE('',*,*,#2316,.T.) ;
#2380=ORIENTED_EDGE('',*,*,#1897,.T.) ;
#2381=ORIENTED_EDGE('',*,*,#1928,.T.) ;
#2382=ORIENTED_EDGE('',*,*,#1959,.T.) ;
#2383=ORIENTED_EDGE('',*,*,#1990,.T.) ;
#2384=ORIENTED_EDGE('',*,*,#2021,.T.) ;
#2385=ORIENTED_EDGE('',*,*,#2052,.T.) ;
#2386=ORIENTED_EDGE('',*,*,#2083,.T.) ;
#2387=ORIENTED_EDGE('',*,*,#2114,.T.) ;
#2388=ORIENTED_EDGE('',*,*,#2140,.T.) ;
#2389=ORIENTED_EDGE('',*,*,#2171,.T.) ;
#2390=ORIENTED_EDGE('',*,*,#2202,.T.) ;
#2391=ORIENTED_EDGE('',*,*,#2224,.T.) ;
#2394=ORIENTED_EDGE('',*,*,#2245,.F.) ;
#2395=ORIENTED_EDGE('',*,*,#2276,.F.) ;
#2398=ORIENTED_EDGE('',*,*,#2302,.F.) ;
#2399=ORIENTED_EDGE('',*,*,#2333,.F.) ;
#2449=ORIENTED_EDGE('',*,*,#2442,.F.) ;
#2450=ORIENTED_EDGE('',*,*,#2447,.F.) ;
#2478=ORIENTED_EDGE('',*,*,#2466,.T.) ;
#2479=ORIENTED_EDGE('',*,*,#2471,.F.) ;
#2480=ORIENTED_EDGE('',*,*,#2442,.T.) ;
#2481=ORIENTED_EDGE('',*,*,#2476,.T.) ;
#2490=ORIENTED_EDGE('',*,*,#2488,.T.) ;
#2491=ORIENTED_EDGE('',*,*,#2476,.F.) ;
#2492=ORIENTED_EDGE('',*,*,#2447,.T.) ;
#2493=ORIENTED_EDGE('',*,*,#2471,.T.) ;
#2516=ORIENTED_EDGE('',*,*,#2509,.T.) ;
#2517=ORIENTED_EDGE('',*,*,#2514,.T.) ;
#2520=ORIENTED_EDGE('',*,*,#2488,.F.) ;
#2521=ORIENTED_EDGE('',*,*,#2466,.F.) ;
#2549=ORIENTED_EDGE('',*,*,#2535,.T.) ;
#2550=ORIENTED_EDGE('',*,*,#2542,.T.) ;
#2551=ORIENTED_EDGE('',*,*,#2547,.F.) ;
#2552=ORIENTED_EDGE('',*,*,#2509,.F.) ;
#2566=ORIENTED_EDGE('',*,*,#2547,.T.) ;
#2567=ORIENTED_EDGE('',*,*,#2564,.T.) ;
#2568=ORIENTED_EDGE('',*,*,#2535,.F.) ;
#2569=ORIENTED_EDGE('',*,*,#2514,.F.) ;
#2592=ORIENTED_EDGE('',*,*,#2585,.F.) ;
#2593=ORIENTED_EDGE('',*,*,#2590,.F.) ;
#2621=ORIENTED_EDGE('',*,*,#2607,.T.) ;
#2622=ORIENTED_EDGE('',*,*,#2564,.F.) ;
#2623=ORIENTED_EDGE('',*,*,#2614,.F.) ;
#2624=ORIENTED_EDGE('',*,*,#2619,.T.) ;
#2633=ORIENTED_EDGE('',*,*,#2614,.T.) ;
#2634=ORIENTED_EDGE('',*,*,#2542,.F.) ;
#2635=ORIENTED_EDGE('',*,*,#2607,.F.) ;
#2636=ORIENTED_EDGE('',*,*,#2631,.T.) ;
#2655=ORIENTED_EDGE('',*,*,#2648,.T.) ;
#2656=ORIENTED_EDGE('',*,*,#2590,.T.) ;
#2657=ORIENTED_EDGE('',*,*,#2653,.F.) ;
#2658=ORIENTED_EDGE('',*,*,#2631,.F.) ;
#2667=ORIENTED_EDGE('',*,*,#2653,.T.) ;
#2668=ORIENTED_EDGE('',*,*,#2585,.T.) ;
#2669=ORIENTED_EDGE('',*,*,#2648,.F.) ;
#2670=ORIENTED_EDGE('',*,*,#2619,.F.) ;
#2734=ORIENTED_EDGE('',*,*,#2713,.T.) ;
#2735=ORIENTED_EDGE('',*,*,#2720,.F.) ;
#2736=ORIENTED_EDGE('',*,*,#2727,.F.) ;
#2737=ORIENTED_EDGE('',*,*,#2732,.T.) ;
#2751=ORIENTED_EDGE('',*,*,#2727,.T.) ;
#2752=ORIENTED_EDGE('',*,*,#2744,.F.) ;
#2753=ORIENTED_EDGE('',*,*,#2713,.F.) ;
#2754=ORIENTED_EDGE('',*,*,#2749,.T.) ;
#2777=ORIENTED_EDGE('',*,*,#2770,.T.) ;
#2778=ORIENTED_EDGE('',*,*,#2775,.T.) ;
#2781=ORIENTED_EDGE('',*,*,#2732,.F.) ;
#2782=ORIENTED_EDGE('',*,*,#2749,.F.) ;
#2849=ORIENTED_EDGE('',*,*,#2796,.T.) ;
#2850=ORIENTED_EDGE('',*,*,#2770,.F.) ;
#2851=ORIENTED_EDGE('',*,*,#2803,.F.) ;
#2852=ORIENTED_EDGE('',*,*,#2810,.T.) ;
#2853=ORIENTED_EDGE('',*,*,#2817,.T.) ;
#2854=ORIENTED_EDGE('',*,*,#2833,.T.) ;
#2855=ORIENTED_EDGE('',*,*,#2847,.T.) ;
#2896=ORIENTED_EDGE('',*,*,#2877,.T.) ;
#2897=ORIENTED_EDGE('',*,*,#2894,.T.) ;
#2938=ORIENTED_EDGE('',*,*,#2919,.T.) ;
#2939=ORIENTED_EDGE('',*,*,#2936,.T.) ;
#2966=ORIENTED_EDGE('',*,*,#2817,.F.) ;
#2967=ORIENTED_EDGE('',*,*,#2946,.T.) ;
#2968=ORIENTED_EDGE('',*,*,#2803,.T.) ;
#2969=ORIENTED_EDGE('',*,*,#2775,.F.) ;
#2970=ORIENTED_EDGE('',*,*,#2796,.F.) ;
#2971=ORIENTED_EDGE('',*,*,#2956,.T.) ;
#2972=ORIENTED_EDGE('',*,*,#2964,.T.) ;
#3013=ORIENTED_EDGE('',*,*,#2994,.T.) ;
#3014=ORIENTED_EDGE('',*,*,#3011,.T.) ;
#3055=ORIENTED_EDGE('',*,*,#3036,.T.) ;
#3056=ORIENTED_EDGE('',*,*,#3053,.T.) ;
#3065=ORIENTED_EDGE('',*,*,#2946,.F.) ;
#3066=ORIENTED_EDGE('',*,*,#2810,.F.) ;
#3083=ORIENTED_EDGE('',*,*,#3076,.T.) ;
#3084=ORIENTED_EDGE('',*,*,#3081,.T.) ;
#3112=ORIENTED_EDGE('',*,*,#3098,.F.) ;
#3113=ORIENTED_EDGE('',*,*,#3105,.T.) ;
#3114=ORIENTED_EDGE('',*,*,#3110,.T.) ;
#3115=ORIENTED_EDGE('',*,*,#2833,.F.) ;
#3116=ORIENTED_EDGE('',*,*,#2964,.F.) ;
#3125=ORIENTED_EDGE('',*,*,#3110,.F.) ;
#3126=ORIENTED_EDGE('',*,*,#3123,.T.) ;
#3127=ORIENTED_EDGE('',*,*,#3098,.T.) ;
#3128=ORIENTED_EDGE('',*,*,#2956,.F.) ;
#3129=ORIENTED_EDGE('',*,*,#2847,.F.) ;
#3157=ORIENTED_EDGE('',*,*,#3143,.F.) ;
#3158=ORIENTED_EDGE('',*,*,#3150,.T.) ;
#3159=ORIENTED_EDGE('',*,*,#3155,.T.) ;
#3160=ORIENTED_EDGE('',*,*,#2877,.F.) ;
#3169=ORIENTED_EDGE('',*,*,#3155,.F.) ;
#3170=ORIENTED_EDGE('',*,*,#3167,.T.) ;
#3171=ORIENTED_EDGE('',*,*,#3143,.T.) ;
#3172=ORIENTED_EDGE('',*,*,#2894,.F.) ;
#3200=ORIENTED_EDGE('',*,*,#3186,.F.) ;
#3201=ORIENTED_EDGE('',*,*,#3193,.T.) ;
#3202=ORIENTED_EDGE('',*,*,#3198,.T.) ;
#3203=ORIENTED_EDGE('',*,*,#2919,.F.) ;
#3212=ORIENTED_EDGE('',*,*,#3198,.F.) ;
#3213=ORIENTED_EDGE('',*,*,#3210,.T.) ;
#3214=ORIENTED_EDGE('',*,*,#3186,.T.) ;
#3215=ORIENTED_EDGE('',*,*,#2936,.F.) ;
#3243=ORIENTED_EDGE('',*,*,#3229,.F.) ;
#3244=ORIENTED_EDGE('',*,*,#3236,.T.) ;
#3245=ORIENTED_EDGE('',*,*,#3241,.T.) ;
#3246=ORIENTED_EDGE('',*,*,#2994,.F.) ;
#3255=ORIENTED_EDGE('',*,*,#3241,.F.) ;
#3256=ORIENTED_EDGE('',*,*,#3253,.T.) ;
#3257=ORIENTED_EDGE('',*,*,#3229,.T.) ;
#3258=ORIENTED_EDGE('',*,*,#3011,.F.) ;
#3286=ORIENTED_EDGE('',*,*,#3272,.F.) ;
#3287=ORIENTED_EDGE('',*,*,#3279,.T.) ;
#3288=ORIENTED_EDGE('',*,*,#3284,.T.) ;
#3289=ORIENTED_EDGE('',*,*,#3036,.F.) ;
#3298=ORIENTED_EDGE('',*,*,#3284,.F.) ;
#3299=ORIENTED_EDGE('',*,*,#3296,.T.) ;
#3300=ORIENTED_EDGE('',*,*,#3272,.T.) ;
#3301=ORIENTED_EDGE('',*,*,#3053,.F.) ;
#3310=ORIENTED_EDGE('',*,*,#3105,.F.) ;
#3311=ORIENTED_EDGE('',*,*,#3123,.F.) ;
#3328=ORIENTED_EDGE('',*,*,#3321,.F.) ;
#3329=ORIENTED_EDGE('',*,*,#3326,.F.) ;
#3338=ORIENTED_EDGE('',*,*,#3167,.F.) ;
#3339=ORIENTED_EDGE('',*,*,#3150,.F.) ;
#3356=ORIENTED_EDGE('',*,*,#3349,.F.) ;
#3357=ORIENTED_EDGE('',*,*,#3354,.F.) ;
#3366=ORIENTED_EDGE('',*,*,#3210,.F.) ;
#3367=ORIENTED_EDGE('',*,*,#3193,.F.) ;
#3384=ORIENTED_EDGE('',*,*,#3377,.F.) ;
#3385=ORIENTED_EDGE('',*,*,#3382,.F.) ;
#3394=ORIENTED_EDGE('',*,*,#3236,.F.) ;
#3395=ORIENTED_EDGE('',*,*,#3253,.F.) ;
#3412=ORIENTED_EDGE('',*,*,#3405,.F.) ;
#3413=ORIENTED_EDGE('',*,*,#3410,.F.) ;
#3422=ORIENTED_EDGE('',*,*,#3296,.F.) ;
#3423=ORIENTED_EDGE('',*,*,#3279,.F.) ;
#3440=ORIENTED_EDGE('',*,*,#3433,.F.) ;
#3441=ORIENTED_EDGE('',*,*,#3438,.F.) ;
#3464=ORIENTED_EDGE('',*,*,#3457,.T.) ;
#3465=ORIENTED_EDGE('',*,*,#3462,.T.) ;
#3488=ORIENTED_EDGE('',*,*,#3481,.T.) ;
#3489=ORIENTED_EDGE('',*,*,#3486,.T.) ;
#3512=ORIENTED_EDGE('',*,*,#3505,.T.) ;
#3513=ORIENTED_EDGE('',*,*,#3510,.T.) ;
#3536=ORIENTED_EDGE('',*,*,#3529,.T.) ;
#3537=ORIENTED_EDGE('',*,*,#3534,.T.) ;
#3560=ORIENTED_EDGE('',*,*,#3553,.T.) ;
#3561=ORIENTED_EDGE('',*,*,#3558,.T.) ;
#3580=ORIENTED_EDGE('',*,*,#3573,.F.) ;
#3581=ORIENTED_EDGE('',*,*,#3433,.T.) ;
#3582=ORIENTED_EDGE('',*,*,#3578,.T.) ;
#3583=ORIENTED_EDGE('',*,*,#3462,.F.) ;
#3587=ORIENTED_EDGE('',*,*,#3578,.F.) ;
#3588=ORIENTED_EDGE('',*,*,#3438,.T.) ;
#3589=ORIENTED_EDGE('',*,*,#3573,.T.) ;
#3590=ORIENTED_EDGE('',*,*,#3457,.F.) ;
#3609=ORIENTED_EDGE('',*,*,#3602,.F.) ;
#3610=ORIENTED_EDGE('',*,*,#3405,.T.) ;
#3611=ORIENTED_EDGE('',*,*,#3607,.T.) ;
#3612=ORIENTED_EDGE('',*,*,#3486,.F.) ;
#3616=ORIENTED_EDGE('',*,*,#3607,.F.) ;
#3617=ORIENTED_EDGE('',*,*,#3410,.T.) ;
#3618=ORIENTED_EDGE('',*,*,#3602,.T.) ;
#3619=ORIENTED_EDGE('',*,*,#3481,.F.) ;
#3638=ORIENTED_EDGE('',*,*,#3631,.F.) ;
#3639=ORIENTED_EDGE('',*,*,#3377,.T.) ;
#3640=ORIENTED_EDGE('',*,*,#3636,.T.) ;
#3641=ORIENTED_EDGE('',*,*,#3510,.F.) ;
#3645=ORIENTED_EDGE('',*,*,#3636,.F.) ;
#3646=ORIENTED_EDGE('',*,*,#3382,.T.) ;
#3647=ORIENTED_EDGE('',*,*,#3631,.T.) ;
#3648=ORIENTED_EDGE('',*,*,#3505,.F.) ;
#3667=ORIENTED_EDGE('',*,*,#3660,.F.) ;
#3668=ORIENTED_EDGE('',*,*,#3349,.T.) ;
#3669=ORIENTED_EDGE('',*,*,#3665,.T.) ;
#3670=ORIENTED_EDGE('',*,*,#3534,.F.) ;
#3674=ORIENTED_EDGE('',*,*,#3665,.F.) ;
#3675=ORIENTED_EDGE('',*,*,#3354,.T.) ;
#3676=ORIENTED_EDGE('',*,*,#3660,.T.) ;
#3677=ORIENTED_EDGE('',*,*,#3529,.F.) ;
#3696=ORIENTED_EDGE('',*,*,#3689,.F.) ;
#3697=ORIENTED_EDGE('',*,*,#3321,.T.) ;
#3698=ORIENTED_EDGE('',*,*,#3694,.T.) ;
#3699=ORIENTED_EDGE('',*,*,#3558,.F.) ;
#3703=ORIENTED_EDGE('',*,*,#3694,.F.) ;
#3704=ORIENTED_EDGE('',*,*,#3326,.T.) ;
#3705=ORIENTED_EDGE('',*,*,#3689,.T.) ;
#3706=ORIENTED_EDGE('',*,*,#3553,.F.) ;
#3734=ORIENTED_EDGE('',*,*,#3720,.T.) ;
#3735=ORIENTED_EDGE('',*,*,#3081,.F.) ;
#3736=ORIENTED_EDGE('',*,*,#3727,.F.) ;
#3737=ORIENTED_EDGE('',*,*,#3732,.T.) ;
#3774=ORIENTED_EDGE('',*,*,#3753,.T.) ;
#3775=ORIENTED_EDGE('',*,*,#3760,.T.) ;
#3776=ORIENTED_EDGE('',*,*,#3767,.F.) ;
#3777=ORIENTED_EDGE('',*,*,#3772,.T.) ;
#3791=ORIENTED_EDGE('',*,*,#3767,.T.) ;
#3792=ORIENTED_EDGE('',*,*,#3784,.T.) ;
#3793=ORIENTED_EDGE('',*,*,#3753,.F.) ;
#3794=ORIENTED_EDGE('',*,*,#3789,.T.) ;
#3850=ORIENTED_EDGE('',*,*,#3810,.T.) ;
#3851=ORIENTED_EDGE('',*,*,#3817,.F.) ;
#3852=ORIENTED_EDGE('',*,*,#3824,.T.) ;
#3853=ORIENTED_EDGE('',*,*,#3831,.T.) ;
#3854=ORIENTED_EDGE('',*,*,#3838,.T.) ;
#3855=ORIENTED_EDGE('',*,*,#3843,.F.) ;
#3856=ORIENTED_EDGE('',*,*,#3732,.F.) ;
#3857=ORIENTED_EDGE('',*,*,#3848,.F.) ;
#3860=ORIENTED_EDGE('',*,*,#2720,.T.) ;
#3861=ORIENTED_EDGE('',*,*,#2744,.T.) ;
#3919=ORIENTED_EDGE('',*,*,#3848,.T.) ;
#3920=ORIENTED_EDGE('',*,*,#3727,.T.) ;
#3921=ORIENTED_EDGE('',*,*,#3076,.F.) ;
#3922=ORIENTED_EDGE('',*,*,#3720,.F.) ;
#3923=ORIENTED_EDGE('',*,*,#3843,.T.) ;
#3924=ORIENTED_EDGE('',*,*,#3870,.F.) ;
#3925=ORIENTED_EDGE('',*,*,#3879,.F.) ;
#3926=ORIENTED_EDGE('',*,*,#3887,.F.) ;
#3927=ORIENTED_EDGE('',*,*,#3895,.F.) ;
#3928=ORIENTED_EDGE('',*,*,#3903,.F.) ;
#3929=ORIENTED_EDGE('',*,*,#3912,.F.) ;
#3930=ORIENTED_EDGE('',*,*,#3917,.F.) ;
#3984=ORIENTED_EDGE('',*,*,#3946,.T.) ;
#3985=ORIENTED_EDGE('',*,*,#3953,.T.) ;
#3986=ORIENTED_EDGE('',*,*,#3960,.F.) ;
#3987=ORIENTED_EDGE('',*,*,#3967,.F.) ;
#3988=ORIENTED_EDGE('',*,*,#3974,.T.) ;
#3989=ORIENTED_EDGE('',*,*,#3982,.T.) ;
#4052=ORIENTED_EDGE('',*,*,#3912,.T.) ;
#4053=ORIENTED_EDGE('',*,*,#4037,.T.) ;
#4054=ORIENTED_EDGE('',*,*,#4043,.T.) ;
#4055=ORIENTED_EDGE('',*,*,#3974,.F.) ;
#4056=ORIENTED_EDGE('',*,*,#4050,.F.) ;
#4098=ORIENTED_EDGE('',*,*,#3903,.T.) ;
#4099=ORIENTED_EDGE('',*,*,#4096,.T.) ;
#4100=ORIENTED_EDGE('',*,*,#4043,.F.) ;
#4101=ORIENTED_EDGE('',*,*,#4037,.F.) ;
#4149=ORIENTED_EDGE('',*,*,#3895,.T.) ;
#4150=ORIENTED_EDGE('',*,*,#4147,.T.) ;
#4151=ORIENTED_EDGE('',*,*,#3982,.F.) ;
#4152=ORIENTED_EDGE('',*,*,#4096,.F.) ;
#4213=ORIENTED_EDGE('',*,*,#3887,.T.) ;
#4214=ORIENTED_EDGE('',*,*,#4200,.T.) ;
#4215=ORIENTED_EDGE('',*,*,#4211,.F.) ;
#4216=ORIENTED_EDGE('',*,*,#4147,.F.) ;
#4258=ORIENTED_EDGE('',*,*,#3879,.T.) ;
#4259=ORIENTED_EDGE('',*,*,#4256,.T.) ;
#4260=ORIENTED_EDGE('',*,*,#3946,.F.) ;
#4261=ORIENTED_EDGE('',*,*,#4211,.T.) ;
#4262=ORIENTED_EDGE('',*,*,#4200,.F.) ;
#4276=ORIENTED_EDGE('',*,*,#3838,.F.) ;
#4277=ORIENTED_EDGE('',*,*,#4274,.F.) ;
#4278=ORIENTED_EDGE('',*,*,#4256,.F.) ;
#4279=ORIENTED_EDGE('',*,*,#3870,.T.) ;
#4293=ORIENTED_EDGE('',*,*,#3810,.F.) ;
#4294=ORIENTED_EDGE('',*,*,#3917,.T.) ;
#4295=ORIENTED_EDGE('',*,*,#4050,.T.) ;
#4296=ORIENTED_EDGE('',*,*,#4291,.F.) ;
#4324=ORIENTED_EDGE('',*,*,#4310,.T.) ;
#4325=ORIENTED_EDGE('',*,*,#3953,.F.) ;
#4326=ORIENTED_EDGE('',*,*,#4274,.T.) ;
#4327=ORIENTED_EDGE('',*,*,#3831,.F.) ;
#4328=ORIENTED_EDGE('',*,*,#4317,.T.) ;
#4329=ORIENTED_EDGE('',*,*,#4322,.F.) ;
#4332=ORIENTED_EDGE('',*,*,#3784,.F.) ;
#4333=ORIENTED_EDGE('',*,*,#3760,.F.) ;
#4361=ORIENTED_EDGE('',*,*,#4347,.T.) ;
#4362=ORIENTED_EDGE('',*,*,#3817,.T.) ;
#4363=ORIENTED_EDGE('',*,*,#4291,.T.) ;
#4364=ORIENTED_EDGE('',*,*,#3967,.T.) ;
#4365=ORIENTED_EDGE('',*,*,#4354,.T.) ;
#4366=ORIENTED_EDGE('',*,*,#4359,.T.) ;
#4369=ORIENTED_EDGE('',*,*,#3789,.F.) ;
#4370=ORIENTED_EDGE('',*,*,#3772,.F.) ;
#4384=ORIENTED_EDGE('',*,*,#4354,.F.) ;
#4385=ORIENTED_EDGE('',*,*,#3960,.T.) ;
#4386=ORIENTED_EDGE('',*,*,#4310,.F.) ;
#4387=ORIENTED_EDGE('',*,*,#4382,.F.) ;
#4396=ORIENTED_EDGE('',*,*,#4317,.F.) ;
#4397=ORIENTED_EDGE('',*,*,#3824,.F.) ;
#4398=ORIENTED_EDGE('',*,*,#4347,.F.) ;
#4399=ORIENTED_EDGE('',*,*,#4394,.T.) ;
#4408=ORIENTED_EDGE('',*,*,#4382,.T.) ;
#4409=ORIENTED_EDGE('',*,*,#4322,.T.) ;
#4410=ORIENTED_EDGE('',*,*,#4394,.F.) ;
#4411=ORIENTED_EDGE('',*,*,#4359,.F.) ;
#4475=ORIENTED_EDGE('',*,*,#4454,.F.) ;
#4476=ORIENTED_EDGE('',*,*,#4461,.F.) ;
#4477=ORIENTED_EDGE('',*,*,#4468,.F.) ;
#4478=ORIENTED_EDGE('',*,*,#4473,.F.) ;
#4495=ORIENTED_EDGE('',*,*,#4488,.T.) ;
#4496=ORIENTED_EDGE('',*,*,#4493,.T.) ;
#4524=ORIENTED_EDGE('',*,*,#4512,.T.) ;
#4525=ORIENTED_EDGE('',*,*,#4517,.F.) ;
#4526=ORIENTED_EDGE('',*,*,#4493,.F.) ;
#4527=ORIENTED_EDGE('',*,*,#4522,.T.) ;
#4536=ORIENTED_EDGE('',*,*,#4534,.T.) ;
#4537=ORIENTED_EDGE('',*,*,#4522,.F.) ;
#4538=ORIENTED_EDGE('',*,*,#4488,.F.) ;
#4539=ORIENTED_EDGE('',*,*,#4517,.T.) ;
#4562=ORIENTED_EDGE('',*,*,#4555,.T.) ;
#4563=ORIENTED_EDGE('',*,*,#4560,.T.) ;
#4580=ORIENTED_EDGE('',*,*,#4573,.F.) ;
#4581=ORIENTED_EDGE('',*,*,#4578,.F.) ;
#4590=ORIENTED_EDGE('',*,*,#4512,.F.) ;
#4591=ORIENTED_EDGE('',*,*,#4534,.F.) ;
#4608=ORIENTED_EDGE('',*,*,#4601,.T.) ;
#4609=ORIENTED_EDGE('',*,*,#4606,.T.) ;
#4628=ORIENTED_EDGE('',*,*,#4601,.F.) ;
#4629=ORIENTED_EDGE('',*,*,#4621,.F.) ;
#4630=ORIENTED_EDGE('',*,*,#4578,.T.) ;
#4631=ORIENTED_EDGE('',*,*,#4626,.T.) ;
#4635=ORIENTED_EDGE('',*,*,#4606,.F.) ;
#4636=ORIENTED_EDGE('',*,*,#4626,.F.) ;
#4637=ORIENTED_EDGE('',*,*,#4573,.T.) ;
#4638=ORIENTED_EDGE('',*,*,#4621,.T.) ;
#4682=ORIENTED_EDGE('',*,*,#4654,.F.) ;
#4683=ORIENTED_EDGE('',*,*,#4661,.F.) ;
#4684=ORIENTED_EDGE('',*,*,#4668,.T.) ;
#4685=ORIENTED_EDGE('',*,*,#4675,.T.) ;
#4686=ORIENTED_EDGE('',*,*,#4680,.T.) ;
#4725=ORIENTED_EDGE('',*,*,#4697,.T.) ;
#4726=ORIENTED_EDGE('',*,*,#4704,.F.) ;
#4727=ORIENTED_EDGE('',*,*,#4711,.F.) ;
#4728=ORIENTED_EDGE('',*,*,#4718,.T.) ;
#4729=ORIENTED_EDGE('',*,*,#4723,.T.) ;
#4762=ORIENTED_EDGE('',*,*,#4738,.T.) ;
#4763=ORIENTED_EDGE('',*,*,#4680,.F.) ;
#4764=ORIENTED_EDGE('',*,*,#4743,.F.) ;
#4765=ORIENTED_EDGE('',*,*,#4560,.F.) ;
#4766=ORIENTED_EDGE('',*,*,#4748,.T.) ;
#4767=ORIENTED_EDGE('',*,*,#4718,.F.) ;
#4768=ORIENTED_EDGE('',*,*,#4755,.F.) ;
#4769=ORIENTED_EDGE('',*,*,#4760,.T.) ;
#4810=ORIENTED_EDGE('',*,*,#4791,.F.) ;
#4811=ORIENTED_EDGE('',*,*,#4808,.F.) ;
#4852=ORIENTED_EDGE('',*,*,#4833,.F.) ;
#4853=ORIENTED_EDGE('',*,*,#4850,.F.) ;
#4876=ORIENTED_EDGE('',*,*,#4862,.T.) ;
#4877=ORIENTED_EDGE('',*,*,#4723,.F.) ;
#4878=ORIENTED_EDGE('',*,*,#4748,.F.) ;
#4879=ORIENTED_EDGE('',*,*,#4555,.F.) ;
#4880=ORIENTED_EDGE('',*,*,#4743,.T.) ;
#4881=ORIENTED_EDGE('',*,*,#4675,.F.) ;
#4882=ORIENTED_EDGE('',*,*,#4869,.F.) ;
#4883=ORIENTED_EDGE('',*,*,#4874,.T.) ;
#4924=ORIENTED_EDGE('',*,*,#4905,.T.) ;
#4925=ORIENTED_EDGE('',*,*,#4922,.T.) ;
#4966=ORIENTED_EDGE('',*,*,#4947,.T.) ;
#4967=ORIENTED_EDGE('',*,*,#4964,.T.) ;
#4995=ORIENTED_EDGE('',*,*,#4981,.F.) ;
#4996=ORIENTED_EDGE('',*,*,#4468,.T.) ;
#4997=ORIENTED_EDGE('',*,*,#4988,.T.) ;
#4998=ORIENTED_EDGE('',*,*,#4993,.F.) ;
#5015=ORIENTED_EDGE('',*,*,#5008,.F.) ;
#5016=ORIENTED_EDGE('',*,*,#5013,.F.) ;
#5033=ORIENTED_EDGE('',*,*,#5026,.F.) ;
#5034=ORIENTED_EDGE('',*,*,#5031,.F.) ;
#5062=ORIENTED_EDGE('',*,*,#5048,.F.) ;
#5063=ORIENTED_EDGE('',*,*,#4454,.T.) ;
#5064=ORIENTED_EDGE('',*,*,#5055,.T.) ;
#5065=ORIENTED_EDGE('',*,*,#5060,.F.) ;
#5082=ORIENTED_EDGE('',*,*,#5075,.F.) ;
#5083=ORIENTED_EDGE('',*,*,#5080,.F.) ;
#5100=ORIENTED_EDGE('',*,*,#5093,.F.) ;
#5101=ORIENTED_EDGE('',*,*,#5098,.F.) ;
#5120=ORIENTED_EDGE('',*,*,#5113,.T.) ;
#5121=ORIENTED_EDGE('',*,*,#5013,.T.) ;
#5122=ORIENTED_EDGE('',*,*,#5118,.F.) ;
#5123=ORIENTED_EDGE('',*,*,#4808,.T.) ;
#5127=ORIENTED_EDGE('',*,*,#5118,.T.) ;
#5128=ORIENTED_EDGE('',*,*,#5008,.T.) ;
#5129=ORIENTED_EDGE('',*,*,#5113,.F.) ;
#5130=ORIENTED_EDGE('',*,*,#4791,.T.) ;
#5149=ORIENTED_EDGE('',*,*,#5142,.T.) ;
#5150=ORIENTED_EDGE('',*,*,#5031,.T.) ;
#5151=ORIENTED_EDGE('',*,*,#5147,.F.) ;
#5152=ORIENTED_EDGE('',*,*,#4850,.T.) ;
#5156=ORIENTED_EDGE('',*,*,#5147,.T.) ;
#5157=ORIENTED_EDGE('',*,*,#5026,.T.) ;
#5158=ORIENTED_EDGE('',*,*,#5142,.F.) ;
#5159=ORIENTED_EDGE('',*,*,#4833,.T.) ;
#5173=ORIENTED_EDGE('',*,*,#4947,.F.) ;
#5174=ORIENTED_EDGE('',*,*,#5166,.F.) ;
#5175=ORIENTED_EDGE('',*,*,#5093,.T.) ;
#5176=ORIENTED_EDGE('',*,*,#5171,.T.) ;
#5180=ORIENTED_EDGE('',*,*,#4964,.F.) ;
#5181=ORIENTED_EDGE('',*,*,#5171,.F.) ;
#5182=ORIENTED_EDGE('',*,*,#5098,.T.) ;
#5183=ORIENTED_EDGE('',*,*,#5166,.T.) ;
#5197=ORIENTED_EDGE('',*,*,#4905,.F.) ;
#5198=ORIENTED_EDGE('',*,*,#5190,.F.) ;
#5199=ORIENTED_EDGE('',*,*,#5075,.T.) ;
#5200=ORIENTED_EDGE('',*,*,#5195,.T.) ;
#5204=ORIENTED_EDGE('',*,*,#4922,.F.) ;
#5205=ORIENTED_EDGE('',*,*,#5195,.F.) ;
#5206=ORIENTED_EDGE('',*,*,#5080,.T.) ;
#5207=ORIENTED_EDGE('',*,*,#5190,.T.) ;
#5235=ORIENTED_EDGE('',*,*,#5223,.F.) ;
#5236=ORIENTED_EDGE('',*,*,#5228,.T.) ;
#5237=ORIENTED_EDGE('',*,*,#4697,.F.) ;
#5238=ORIENTED_EDGE('',*,*,#4862,.F.) ;
#5239=ORIENTED_EDGE('',*,*,#5233,.T.) ;
#5267=ORIENTED_EDGE('',*,*,#5255,.F.) ;
#5268=ORIENTED_EDGE('',*,*,#5260,.F.) ;
#5269=ORIENTED_EDGE('',*,*,#4755,.T.) ;
#5270=ORIENTED_EDGE('',*,*,#4711,.T.) ;
#5271=ORIENTED_EDGE('',*,*,#5265,.F.) ;
#5294=ORIENTED_EDGE('',*,*,#5282,.F.) ;
#5295=ORIENTED_EDGE('',*,*,#5287,.T.) ;
#5296=ORIENTED_EDGE('',*,*,#4654,.T.) ;
#5297=ORIENTED_EDGE('',*,*,#4738,.F.) ;
#5298=ORIENTED_EDGE('',*,*,#5292,.F.) ;
#5321=ORIENTED_EDGE('',*,*,#5309,.F.) ;
#5322=ORIENTED_EDGE('',*,*,#5314,.T.) ;
#5323=ORIENTED_EDGE('',*,*,#4869,.T.) ;
#5324=ORIENTED_EDGE('',*,*,#4668,.F.) ;
#5325=ORIENTED_EDGE('',*,*,#5319,.F.) ;
#5382=ORIENTED_EDGE('',*,*,#5351,.T.) ;
#5383=ORIENTED_EDGE('',*,*,#5265,.T.) ;
#5384=ORIENTED_EDGE('',*,*,#4704,.T.) ;
#5385=ORIENTED_EDGE('',*,*,#5228,.F.) ;
#5386=ORIENTED_EDGE('',*,*,#5370,.F.) ;
#5387=ORIENTED_EDGE('',*,*,#5375,.F.) ;
#5388=ORIENTED_EDGE('',*,*,#5055,.F.) ;
#5389=ORIENTED_EDGE('',*,*,#4473,.T.) ;
#5390=ORIENTED_EDGE('',*,*,#4981,.T.) ;
#5391=ORIENTED_EDGE('',*,*,#5380,.F.) ;
#5417=ORIENTED_EDGE('',*,*,#5405,.F.) ;
#5418=ORIENTED_EDGE('',*,*,#5292,.T.) ;
#5419=ORIENTED_EDGE('',*,*,#4760,.F.) ;
#5420=ORIENTED_EDGE('',*,*,#5260,.T.) ;
#5421=ORIENTED_EDGE('',*,*,#5410,.T.) ;
#5422=ORIENTED_EDGE('',*,*,#5380,.T.) ;
#5423=ORIENTED_EDGE('',*,*,#4993,.T.) ;
#5424=ORIENTED_EDGE('',*,*,#5415,.T.) ;
#5445=ORIENTED_EDGE('',*,*,#5433,.T.) ;
#5446=ORIENTED_EDGE('',*,*,#5060,.T.) ;
#5447=ORIENTED_EDGE('',*,*,#5375,.T.) ;
#5448=ORIENTED_EDGE('',*,*,#5438,.T.) ;
#5449=ORIENTED_EDGE('',*,*,#5233,.F.) ;
#5450=ORIENTED_EDGE('',*,*,#4874,.F.) ;
#5451=ORIENTED_EDGE('',*,*,#5314,.F.) ;
#5452=ORIENTED_EDGE('',*,*,#5443,.F.) ;
#5495=ORIENTED_EDGE('',*,*,#5476,.T.) ;
#5496=ORIENTED_EDGE('',*,*,#5319,.T.) ;
#5497=ORIENTED_EDGE('',*,*,#4661,.T.) ;
#5498=ORIENTED_EDGE('',*,*,#5287,.F.) ;
#5499=ORIENTED_EDGE('',*,*,#5493,.F.) ;
#5500=ORIENTED_EDGE('',*,*,#5415,.F.) ;
#5501=ORIENTED_EDGE('',*,*,#4988,.F.) ;
#5502=ORIENTED_EDGE('',*,*,#4461,.T.) ;
#5503=ORIENTED_EDGE('',*,*,#5048,.T.) ;
#5504=ORIENTED_EDGE('',*,*,#5433,.F.) ;
#5513=ORIENTED_EDGE('',*,*,#5476,.F.) ;
#5514=ORIENTED_EDGE('',*,*,#5443,.T.) ;
#5515=ORIENTED_EDGE('',*,*,#5309,.T.) ;
#5524=ORIENTED_EDGE('',*,*,#5223,.T.) ;
#5525=ORIENTED_EDGE('',*,*,#5438,.F.) ;
#5526=ORIENTED_EDGE('',*,*,#5370,.T.) ;
#5530=ORIENTED_EDGE('',*,*,#5405,.T.) ;
#5531=ORIENTED_EDGE('',*,*,#5493,.T.) ;
#5532=ORIENTED_EDGE('',*,*,#5282,.T.) ;
#5536=ORIENTED_EDGE('',*,*,#5255,.T.) ;
#5537=ORIENTED_EDGE('',*,*,#5351,.F.) ;
#5538=ORIENTED_EDGE('',*,*,#5410,.F.) ;
#5654=ORIENTED_EDGE('',*,*,#5633,.F.) ;
#5655=ORIENTED_EDGE('',*,*,#5640,.T.) ;
#5656=ORIENTED_EDGE('',*,*,#5647,.T.) ;
#5657=ORIENTED_EDGE('',*,*,#5652,.F.) ;
#5685=ORIENTED_EDGE('',*,*,#5647,.F.) ;
#5686=ORIENTED_EDGE('',*,*,#5671,.T.) ;
#5687=ORIENTED_EDGE('',*,*,#5678,.T.) ;
#5688=ORIENTED_EDGE('',*,*,#5683,.F.) ;
#5716=ORIENTED_EDGE('',*,*,#5678,.F.) ;
#5717=ORIENTED_EDGE('',*,*,#5702,.T.) ;
#5718=ORIENTED_EDGE('',*,*,#5709,.T.) ;
#5719=ORIENTED_EDGE('',*,*,#5714,.F.) ;
#5738=ORIENTED_EDGE('',*,*,#5709,.F.) ;
#5739=ORIENTED_EDGE('',*,*,#5731,.T.) ;
#5740=ORIENTED_EDGE('',*,*,#5633,.T.) ;
#5741=ORIENTED_EDGE('',*,*,#5736,.F.) ;
#5778=ORIENTED_EDGE('',*,*,#5757,.T.) ;
#5779=ORIENTED_EDGE('',*,*,#5764,.F.) ;
#5780=ORIENTED_EDGE('',*,*,#5771,.F.) ;
#5781=ORIENTED_EDGE('',*,*,#5776,.T.) ;
#5795=ORIENTED_EDGE('',*,*,#5788,.T.) ;
#5796=ORIENTED_EDGE('',*,*,#5776,.F.) ;
#5797=ORIENTED_EDGE('',*,*,#5793,.F.) ;
#5798=ORIENTED_EDGE('',*,*,#5764,.T.) ;
#5807=ORIENTED_EDGE('',*,*,#5731,.F.) ;
#5808=ORIENTED_EDGE('',*,*,#5702,.F.) ;
#5809=ORIENTED_EDGE('',*,*,#5671,.F.) ;
#5810=ORIENTED_EDGE('',*,*,#5640,.F.) ;
#5813=ORIENTED_EDGE('',*,*,#5793,.T.) ;
#5814=ORIENTED_EDGE('',*,*,#5771,.T.) ;
#5823=ORIENTED_EDGE('',*,*,#5652,.T.) ;
#5824=ORIENTED_EDGE('',*,*,#5683,.T.) ;
#5825=ORIENTED_EDGE('',*,*,#5714,.T.) ;
#5826=ORIENTED_EDGE('',*,*,#5736,.T.) ;
#5829=ORIENTED_EDGE('',*,*,#5757,.F.) ;
#5830=ORIENTED_EDGE('',*,*,#5788,.F.) ;
#5946=ORIENTED_EDGE('',*,*,#5925,.T.) ;
#5947=ORIENTED_EDGE('',*,*,#5932,.F.) ;
#5948=ORIENTED_EDGE('',*,*,#5939,.F.) ;
#5949=ORIENTED_EDGE('',*,*,#5944,.T.) ;
#5977=ORIENTED_EDGE('',*,*,#5963,.T.) ;
#5978=ORIENTED_EDGE('',*,*,#5970,.F.) ;
#5979=ORIENTED_EDGE('',*,*,#5975,.F.) ;
#5980=ORIENTED_EDGE('',*,*,#5932,.T.) ;
#5999=ORIENTED_EDGE('',*,*,#5992,.T.) ;
#6000=ORIENTED_EDGE('',*,*,#5944,.F.) ;
#6001=ORIENTED_EDGE('',*,*,#5997,.F.) ;
#6002=ORIENTED_EDGE('',*,*,#5970,.T.) ;
#6011=ORIENTED_EDGE('',*,*,#5939,.T.) ;
#6012=ORIENTED_EDGE('',*,*,#5975,.T.) ;
#6013=ORIENTED_EDGE('',*,*,#5997,.T.) ;
#6022=ORIENTED_EDGE('',*,*,#5992,.F.) ;
#6023=ORIENTED_EDGE('',*,*,#5963,.F.) ;
#6024=ORIENTED_EDGE('',*,*,#5925,.F.) ;
#6205=ORIENTED_EDGE('',*,*,#6184,.F.) ;
#6206=ORIENTED_EDGE('',*,*,#6191,.T.) ;
#6207=ORIENTED_EDGE('',*,*,#6198,.T.) ;
#6208=ORIENTED_EDGE('',*,*,#6203,.F.) ;
#6222=ORIENTED_EDGE('',*,*,#6215,.F.) ;
#6223=ORIENTED_EDGE('',*,*,#6203,.T.) ;
#6224=ORIENTED_EDGE('',*,*,#6220,.T.) ;
#6225=ORIENTED_EDGE('',*,*,#6191,.F.) ;
#6234=ORIENTED_EDGE('',*,*,#6198,.F.) ;
#6235=ORIENTED_EDGE('',*,*,#6220,.F.) ;
#6280=ORIENTED_EDGE('',*,*,#6245,.F.) ;
#6281=ORIENTED_EDGE('',*,*,#6252,.F.) ;
#6282=ORIENTED_EDGE('',*,*,#6259,.F.) ;
#6283=ORIENTED_EDGE('',*,*,#6266,.F.) ;
#6284=ORIENTED_EDGE('',*,*,#6273,.F.) ;
#6285=ORIENTED_EDGE('',*,*,#6278,.F.) ;
#6313=ORIENTED_EDGE('',*,*,#6299,.F.) ;
#6314=ORIENTED_EDGE('',*,*,#6273,.T.) ;
#6315=ORIENTED_EDGE('',*,*,#6306,.T.) ;
#6316=ORIENTED_EDGE('',*,*,#6311,.F.) ;
#6337=ORIENTED_EDGE('',*,*,#6330,.F.) ;
#6338=ORIENTED_EDGE('',*,*,#6278,.T.) ;
#6339=ORIENTED_EDGE('',*,*,#6299,.T.) ;
#6340=ORIENTED_EDGE('',*,*,#6335,.F.) ;
#6361=ORIENTED_EDGE('',*,*,#6306,.F.) ;
#6362=ORIENTED_EDGE('',*,*,#6266,.T.) ;
#6363=ORIENTED_EDGE('',*,*,#6354,.T.) ;
#6364=ORIENTED_EDGE('',*,*,#6359,.F.) ;
#6392=ORIENTED_EDGE('',*,*,#6311,.T.) ;
#6393=ORIENTED_EDGE('',*,*,#6359,.T.) ;
#6394=ORIENTED_EDGE('',*,*,#6378,.T.) ;
#6395=ORIENTED_EDGE('',*,*,#6385,.T.) ;
#6396=ORIENTED_EDGE('',*,*,#6390,.T.) ;
#6397=ORIENTED_EDGE('',*,*,#6335,.T.) ;
#6411=ORIENTED_EDGE('',*,*,#6409,.F.) ;
#6412=ORIENTED_EDGE('',*,*,#6245,.T.) ;
#6413=ORIENTED_EDGE('',*,*,#6330,.T.) ;
#6414=ORIENTED_EDGE('',*,*,#6390,.F.) ;
#6428=ORIENTED_EDGE('',*,*,#6354,.F.) ;
#6429=ORIENTED_EDGE('',*,*,#6259,.T.) ;
#6430=ORIENTED_EDGE('',*,*,#6426,.T.) ;
#6431=ORIENTED_EDGE('',*,*,#6378,.F.) ;
#6440=ORIENTED_EDGE('',*,*,#6426,.F.) ;
#6441=ORIENTED_EDGE('',*,*,#6252,.T.) ;
#6442=ORIENTED_EDGE('',*,*,#6409,.T.) ;
#6443=ORIENTED_EDGE('',*,*,#6385,.F.) ;
#6471=ORIENTED_EDGE('',*,*,#6457,.T.) ;
#6472=ORIENTED_EDGE('',*,*,#6184,.T.) ;
#6473=ORIENTED_EDGE('',*,*,#6464,.F.) ;
#6474=ORIENTED_EDGE('',*,*,#6469,.F.) ;
#6483=ORIENTED_EDGE('',*,*,#6464,.T.) ;
#6484=ORIENTED_EDGE('',*,*,#6215,.T.) ;
#6485=ORIENTED_EDGE('',*,*,#6457,.F.) ;
#6486=ORIENTED_EDGE('',*,*,#6481,.F.) ;
#6509=ORIENTED_EDGE('',*,*,#6502,.T.) ;
#6510=ORIENTED_EDGE('',*,*,#6507,.T.) ;
#6529=ORIENTED_EDGE('',*,*,#6522,.T.) ;
#6530=ORIENTED_EDGE('',*,*,#6481,.T.) ;
#6531=ORIENTED_EDGE('',*,*,#6527,.F.) ;
#6532=ORIENTED_EDGE('',*,*,#6502,.F.) ;
#6541=ORIENTED_EDGE('',*,*,#6527,.T.) ;
#6542=ORIENTED_EDGE('',*,*,#6469,.T.) ;
#6543=ORIENTED_EDGE('',*,*,#6522,.F.) ;
#6544=ORIENTED_EDGE('',*,*,#6507,.F.) ;
#6635=ORIENTED_EDGE('',*,*,#6600,.F.) ;
#6636=ORIENTED_EDGE('',*,*,#6607,.T.) ;
#6637=ORIENTED_EDGE('',*,*,#6614,.T.) ;
#6638=ORIENTED_EDGE('',*,*,#6621,.F.) ;
#6639=ORIENTED_EDGE('',*,*,#6628,.F.) ;
#6640=ORIENTED_EDGE('',*,*,#6633,.F.) ;
#6668=ORIENTED_EDGE('',*,*,#6614,.F.) ;
#6669=ORIENTED_EDGE('',*,*,#6647,.T.) ;
#6670=ORIENTED_EDGE('',*,*,#6600,.T.) ;
#6671=ORIENTED_EDGE('',*,*,#6654,.F.) ;
#6672=ORIENTED_EDGE('',*,*,#6661,.F.) ;
#6673=ORIENTED_EDGE('',*,*,#6666,.F.) ;
#6682=ORIENTED_EDGE('',*,*,#6647,.F.) ;
#6683=ORIENTED_EDGE('',*,*,#6607,.F.) ;
#6700=ORIENTED_EDGE('',*,*,#6693,.T.) ;
#6701=ORIENTED_EDGE('',*,*,#6698,.T.) ;
#6715=ORIENTED_EDGE('',*,*,#6628,.T.) ;
#6716=ORIENTED_EDGE('',*,*,#6713,.F.) ;
#6725=ORIENTED_EDGE('',*,*,#6661,.T.) ;
#6726=ORIENTED_EDGE('',*,*,#6723,.T.) ;
#6754=ORIENTED_EDGE('',*,*,#6742,.T.) ;
#6755=ORIENTED_EDGE('',*,*,#6747,.F.) ;
#6756=ORIENTED_EDGE('',*,*,#6698,.F.) ;
#6757=ORIENTED_EDGE('',*,*,#6752,.T.) ;
#6766=ORIENTED_EDGE('',*,*,#6764,.T.) ;
#6767=ORIENTED_EDGE('',*,*,#6752,.F.) ;
#6768=ORIENTED_EDGE('',*,*,#6693,.F.) ;
#6769=ORIENTED_EDGE('',*,*,#6747,.T.) ;
#6778=ORIENTED_EDGE('',*,*,#6742,.F.) ;
#6779=ORIENTED_EDGE('',*,*,#6764,.F.) ;
#6807=ORIENTED_EDGE('',*,*,#6793,.F.) ;
#6808=ORIENTED_EDGE('',*,*,#6800,.F.) ;
#6809=ORIENTED_EDGE('',*,*,#6805,.F.) ;
#6810=ORIENTED_EDGE('',*,*,#6723,.F.) ;
#6841=ORIENTED_EDGE('',*,*,#6820,.T.) ;
#6842=ORIENTED_EDGE('',*,*,#6827,.T.) ;
#6843=ORIENTED_EDGE('',*,*,#6834,.T.) ;
#6844=ORIENTED_EDGE('',*,*,#6839,.T.) ;
#6872=ORIENTED_EDGE('',*,*,#6865,.F.) ;
#6873=ORIENTED_EDGE('',*,*,#6870,.T.) ;
#6874=ORIENTED_EDGE('',*,*,#6666,.T.) ;
#6902=ORIENTED_EDGE('',*,*,#6895,.F.) ;
#6903=ORIENTED_EDGE('',*,*,#6654,.T.) ;
#6904=ORIENTED_EDGE('',*,*,#6900,.F.) ;
#6932=ORIENTED_EDGE('',*,*,#6918,.T.) ;
#6933=ORIENTED_EDGE('',*,*,#6800,.T.) ;
#6934=ORIENTED_EDGE('',*,*,#6925,.F.) ;
#6935=ORIENTED_EDGE('',*,*,#6930,.F.) ;
#6949=ORIENTED_EDGE('',*,*,#6947,.F.) ;
#6950=ORIENTED_EDGE('',*,*,#6925,.T.) ;
#6951=ORIENTED_EDGE('',*,*,#6793,.T.) ;
#6952=ORIENTED_EDGE('',*,*,#6895,.T.) ;
#6966=ORIENTED_EDGE('',*,*,#6805,.T.) ;
#6967=ORIENTED_EDGE('',*,*,#6918,.F.) ;
#6968=ORIENTED_EDGE('',*,*,#6964,.F.) ;
#6969=ORIENTED_EDGE('',*,*,#6865,.T.) ;
#6997=ORIENTED_EDGE('',*,*,#6713,.T.) ;
#6998=ORIENTED_EDGE('',*,*,#6983,.T.) ;
#6999=ORIENTED_EDGE('',*,*,#6990,.T.) ;
#7000=ORIENTED_EDGE('',*,*,#6995,.T.) ;
#7031=ORIENTED_EDGE('',*,*,#7010,.F.) ;
#7032=ORIENTED_EDGE('',*,*,#7017,.F.) ;
#7033=ORIENTED_EDGE('',*,*,#7024,.F.) ;
#7034=ORIENTED_EDGE('',*,*,#7029,.F.) ;
#7062=ORIENTED_EDGE('',*,*,#7055,.F.) ;
#7063=ORIENTED_EDGE('',*,*,#6621,.T.) ;
#7064=ORIENTED_EDGE('',*,*,#7060,.T.) ;
#7092=ORIENTED_EDGE('',*,*,#7085,.F.) ;
#7093=ORIENTED_EDGE('',*,*,#7090,.F.) ;
#7094=ORIENTED_EDGE('',*,*,#6633,.T.) ;
#7122=ORIENTED_EDGE('',*,*,#7108,.F.) ;
#7123=ORIENTED_EDGE('',*,*,#6930,.T.) ;
#7124=ORIENTED_EDGE('',*,*,#7115,.T.) ;
#7125=ORIENTED_EDGE('',*,*,#7120,.F.) ;
#7139=ORIENTED_EDGE('',*,*,#7060,.F.) ;
#7140=ORIENTED_EDGE('',*,*,#6870,.F.) ;
#7141=ORIENTED_EDGE('',*,*,#6964,.T.) ;
#7142=ORIENTED_EDGE('',*,*,#7108,.T.) ;
#7143=ORIENTED_EDGE('',*,*,#7137,.F.) ;
#7157=ORIENTED_EDGE('',*,*,#7155,.F.) ;
#7158=ORIENTED_EDGE('',*,*,#7115,.F.) ;
#7159=ORIENTED_EDGE('',*,*,#6947,.T.) ;
#7160=ORIENTED_EDGE('',*,*,#6900,.T.) ;
#7161=ORIENTED_EDGE('',*,*,#7090,.T.) ;
#7180=ORIENTED_EDGE('',*,*,#7173,.T.) ;
#7181=ORIENTED_EDGE('',*,*,#7120,.T.) ;
#7182=ORIENTED_EDGE('',*,*,#7178,.F.) ;
#7183=ORIENTED_EDGE('',*,*,#6990,.F.) ;
#7192=ORIENTED_EDGE('',*,*,#6995,.F.) ;
#7193=ORIENTED_EDGE('',*,*,#7178,.T.) ;
#7194=ORIENTED_EDGE('',*,*,#7155,.T.) ;
#7195=ORIENTED_EDGE('',*,*,#7085,.T.) ;
#7204=ORIENTED_EDGE('',*,*,#7137,.T.) ;
#7205=ORIENTED_EDGE('',*,*,#7173,.F.) ;
#7206=ORIENTED_EDGE('',*,*,#6983,.F.) ;
#7207=ORIENTED_EDGE('',*,*,#7055,.T.) ;
#7226=ORIENTED_EDGE('',*,*,#7219,.F.) ;
#7227=ORIENTED_EDGE('',*,*,#6834,.F.) ;
#7228=ORIENTED_EDGE('',*,*,#6827,.F.) ;
#7229=ORIENTED_EDGE('',*,*,#7224,.T.) ;
#7230=ORIENTED_EDGE('',*,*,#7024,.T.) ;
#7231=ORIENTED_EDGE('',*,*,#7017,.T.) ;
#7235=ORIENTED_EDGE('',*,*,#7224,.F.) ;
#7236=ORIENTED_EDGE('',*,*,#6820,.F.) ;
#7237=ORIENTED_EDGE('',*,*,#6839,.F.) ;
#7238=ORIENTED_EDGE('',*,*,#7219,.T.) ;
#7239=ORIENTED_EDGE('',*,*,#7010,.T.) ;
#7240=ORIENTED_EDGE('',*,*,#7029,.T.) ;
#7473=ORIENTED_EDGE('',*,*,#7452,.F.) ;
#7474=ORIENTED_EDGE('',*,*,#7459,.T.) ;
#7475=ORIENTED_EDGE('',*,*,#7466,.T.) ;
#7476=ORIENTED_EDGE('',*,*,#7471,.F.) ;
#7490=ORIENTED_EDGE('',*,*,#7466,.F.) ;
#7491=ORIENTED_EDGE('',*,*,#7483,.T.) ;
#7492=ORIENTED_EDGE('',*,*,#7452,.T.) ;
#7493=ORIENTED_EDGE('',*,*,#7488,.F.) ;
#7502=ORIENTED_EDGE('',*,*,#7483,.F.) ;
#7503=ORIENTED_EDGE('',*,*,#7459,.F.) ;
#7512=ORIENTED_EDGE('',*,*,#7471,.T.) ;
#7513=ORIENTED_EDGE('',*,*,#7488,.T.) ;
#7629=ORIENTED_EDGE('',*,*,#7608,.F.) ;
#7630=ORIENTED_EDGE('',*,*,#7615,.T.) ;
#7631=ORIENTED_EDGE('',*,*,#7622,.T.) ;
#7632=ORIENTED_EDGE('',*,*,#7627,.F.) ;
#7660=ORIENTED_EDGE('',*,*,#7622,.F.) ;
#7661=ORIENTED_EDGE('',*,*,#7646,.T.) ;
#7662=ORIENTED_EDGE('',*,*,#7653,.T.) ;
#7663=ORIENTED_EDGE('',*,*,#7658,.F.) ;
#7691=ORIENTED_EDGE('',*,*,#7653,.F.) ;
#7692=ORIENTED_EDGE('',*,*,#7677,.T.) ;
#7693=ORIENTED_EDGE('',*,*,#7684,.T.) ;
#7694=ORIENTED_EDGE('',*,*,#7689,.F.) ;
#7713=ORIENTED_EDGE('',*,*,#7684,.F.) ;
#7714=ORIENTED_EDGE('',*,*,#7706,.T.) ;
#7715=ORIENTED_EDGE('',*,*,#7608,.T.) ;
#7716=ORIENTED_EDGE('',*,*,#7711,.F.) ;
#7753=ORIENTED_EDGE('',*,*,#7732,.T.) ;
#7754=ORIENTED_EDGE('',*,*,#7739,.F.) ;
#7755=ORIENTED_EDGE('',*,*,#7746,.F.) ;
#7756=ORIENTED_EDGE('',*,*,#7751,.T.) ;
#7770=ORIENTED_EDGE('',*,*,#7763,.T.) ;
#7771=ORIENTED_EDGE('',*,*,#7751,.F.) ;
#7772=ORIENTED_EDGE('',*,*,#7768,.F.) ;
#7773=ORIENTED_EDGE('',*,*,#7739,.T.) ;
#7810=ORIENTED_EDGE('',*,*,#7789,.T.) ;
#7811=ORIENTED_EDGE('',*,*,#7796,.F.) ;
#7812=ORIENTED_EDGE('',*,*,#7803,.F.) ;
#7813=ORIENTED_EDGE('',*,*,#7808,.T.) ;
#7827=ORIENTED_EDGE('',*,*,#7820,.T.) ;
#7828=ORIENTED_EDGE('',*,*,#7808,.F.) ;
#7829=ORIENTED_EDGE('',*,*,#7825,.F.) ;
#7830=ORIENTED_EDGE('',*,*,#7796,.T.) ;
#7839=ORIENTED_EDGE('',*,*,#7706,.F.) ;
#7840=ORIENTED_EDGE('',*,*,#7677,.F.) ;
#7841=ORIENTED_EDGE('',*,*,#7646,.F.) ;
#7842=ORIENTED_EDGE('',*,*,#7615,.F.) ;
#7845=ORIENTED_EDGE('',*,*,#7768,.T.) ;
#7846=ORIENTED_EDGE('',*,*,#7746,.T.) ;
#7849=ORIENTED_EDGE('',*,*,#7825,.T.) ;
#7850=ORIENTED_EDGE('',*,*,#7803,.T.) ;
#7859=ORIENTED_EDGE('',*,*,#7627,.T.) ;
#7860=ORIENTED_EDGE('',*,*,#7658,.T.) ;
#7861=ORIENTED_EDGE('',*,*,#7689,.T.) ;
#7862=ORIENTED_EDGE('',*,*,#7711,.T.) ;
#7865=ORIENTED_EDGE('',*,*,#7732,.F.) ;
#7866=ORIENTED_EDGE('',*,*,#7763,.F.) ;
#7869=ORIENTED_EDGE('',*,*,#7789,.F.) ;
#7870=ORIENTED_EDGE('',*,*,#7820,.F.) ;
#7947=ORIENTED_EDGE('',*,*,#7926,.F.) ;
#7948=ORIENTED_EDGE('',*,*,#7933,.T.) ;
#7949=ORIENTED_EDGE('',*,*,#7940,.T.) ;
#7950=ORIENTED_EDGE('',*,*,#7945,.F.) ;
#7992=ORIENTED_EDGE('',*,*,#7966,.T.) ;
#7993=ORIENTED_EDGE('',*,*,#7973,.T.) ;
#7994=ORIENTED_EDGE('',*,*,#7978,.T.) ;
#7995=ORIENTED_EDGE('',*,*,#7945,.T.) ;
#7996=ORIENTED_EDGE('',*,*,#7985,.T.) ;
#7997=ORIENTED_EDGE('',*,*,#7990,.T.) ;
#8014=ORIENTED_EDGE('',*,*,#8007,.F.) ;
#8015=ORIENTED_EDGE('',*,*,#8012,.F.) ;
#8036=ORIENTED_EDGE('',*,*,#7940,.F.) ;
#8037=ORIENTED_EDGE('',*,*,#8029,.T.) ;
#8038=ORIENTED_EDGE('',*,*,#8034,.T.) ;
#8039=ORIENTED_EDGE('',*,*,#7985,.F.) ;
#8074=ORIENTED_EDGE('',*,*,#8053,.F.) ;
#8075=ORIENTED_EDGE('',*,*,#8029,.F.) ;
#8076=ORIENTED_EDGE('',*,*,#7933,.F.) ;
#8077=ORIENTED_EDGE('',*,*,#8060,.F.) ;
#8078=ORIENTED_EDGE('',*,*,#8067,.F.) ;
#8079=ORIENTED_EDGE('',*,*,#8072,.F.) ;
#8096=ORIENTED_EDGE('',*,*,#8089,.T.) ;
#8097=ORIENTED_EDGE('',*,*,#8094,.T.) ;
#8118=ORIENTED_EDGE('',*,*,#8111,.T.) ;
#8119=ORIENTED_EDGE('',*,*,#8116,.T.) ;
#8120=ORIENTED_EDGE('',*,*,#8060,.T.) ;
#8121=ORIENTED_EDGE('',*,*,#7926,.T.) ;
#8122=ORIENTED_EDGE('',*,*,#7978,.F.) ;
#8143=ORIENTED_EDGE('',*,*,#8131,.T.) ;
#8144=ORIENTED_EDGE('',*,*,#8136,.T.) ;
#8145=ORIENTED_EDGE('',*,*,#7966,.F.) ;
#8146=ORIENTED_EDGE('',*,*,#8141,.F.) ;
#8147=ORIENTED_EDGE('',*,*,#8072,.T.) ;
#8156=ORIENTED_EDGE('',*,*,#8034,.F.) ;
#8157=ORIENTED_EDGE('',*,*,#8053,.T.) ;
#8158=ORIENTED_EDGE('',*,*,#8141,.T.) ;
#8159=ORIENTED_EDGE('',*,*,#7990,.F.) ;
#8178=ORIENTED_EDGE('',*,*,#8007,.T.) ;
#8179=ORIENTED_EDGE('',*,*,#8171,.F.) ;
#8180=ORIENTED_EDGE('',*,*,#8094,.F.) ;
#8181=ORIENTED_EDGE('',*,*,#8176,.T.) ;
#8185=ORIENTED_EDGE('',*,*,#8012,.T.) ;
#8186=ORIENTED_EDGE('',*,*,#8176,.F.) ;
#8187=ORIENTED_EDGE('',*,*,#8089,.F.) ;
#8188=ORIENTED_EDGE('',*,*,#8171,.T.) ;
#8197=ORIENTED_EDGE('',*,*,#8195,.T.) ;
#8198=ORIENTED_EDGE('',*,*,#7973,.F.) ;
#8207=ORIENTED_EDGE('',*,*,#8205,.T.) ;
#8208=ORIENTED_EDGE('',*,*,#8067,.T.) ;
#8236=ORIENTED_EDGE('',*,*,#8222,.T.) ;
#8237=ORIENTED_EDGE('',*,*,#8111,.F.) ;
#8238=ORIENTED_EDGE('',*,*,#8195,.F.) ;
#8239=ORIENTED_EDGE('',*,*,#8136,.F.) ;
#8240=ORIENTED_EDGE('',*,*,#8229,.F.) ;
#8241=ORIENTED_EDGE('',*,*,#8234,.T.) ;
#8250=ORIENTED_EDGE('',*,*,#8229,.T.) ;
#8251=ORIENTED_EDGE('',*,*,#8131,.F.) ;
#8252=ORIENTED_EDGE('',*,*,#8205,.F.) ;
#8253=ORIENTED_EDGE('',*,*,#8116,.F.) ;
#8254=ORIENTED_EDGE('',*,*,#8222,.F.) ;
#8255=ORIENTED_EDGE('',*,*,#8248,.T.) ;
#8278=ORIENTED_EDGE('',*,*,#8271,.F.) ;
#8279=ORIENTED_EDGE('',*,*,#8276,.F.) ;
#8298=ORIENTED_EDGE('',*,*,#8291,.T.) ;
#8299=ORIENTED_EDGE('',*,*,#8276,.T.) ;
#8300=ORIENTED_EDGE('',*,*,#8296,.F.) ;
#8301=ORIENTED_EDGE('',*,*,#8234,.F.) ;
#8310=ORIENTED_EDGE('',*,*,#8296,.T.) ;
#8311=ORIENTED_EDGE('',*,*,#8271,.T.) ;
#8312=ORIENTED_EDGE('',*,*,#8291,.F.) ;
#8313=ORIENTED_EDGE('',*,*,#8248,.F.) ;
#8442=ORIENTED_EDGE('',*,*,#8421,.T.) ;
#8443=ORIENTED_EDGE('',*,*,#8428,.F.) ;
#8444=ORIENTED_EDGE('',*,*,#8435,.F.) ;
#8445=ORIENTED_EDGE('',*,*,#8440,.T.) ;
#8459=ORIENTED_EDGE('',*,*,#8435,.T.) ;
#8460=ORIENTED_EDGE('',*,*,#8452,.F.) ;
#8461=ORIENTED_EDGE('',*,*,#8421,.F.) ;
#8462=ORIENTED_EDGE('',*,*,#8457,.T.) ;
#8499=ORIENTED_EDGE('',*,*,#8478,.T.) ;
#8500=ORIENTED_EDGE('',*,*,#8485,.F.) ;
#8501=ORIENTED_EDGE('',*,*,#8492,.F.) ;
#8502=ORIENTED_EDGE('',*,*,#8497,.T.) ;
#8516=ORIENTED_EDGE('',*,*,#8492,.T.) ;
#8517=ORIENTED_EDGE('',*,*,#8509,.F.) ;
#8518=ORIENTED_EDGE('',*,*,#8478,.F.) ;
#8519=ORIENTED_EDGE('',*,*,#8514,.T.) ;
#8556=ORIENTED_EDGE('',*,*,#8535,.T.) ;
#8557=ORIENTED_EDGE('',*,*,#8542,.F.) ;
#8558=ORIENTED_EDGE('',*,*,#8549,.F.) ;
#8559=ORIENTED_EDGE('',*,*,#8554,.T.) ;
#8573=ORIENTED_EDGE('',*,*,#8549,.T.) ;
#8574=ORIENTED_EDGE('',*,*,#8566,.F.) ;
#8575=ORIENTED_EDGE('',*,*,#8535,.F.) ;
#8576=ORIENTED_EDGE('',*,*,#8571,.T.) ;
#8595=ORIENTED_EDGE('',*,*,#8588,.T.) ;
#8596=ORIENTED_EDGE('',*,*,#8440,.F.) ;
#8597=ORIENTED_EDGE('',*,*,#8593,.F.) ;
#8598=ORIENTED_EDGE('',*,*,#8542,.T.) ;
#8602=ORIENTED_EDGE('',*,*,#8593,.T.) ;
#8603=ORIENTED_EDGE('',*,*,#8457,.F.) ;
#8604=ORIENTED_EDGE('',*,*,#8588,.F.) ;
#8605=ORIENTED_EDGE('',*,*,#8566,.T.) ;
#8614=ORIENTED_EDGE('',*,*,#8452,.T.) ;
#8615=ORIENTED_EDGE('',*,*,#8428,.T.) ;
#8618=ORIENTED_EDGE('',*,*,#8497,.F.) ;
#8619=ORIENTED_EDGE('',*,*,#8514,.F.) ;
#8628=ORIENTED_EDGE('',*,*,#8554,.F.) ;
#8629=ORIENTED_EDGE('',*,*,#8571,.F.) ;
#8632=ORIENTED_EDGE('',*,*,#8509,.T.) ;
#8633=ORIENTED_EDGE('',*,*,#8485,.T.) ;
#8697=ORIENTED_EDGE('',*,*,#8676,.T.) ;
#8698=ORIENTED_EDGE('',*,*,#8683,.T.) ;
#8699=ORIENTED_EDGE('',*,*,#8690,.F.) ;
#8700=ORIENTED_EDGE('',*,*,#8695,.F.) ;
#8719=ORIENTED_EDGE('',*,*,#8690,.T.) ;
#8720=ORIENTED_EDGE('',*,*,#8712,.T.) ;
#8721=ORIENTED_EDGE('',*,*,#8676,.F.) ;
#8722=ORIENTED_EDGE('',*,*,#8717,.F.) ;
#8745=ORIENTED_EDGE('',*,*,#8738,.T.) ;
#8746=ORIENTED_EDGE('',*,*,#8743,.T.) ;
#8763=ORIENTED_EDGE('',*,*,#8756,.F.) ;
#8764=ORIENTED_EDGE('',*,*,#8761,.F.) ;
#8792=ORIENTED_EDGE('',*,*,#8778,.T.) ;
#8793=ORIENTED_EDGE('',*,*,#8695,.T.) ;
#8794=ORIENTED_EDGE('',*,*,#8785,.F.) ;
#8795=ORIENTED_EDGE('',*,*,#8790,.F.) ;
#8804=ORIENTED_EDGE('',*,*,#8785,.T.) ;
#8805=ORIENTED_EDGE('',*,*,#8717,.T.) ;
#8806=ORIENTED_EDGE('',*,*,#8778,.F.) ;
#8807=ORIENTED_EDGE('',*,*,#8802,.F.) ;
#8826=ORIENTED_EDGE('',*,*,#8819,.T.) ;
#8827=ORIENTED_EDGE('',*,*,#8790,.T.) ;
#8828=ORIENTED_EDGE('',*,*,#8824,.F.) ;
#8829=ORIENTED_EDGE('',*,*,#8738,.F.) ;
#8838=ORIENTED_EDGE('',*,*,#8824,.T.) ;
#8839=ORIENTED_EDGE('',*,*,#8802,.T.) ;
#8840=ORIENTED_EDGE('',*,*,#8819,.F.) ;
#8841=ORIENTED_EDGE('',*,*,#8743,.F.) ;
#8869=ORIENTED_EDGE('',*,*,#8855,.T.) ;
#8870=ORIENTED_EDGE('',*,*,#8756,.T.) ;
#8871=ORIENTED_EDGE('',*,*,#8862,.F.) ;
#8872=ORIENTED_EDGE('',*,*,#8867,.F.) ;
#8881=ORIENTED_EDGE('',*,*,#8862,.T.) ;
#8882=ORIENTED_EDGE('',*,*,#8761,.T.) ;
#8883=ORIENTED_EDGE('',*,*,#8855,.F.) ;
#8884=ORIENTED_EDGE('',*,*,#8879,.F.) ;
#8907=ORIENTED_EDGE('',*,*,#8900,.T.) ;
#8908=ORIENTED_EDGE('',*,*,#8905,.T.) ;
#8927=ORIENTED_EDGE('',*,*,#8920,.T.) ;
#8928=ORIENTED_EDGE('',*,*,#8879,.T.) ;
#8929=ORIENTED_EDGE('',*,*,#8925,.F.) ;
#8930=ORIENTED_EDGE('',*,*,#8900,.F.) ;
#8939=ORIENTED_EDGE('',*,*,#8925,.T.) ;
#8940=ORIENTED_EDGE('',*,*,#8867,.T.) ;
#8941=ORIENTED_EDGE('',*,*,#8920,.F.) ;
#8942=ORIENTED_EDGE('',*,*,#8905,.F.) ;
#8951=ORIENTED_EDGE('',*,*,#8712,.F.) ;
#8952=ORIENTED_EDGE('',*,*,#8683,.F.) ;
#8997=ORIENTED_EDGE('',*,*,#8962,.F.) ;
#8998=ORIENTED_EDGE('',*,*,#8969,.F.) ;
#8999=ORIENTED_EDGE('',*,*,#8976,.F.) ;
#9000=ORIENTED_EDGE('',*,*,#8983,.F.) ;
#9001=ORIENTED_EDGE('',*,*,#8990,.F.) ;
#9002=ORIENTED_EDGE('',*,*,#8995,.F.) ;
#9030=ORIENTED_EDGE('',*,*,#9016,.F.) ;
#9031=ORIENTED_EDGE('',*,*,#8990,.T.) ;
#9032=ORIENTED_EDGE('',*,*,#9023,.T.) ;
#9033=ORIENTED_EDGE('',*,*,#9028,.F.) ;
#9054=ORIENTED_EDGE('',*,*,#9047,.F.) ;
#9055=ORIENTED_EDGE('',*,*,#8995,.T.) ;
#9056=ORIENTED_EDGE('',*,*,#9016,.T.) ;
#9057=ORIENTED_EDGE('',*,*,#9052,.F.) ;
#9078=ORIENTED_EDGE('',*,*,#9023,.F.) ;
#9079=ORIENTED_EDGE('',*,*,#8983,.T.) ;
#9080=ORIENTED_EDGE('',*,*,#9071,.T.) ;
#9081=ORIENTED_EDGE('',*,*,#9076,.F.) ;
#9109=ORIENTED_EDGE('',*,*,#9028,.T.) ;
#9110=ORIENTED_EDGE('',*,*,#9076,.T.) ;
#9111=ORIENTED_EDGE('',*,*,#9095,.T.) ;
#9112=ORIENTED_EDGE('',*,*,#9102,.T.) ;
#9113=ORIENTED_EDGE('',*,*,#9107,.T.) ;
#9114=ORIENTED_EDGE('',*,*,#9052,.T.) ;
#9128=ORIENTED_EDGE('',*,*,#9126,.F.) ;
#9129=ORIENTED_EDGE('',*,*,#8962,.T.) ;
#9130=ORIENTED_EDGE('',*,*,#9047,.T.) ;
#9131=ORIENTED_EDGE('',*,*,#9107,.F.) ;
#9145=ORIENTED_EDGE('',*,*,#9071,.F.) ;
#9146=ORIENTED_EDGE('',*,*,#8976,.T.) ;
#9147=ORIENTED_EDGE('',*,*,#9143,.T.) ;
#9148=ORIENTED_EDGE('',*,*,#9095,.F.) ;
#9157=ORIENTED_EDGE('',*,*,#9143,.F.) ;
#9158=ORIENTED_EDGE('',*,*,#8969,.T.) ;
#9159=ORIENTED_EDGE('',*,*,#9126,.T.) ;
#9160=ORIENTED_EDGE('',*,*,#9102,.F.) ;
#9419=ORIENTED_EDGE('',*,*,#9398,.T.) ;
#9420=ORIENTED_EDGE('',*,*,#9405,.T.) ;
#9421=ORIENTED_EDGE('',*,*,#9412,.F.) ;
#9422=ORIENTED_EDGE('',*,*,#9417,.F.) ;
#9451=ORIENTED_EDGE('',*,*,#9439,.T.) ;
#9452=ORIENTED_EDGE('',*,*,#9444,.F.) ;
#9453=ORIENTED_EDGE('',*,*,#9412,.T.) ;
#9454=ORIENTED_EDGE('',*,*,#9449,.T.) ;
#9483=ORIENTED_EDGE('',*,*,#9471,.T.) ;
#9484=ORIENTED_EDGE('',*,*,#9476,.T.) ;
#9485=ORIENTED_EDGE('',*,*,#9398,.F.) ;
#9486=ORIENTED_EDGE('',*,*,#9481,.F.) ;
#9528=ORIENTED_EDGE('',*,*,#9500,.F.) ;
#9529=ORIENTED_EDGE('',*,*,#9449,.F.) ;
#9530=ORIENTED_EDGE('',*,*,#9405,.F.) ;
#9531=ORIENTED_EDGE('',*,*,#9476,.F.) ;
#9532=ORIENTED_EDGE('',*,*,#9507,.T.) ;
#9533=ORIENTED_EDGE('',*,*,#9514,.T.) ;
#9534=ORIENTED_EDGE('',*,*,#9521,.T.) ;
#9535=ORIENTED_EDGE('',*,*,#9526,.T.) ;
#9563=ORIENTED_EDGE('',*,*,#9549,.T.) ;
#9564=ORIENTED_EDGE('',*,*,#9556,.T.) ;
#9565=ORIENTED_EDGE('',*,*,#9561,.F.) ;
#9566=ORIENTED_EDGE('',*,*,#9521,.F.) ;
#9588=ORIENTED_EDGE('',*,*,#9581,.T.) ;
#9589=ORIENTED_EDGE('',*,*,#9526,.F.) ;
#9590=ORIENTED_EDGE('',*,*,#9561,.T.) ;
#9591=ORIENTED_EDGE('',*,*,#9586,.T.) ;
#9613=ORIENTED_EDGE('',*,*,#9606,.T.) ;
#9614=ORIENTED_EDGE('',*,*,#9611,.T.) ;
#9615=ORIENTED_EDGE('',*,*,#9549,.F.) ;
#9616=ORIENTED_EDGE('',*,*,#9514,.F.) ;
#9645=ORIENTED_EDGE('',*,*,#9630,.T.) ;
#9646=ORIENTED_EDGE('',*,*,#9611,.F.) ;
#9647=ORIENTED_EDGE('',*,*,#9638,.F.) ;
#9648=ORIENTED_EDGE('',*,*,#9643,.T.) ;
#9672=ORIENTED_EDGE('',*,*,#9658,.F.) ;
#9673=ORIENTED_EDGE('',*,*,#9586,.F.) ;
#9674=ORIENTED_EDGE('',*,*,#9665,.F.) ;
#9675=ORIENTED_EDGE('',*,*,#9670,.T.) ;
#9684=ORIENTED_EDGE('',*,*,#9665,.T.) ;
#9685=ORIENTED_EDGE('',*,*,#9556,.F.) ;
#9686=ORIENTED_EDGE('',*,*,#9630,.F.) ;
#9687=ORIENTED_EDGE('',*,*,#9682,.T.) ;
#9715=ORIENTED_EDGE('',*,*,#9701,.T.) ;
#9716=ORIENTED_EDGE('',*,*,#9708,.T.) ;
#9717=ORIENTED_EDGE('',*,*,#9713,.F.) ;
#9718=ORIENTED_EDGE('',*,*,#9682,.F.) ;
#9740=ORIENTED_EDGE('',*,*,#9670,.F.) ;
#9741=ORIENTED_EDGE('',*,*,#9713,.T.) ;
#9742=ORIENTED_EDGE('',*,*,#9732,.T.) ;
#9743=ORIENTED_EDGE('',*,*,#9738,.T.) ;
#9765=ORIENTED_EDGE('',*,*,#9757,.T.) ;
#9766=ORIENTED_EDGE('',*,*,#9701,.F.) ;
#9767=ORIENTED_EDGE('',*,*,#9643,.F.) ;
#9768=ORIENTED_EDGE('',*,*,#9763,.T.) ;
#9797=ORIENTED_EDGE('',*,*,#9784,.F.) ;
#9798=ORIENTED_EDGE('',*,*,#9789,.T.) ;
#9799=ORIENTED_EDGE('',*,*,#9444,.T.) ;
#9800=ORIENTED_EDGE('',*,*,#9795,.T.) ;
#9816=ORIENTED_EDGE('',*,*,#9809,.F.) ;
#9817=ORIENTED_EDGE('',*,*,#9814,.T.) ;
#9818=ORIENTED_EDGE('',*,*,#9417,.T.) ;
#9819=ORIENTED_EDGE('',*,*,#9789,.F.) ;
#9836=ORIENTED_EDGE('',*,*,#9828,.F.) ;
#9837=ORIENTED_EDGE('',*,*,#9834,.T.) ;
#9838=ORIENTED_EDGE('',*,*,#9481,.T.) ;
#9839=ORIENTED_EDGE('',*,*,#9814,.F.) ;
#9881=ORIENTED_EDGE('',*,*,#9855,.T.) ;
#9882=ORIENTED_EDGE('',*,*,#9862,.T.) ;
#9883=ORIENTED_EDGE('',*,*,#9869,.T.) ;
#9884=ORIENTED_EDGE('',*,*,#9874,.T.) ;
#9885=ORIENTED_EDGE('',*,*,#9732,.F.) ;
#9886=ORIENTED_EDGE('',*,*,#9708,.F.) ;
#9887=ORIENTED_EDGE('',*,*,#9757,.F.) ;
#9888=ORIENTED_EDGE('',*,*,#9879,.F.) ;
#9908=ORIENTED_EDGE('',*,*,#9879,.T.) ;
#9909=ORIENTED_EDGE('',*,*,#9763,.F.) ;
#9910=ORIENTED_EDGE('',*,*,#9638,.T.) ;
#9911=ORIENTED_EDGE('',*,*,#9606,.F.) ;
#9912=ORIENTED_EDGE('',*,*,#9507,.F.) ;
#9913=ORIENTED_EDGE('',*,*,#9471,.F.) ;
#9914=ORIENTED_EDGE('',*,*,#9834,.F.) ;
#9915=ORIENTED_EDGE('',*,*,#9906,.F.) ;
#9932=ORIENTED_EDGE('',*,*,#9930,.F.) ;
#9933=ORIENTED_EDGE('',*,*,#9795,.F.) ;
#9934=ORIENTED_EDGE('',*,*,#9439,.F.) ;
#9935=ORIENTED_EDGE('',*,*,#9500,.T.) ;
#9936=ORIENTED_EDGE('',*,*,#9581,.F.) ;
#9937=ORIENTED_EDGE('',*,*,#9658,.T.) ;
#9938=ORIENTED_EDGE('',*,*,#9738,.F.) ;
#9939=ORIENTED_EDGE('',*,*,#9874,.F.) ;
#9958=ORIENTED_EDGE('',*,*,#9951,.T.) ;
#9959=ORIENTED_EDGE('',*,*,#9809,.T.) ;
#9960=ORIENTED_EDGE('',*,*,#9956,.F.) ;
#9961=ORIENTED_EDGE('',*,*,#9862,.F.) ;
#9970=ORIENTED_EDGE('',*,*,#9869,.F.) ;
#9971=ORIENTED_EDGE('',*,*,#9956,.T.) ;
#9972=ORIENTED_EDGE('',*,*,#9784,.T.) ;
#9973=ORIENTED_EDGE('',*,*,#9930,.T.) ;
#9982=ORIENTED_EDGE('',*,*,#9828,.T.) ;
#9983=ORIENTED_EDGE('',*,*,#9951,.F.) ;
#9984=ORIENTED_EDGE('',*,*,#9855,.F.) ;
#9985=ORIENTED_EDGE('',*,*,#9906,.T.) ;
#144=FACE_BOUND('',#141,.T.) ;
#172=FACE_BOUND('',#169,.T.) ;
#335=FACE_BOUND('',#331,.T.) ;
#383=FACE_BOUND('',#379,.T.) ;
#712=FACE_BOUND('',#709,.T.) ;
#726=FACE_BOUND('',#723,.T.) ;
#740=FACE_BOUND('',#737,.T.) ;
#768=FACE_BOUND('',#765,.T.) ;
#810=FACE_BOUND('',#807,.T.) ;
#898=FACE_BOUND('',#895,.T.) ;
#1028=FACE_BOUND('',#1023,.T.) ;
#1066=FACE_BOUND('',#1062,.T.) ;
#1104=FACE_BOUND('',#1100,.T.) ;
#1142=FACE_BOUND('',#1138,.T.) ;
#1187=FACE_BOUND('',#1183,.T.) ;
#1225=FACE_BOUND('',#1221,.T.) ;
#2368=FACE_BOUND('',#2365,.T.) ;
#2372=FACE_BOUND('',#2369,.T.) ;
#2396=FACE_BOUND('',#2393,.T.) ;
#2400=FACE_BOUND('',#2397,.T.) ;
#2522=FACE_BOUND('',#2519,.T.) ;
#2783=FACE_BOUND('',#2780,.T.) ;
#2898=FACE_BOUND('',#2895,.T.) ;
#2940=FACE_BOUND('',#2937,.T.) ;
#3015=FACE_BOUND('',#3012,.T.) ;
#3057=FACE_BOUND('',#3054,.T.) ;
#3085=FACE_BOUND('',#3082,.T.) ;
#3330=FACE_BOUND('',#3327,.T.) ;
#3358=FACE_BOUND('',#3355,.T.) ;
#3386=FACE_BOUND('',#3383,.T.) ;
#3414=FACE_BOUND('',#3411,.T.) ;
#3442=FACE_BOUND('',#3439,.T.) ;
#3862=FACE_BOUND('',#3859,.T.) ;
#4334=FACE_BOUND('',#4331,.T.) ;
#4371=FACE_BOUND('',#4368,.T.) ;
#4497=FACE_BOUND('',#4494,.T.) ;
#4582=FACE_BOUND('',#4579,.T.) ;
#4610=FACE_BOUND('',#4607,.T.) ;
#4812=FACE_BOUND('',#4809,.T.) ;
#4854=FACE_BOUND('',#4851,.T.) ;
#4926=FACE_BOUND('',#4923,.T.) ;
#4968=FACE_BOUND('',#4965,.T.) ;
#5017=FACE_BOUND('',#5014,.T.) ;
#5035=FACE_BOUND('',#5032,.T.) ;
#5084=FACE_BOUND('',#5081,.T.) ;
#5102=FACE_BOUND('',#5099,.T.) ;
#5815=FACE_BOUND('',#5812,.T.) ;
#5831=FACE_BOUND('',#5828,.T.) ;
#6286=FACE_BOUND('',#6279,.T.) ;
#6702=FACE_BOUND('',#6699,.T.) ;
#6845=FACE_BOUND('',#6840,.T.) ;
#7035=FACE_BOUND('',#7030,.T.) ;
#7847=FACE_BOUND('',#7844,.T.) ;
#7851=FACE_BOUND('',#7848,.T.) ;
#7867=FACE_BOUND('',#7864,.T.) ;
#7871=FACE_BOUND('',#7868,.T.) ;
#8016=FACE_BOUND('',#8013,.T.) ;
#8098=FACE_BOUND('',#8095,.T.) ;
#8620=FACE_BOUND('',#8617,.T.) ;
#8634=FACE_BOUND('',#8631,.T.) ;
#8765=FACE_BOUND('',#8762,.T.) ;
#9003=FACE_BOUND('',#8996,.T.) ;
#60=CLOSED_SHELL('Closed Shell',(#100,#117,#145,#173,#197,#242,#268,#336,#384,#408,#431,#438,#462,#485,#492)) ;
#519=CLOSED_SHELL('Closed Shell',(#559,#576,#616,#633,#668,#685,#713,#727,#741,#769,#811,#842,#854,#885,#899,#906,#930,#975,#1001,#1143,#1226,#1250,#1273,#1280,#1304,#1327,#1334,#1358,#1381,#1388,#1412,#1435,#1442,#1466,#1489,#1496)) ;
#1523=CLOSED_SHELL('Closed Shell',(#1563,#1594,#1625,#1647,#1687,#1708,#1748,#1769,#1791,#1808,#1825,#1837)) ;
#1864=CLOSED_SHELL('Closed Shell',(#1904,#1935,#1966,#1997,#2028,#2059,#2090,#2121,#2147,#2178,#2209,#2231,#2271,#2288,#2328,#2345,#2373,#2401)) ;
#2428=CLOSED_SHELL('Closed Shell',(#2452,#2483,#2495,#2523,#2554,#2571,#2595,#2626,#2638,#2660,#2672)) ;
#2699=CLOSED_SHELL('Closed Shell',(#2739,#2756,#2784,#2941,#3058,#3086,#3118,#3131,#3162,#3174,#3205,#3217,#3248,#3260,#3291,#3303,#3331,#3359,#3387,#3415,#3443,#3467,#3491,#3515,#3539,#3563,#3585,#3592,#3614,#3621,#3643,#3650,#3672,#3679,#3701,#3708,#3739,#3779,#3796,#3863,#3932,#3991,#4058,#4103,#4154,#4218,#4264,#4281,#4298,#4335,#4372,#4389,#4401,#4413)) ;
#4440=CLOSED_SHELL('Closed Shell',(#4498,#4529,#4541,#4583,#4611,#4633,#4640,#4688,#4731,#4855,#4969,#5036,#5103,#5125,#5132,#5154,#5161,#5178,#5185,#5202,#5209,#5241,#5273,#5300,#5327,#5393,#5426,#5454,#5506,#5517,#5528,#5534,#5540)) ;
#5619=CLOSED_SHELL('Closed Shell',(#5659,#5690,#5721,#5743,#5783,#5800,#5816,#5832)) ;
#5911=CLOSED_SHELL('Closed Shell',(#5951,#5982,#6004,#6015,#6026)) ;
#6170=CLOSED_SHELL('Closed Shell',(#6210,#6227,#6287,#6318,#6342,#6366,#6399,#6416,#6433,#6445,#6476,#6488,#6512,#6534,#6546)) ;
#6586=CLOSED_SHELL('Closed Shell',(#6642,#6675,#6703,#6718,#6728,#6759,#6771,#6781,#6846,#6876,#6906,#6937,#6954,#6971,#7036,#7066,#7096,#7127,#7145,#7163,#7185,#7197,#7209,#7233,#7242)) ;
#7438=CLOSED_SHELL('Closed Shell',(#7478,#7495,#7505,#7515)) ;
#7594=CLOSED_SHELL('Closed Shell',(#7634,#7665,#7696,#7718,#7758,#7775,#7815,#7832,#7852,#7872)) ;
#7912=CLOSED_SHELL('Closed Shell',(#7952,#8017,#8041,#8099,#8124,#8149,#8161,#8183,#8190,#8200,#8210,#8243,#8257,#8281,#8303,#8315)) ;
#8407=CLOSED_SHELL('Closed Shell',(#8447,#8464,#8504,#8521,#8561,#8578,#8600,#8607,#8621,#8635)) ;
#8662=CLOSED_SHELL('Closed Shell',(#8702,#8724,#8766,#8797,#8809,#8831,#8843,#8874,#8886,#8910,#8932,#8944,#9004,#9035,#9059,#9083,#9116,#9133,#9150,#9162)) ;
#9384=CLOSED_SHELL('Closed Shell',(#9424,#9456,#9488,#9537,#9568,#9593,#9618,#9650,#9677,#9689,#9720,#9745,#9770,#9802,#9821,#9841,#9890,#9917,#9941,#9963,#9975,#9987)) ;
#500=ITEM_DEFINED_TRANSFORMATION(' ',' ',#502,#501) ;
#1504=ITEM_DEFINED_TRANSFORMATION(' ',' ',#1506,#1505) ;
#1845=ITEM_DEFINED_TRANSFORMATION(' ',' ',#1847,#1846) ;
#2409=ITEM_DEFINED_TRANSFORMATION(' ',' ',#2411,#2410) ;
#2680=ITEM_DEFINED_TRANSFORMATION(' ',' ',#2682,#2681) ;
#4421=ITEM_DEFINED_TRANSFORMATION(' ',' ',#4423,#4422) ;
#5548=ITEM_DEFINED_TRANSFORMATION(' ',' ',#5550,#5549) ;
#5563=ITEM_DEFINED_TRANSFORMATION(' ',' ',#5565,#5564) ;
#5576=ITEM_DEFINED_TRANSFORMATION(' ',' ',#5578,#5577) ;
#5589=ITEM_DEFINED_TRANSFORMATION(' ',' ',#5591,#5590) ;
#5602=ITEM_DEFINED_TRANSFORMATION(' ',' ',#5604,#5603) ;
#5840=ITEM_DEFINED_TRANSFORMATION(' ',' ',#5842,#5841) ;
#5855=ITEM_DEFINED_TRANSFORMATION(' ',' ',#5857,#5856) ;
#5868=ITEM_DEFINED_TRANSFORMATION(' ',' ',#5870,#5869) ;
#5881=ITEM_DEFINED_TRANSFORMATION(' ',' ',#5883,#5882) ;
#5894=ITEM_DEFINED_TRANSFORMATION(' ',' ',#5896,#5895) ;
#6034=ITEM_DEFINED_TRANSFORMATION(' ',' ',#6036,#6035) ;
#6049=ITEM_DEFINED_TRANSFORMATION(' ',' ',#6051,#6050) ;
#6062=ITEM_DEFINED_TRANSFORMATION(' ',' ',#6064,#6063) ;
#6075=ITEM_DEFINED_TRANSFORMATION(' ',' ',#6077,#6076) ;
#6088=ITEM_DEFINED_TRANSFORMATION(' ',' ',#6090,#6089) ;
#6101=ITEM_DEFINED_TRANSFORMATION(' ',' ',#6103,#6102) ;
#6114=ITEM_DEFINED_TRANSFORMATION(' ',' ',#6116,#6115) ;
#6127=ITEM_DEFINED_TRANSFORMATION(' ',' ',#6129,#6128) ;
#6140=ITEM_DEFINED_TRANSFORMATION(' ',' ',#6142,#6141) ;
#6153=ITEM_DEFINED_TRANSFORMATION(' ',' ',#6155,#6154) ;
#6554=ITEM_DEFINED_TRANSFORMATION(' ',' ',#6556,#6555) ;
#6569=ITEM_DEFINED_TRANSFORMATION(' ',' ',#6571,#6570) ;
#7250=ITEM_DEFINED_TRANSFORMATION(' ',' ',#7252,#7251) ;
#7265=ITEM_DEFINED_TRANSFORMATION(' ',' ',#7267,#7266) ;
#7278=ITEM_DEFINED_TRANSFORMATION(' ',' ',#7280,#7279) ;
#7291=ITEM_DEFINED_TRANSFORMATION(' ',' ',#7293,#7292) ;
#7304=ITEM_DEFINED_TRANSFORMATION(' ',' ',#7306,#7305) ;
#7317=ITEM_DEFINED_TRANSFORMATION(' ',' ',#7319,#7318) ;
#7330=ITEM_DEFINED_TRANSFORMATION(' ',' ',#7332,#7331) ;
#7343=ITEM_DEFINED_TRANSFORMATION(' ',' ',#7345,#7344) ;
#7356=ITEM_DEFINED_TRANSFORMATION(' ',' ',#7358,#7357) ;
#7369=ITEM_DEFINED_TRANSFORMATION(' ',' ',#7371,#7370) ;
#7382=ITEM_DEFINED_TRANSFORMATION(' ',' ',#7384,#7383) ;
#7395=ITEM_DEFINED_TRANSFORMATION(' ',' ',#7397,#7396) ;
#7408=ITEM_DEFINED_TRANSFORMATION(' ',' ',#7410,#7409) ;
#7421=ITEM_DEFINED_TRANSFORMATION(' ',' ',#7423,#7422) ;
#7523=ITEM_DEFINED_TRANSFORMATION(' ',' ',#7525,#7524) ;
#7538=ITEM_DEFINED_TRANSFORMATION(' ',' ',#7540,#7539) ;
#7551=ITEM_DEFINED_TRANSFORMATION(' ',' ',#7553,#7552) ;
#7564=ITEM_DEFINED_TRANSFORMATION(' ',' ',#7566,#7565) ;
#7577=ITEM_DEFINED_TRANSFORMATION(' ',' ',#7579,#7578) ;
#7880=ITEM_DEFINED_TRANSFORMATION(' ',' ',#7882,#7881) ;
#7895=ITEM_DEFINED_TRANSFORMATION(' ',' ',#7897,#7896) ;
#8323=ITEM_DEFINED_TRANSFORMATION(' ',' ',#8325,#8324) ;
#8338=ITEM_DEFINED_TRANSFORMATION(' ',' ',#8340,#8339) ;
#8351=ITEM_DEFINED_TRANSFORMATION(' ',' ',#8353,#8352) ;
#8364=ITEM_DEFINED_TRANSFORMATION(' ',' ',#8366,#8365) ;
#8377=ITEM_DEFINED_TRANSFORMATION(' ',' ',#8379,#8378) ;
#8390=ITEM_DEFINED_TRANSFORMATION(' ',' ',#8392,#8391) ;
#8643=ITEM_DEFINED_TRANSFORMATION(' ',' ',#8645,#8644) ;
#9170=ITEM_DEFINED_TRANSFORMATION(' ',' ',#9172,#9171) ;
#9185=ITEM_DEFINED_TRANSFORMATION(' ',' ',#9187,#9186) ;
#9198=ITEM_DEFINED_TRANSFORMATION(' ',' ',#9200,#9199) ;
#9211=ITEM_DEFINED_TRANSFORMATION(' ',' ',#9213,#9212) ;
#9224=ITEM_DEFINED_TRANSFORMATION(' ',' ',#9226,#9225) ;
#9237=ITEM_DEFINED_TRANSFORMATION(' ',' ',#9239,#9238) ;
#9250=ITEM_DEFINED_TRANSFORMATION(' ',' ',#9252,#9251) ;
#9263=ITEM_DEFINED_TRANSFORMATION(' ',' ',#9265,#9264) ;
#9276=ITEM_DEFINED_TRANSFORMATION(' ',' ',#9278,#9277) ;
#9289=ITEM_DEFINED_TRANSFORMATION(' ',' ',#9291,#9290) ;
#9302=ITEM_DEFINED_TRANSFORMATION(' ',' ',#9304,#9303) ;
#9315=ITEM_DEFINED_TRANSFORMATION(' ',' ',#9317,#9316) ;
#9328=ITEM_DEFINED_TRANSFORMATION(' ',' ',#9330,#9329) ;
#9341=ITEM_DEFINED_TRANSFORMATION(' ',' ',#9343,#9342) ;
#9354=ITEM_DEFINED_TRANSFORMATION(' ',' ',#9356,#9355) ;
#9367=ITEM_DEFINED_TRANSFORMATION(' ',' ',#9369,#9368) ;
#9995=ITEM_DEFINED_TRANSFORMATION(' ',' ',#9997,#9996) ;
#77=VECTOR('Line Direction',#76,1.) ;
#91=VECTOR('Line Direction',#90,1.) ;
#217=VECTOR('Line Direction',#216,1.) ;
#222=VECTOR('Line Direction',#221,1.) ;
#276=VECTOR('Line Direction',#275,1.) ;
#281=VECTOR('Line Direction',#280,1.) ;
#286=VECTOR('Line Direction',#285,1.) ;
#416=VECTOR('Line Direction',#415,1.) ;
#421=VECTOR('Line Direction',#420,1.) ;
#470=VECTOR('Line Direction',#469,1.) ;
#475=VECTOR('Line Direction',#474,1.) ;
#527=VECTOR('Line Direction',#526,1.) ;
#543=VECTOR('Line Direction',#542,1.) ;
#584=VECTOR('Line Direction',#583,1.) ;
#600=VECTOR('Line Direction',#599,1.) ;
#636=VECTOR('Line Direction',#635,1.) ;
#652=VECTOR('Line Direction',#651,1.) ;
#828=VECTOR('Line Direction',#827,1.) ;
#833=VECTOR('Line Direction',#832,1.) ;
#950=VECTOR('Line Direction',#949,1.) ;
#955=VECTOR('Line Direction',#954,1.) ;
#1009=VECTOR('Line Direction',#1008,1.) ;
#1014=VECTOR('Line Direction',#1013,1.) ;
#1258=VECTOR('Line Direction',#1257,1.) ;
#1263=VECTOR('Line Direction',#1262,1.) ;
#1312=VECTOR('Line Direction',#1311,1.) ;
#1317=VECTOR('Line Direction',#1316,1.) ;
#1366=VECTOR('Line Direction',#1365,1.) ;
#1371=VECTOR('Line Direction',#1370,1.) ;
#1420=VECTOR('Line Direction',#1419,1.) ;
#1425=VECTOR('Line Direction',#1424,1.) ;
#1474=VECTOR('Line Direction',#1473,1.) ;
#1479=VECTOR('Line Direction',#1478,1.) ;
#1531=VECTOR('Line Direction',#1530,1.) ;
#1547=VECTOR('Line Direction',#1546,1.) ;
#1578=VECTOR('Line Direction',#1577,1.) ;
#1609=VECTOR('Line Direction',#1608,1.) ;
#1732=VECTOR('Line Direction',#1731,1.) ;
#1737=VECTOR('Line Direction',#1736,1.) ;
#1777=VECTOR('Line Direction',#1776,1.) ;
#1782=VECTOR('Line Direction',#1781,1.) ;
#1799=VECTOR('Line Direction',#1798,1.) ;
#1816=VECTOR('Line Direction',#1815,1.) ;
#1872=VECTOR('Line Direction',#1871,1.) ;
#1888=VECTOR('Line Direction',#1887,1.) ;
#1912=VECTOR('Line Direction',#1911,1.) ;
#1919=VECTOR('Line Direction',#1918,1.) ;
#1926=VECTOR('Line Direction',#1925,1.) ;
#1943=VECTOR('Line Direction',#1942,1.) ;
#1950=VECTOR('Line Direction',#1949,1.) ;
#1957=VECTOR('Line Direction',#1956,1.) ;
#1981=VECTOR('Line Direction',#1980,1.) ;
#2005=VECTOR('Line Direction',#2004,1.) ;
#2012=VECTOR('Line Direction',#2011,1.) ;
#2019=VECTOR('Line Direction',#2018,1.) ;
#2043=VECTOR('Line Direction',#2042,1.) ;
#2067=VECTOR('Line Direction',#2066,1.) ;
#2074=VECTOR('Line Direction',#2073,1.) ;
#2081=VECTOR('Line Direction',#2080,1.) ;
#2105=VECTOR('Line Direction',#2104,1.) ;
#2124=VECTOR('Line Direction',#2123,1.) ;
#2131=VECTOR('Line Direction',#2130,1.) ;
#2138=VECTOR('Line Direction',#2137,1.) ;
#2155=VECTOR('Line Direction',#2154,1.) ;
#2162=VECTOR('Line Direction',#2161,1.) ;
#2169=VECTOR('Line Direction',#2168,1.) ;
#2193=VECTOR('Line Direction',#2192,1.) ;
#2248=VECTOR('Line Direction',#2247,1.) ;
#2262=VECTOR('Line Direction',#2261,1.) ;
#2305=VECTOR('Line Direction',#2304,1.) ;
#2319=VECTOR('Line Direction',#2318,1.) ;
#2469=VECTOR('Line Direction',#2468,1.) ;
#2474=VECTOR('Line Direction',#2473,1.) ;
#2531=VECTOR('Line Direction',#2530,1.) ;
#2545=VECTOR('Line Direction',#2544,1.) ;
#2603=VECTOR('Line Direction',#2602,1.) ;
#2610=VECTOR('Line Direction',#2609,1.) ;
#2646=VECTOR('Line Direction',#2645,1.) ;
#2651=VECTOR('Line Direction',#2650,1.) ;
#2707=VECTOR('Line Direction',#2706,1.) ;
#2723=VECTOR('Line Direction',#2722,1.) ;
#2792=VECTOR('Line Direction',#2791,1.) ;
#2799=VECTOR('Line Direction',#2798,1.) ;
#2813=VECTOR('Line Direction',#2812,1.) ;
#3094=VECTOR('Line Direction',#3093,1.) ;
#3108=VECTOR('Line Direction',#3107,1.) ;
#3139=VECTOR('Line Direction',#3138,1.) ;
#3153=VECTOR('Line Direction',#3152,1.) ;
#3182=VECTOR('Line Direction',#3181,1.) ;
#3196=VECTOR('Line Direction',#3195,1.) ;
#3225=VECTOR('Line Direction',#3224,1.) ;
#3239=VECTOR('Line Direction',#3238,1.) ;
#3268=VECTOR('Line Direction',#3267,1.) ;
#3282=VECTOR('Line Direction',#3281,1.) ;
#3571=VECTOR('Line Direction',#3570,1.) ;
#3576=VECTOR('Line Direction',#3575,1.) ;
#3600=VECTOR('Line Direction',#3599,1.) ;
#3605=VECTOR('Line Direction',#3604,1.) ;
#3629=VECTOR('Line Direction',#3628,1.) ;
#3634=VECTOR('Line Direction',#3633,1.) ;
#3658=VECTOR('Line Direction',#3657,1.) ;
#3663=VECTOR('Line Direction',#3662,1.) ;
#3687=VECTOR('Line Direction',#3686,1.) ;
#3692=VECTOR('Line Direction',#3691,1.) ;
#3716=VECTOR('Line Direction',#3715,1.) ;
#3723=VECTOR('Line Direction',#3722,1.) ;
#3747=VECTOR('Line Direction',#3746,1.) ;
#3763=VECTOR('Line Direction',#3762,1.) ;
#3813=VECTOR('Line Direction',#3812,1.) ;
#3820=VECTOR('Line Direction',#3819,1.) ;
#3827=VECTOR('Line Direction',#3826,1.) ;
#3866=VECTOR('Line Direction',#3865,1.) ;
#3915=VECTOR('Line Direction',#3914,1.) ;
#3940=VECTOR('Line Direction',#3939,1.) ;
#3949=VECTOR('Line Direction',#3948,1.) ;
#3956=VECTOR('Line Direction',#3955,1.) ;
#3963=VECTOR('Line Direction',#3962,1.) ;
#3970=VECTOR('Line Direction',#3969,1.) ;
#4272=VECTOR('Line Direction',#4271,1.) ;
#4289=VECTOR('Line Direction',#4288,1.) ;
#4320=VECTOR('Line Direction',#4319,1.) ;
#4357=VECTOR('Line Direction',#4356,1.) ;
#4380=VECTOR('Line Direction',#4379,1.) ;
#4392=VECTOR('Line Direction',#4391,1.) ;
#4448=VECTOR('Line Direction',#4447,1.) ;
#4464=VECTOR('Line Direction',#4463,1.) ;
#4515=VECTOR('Line Direction',#4514,1.) ;
#4520=VECTOR('Line Direction',#4519,1.) ;
#4619=VECTOR('Line Direction',#4618,1.) ;
#4624=VECTOR('Line Direction',#4623,1.) ;
#4648=VECTOR('Line Direction',#4647,1.) ;
#4664=VECTOR('Line Direction',#4663,1.) ;
#4691=VECTOR('Line Direction',#4690,1.) ;
#4707=VECTOR('Line Direction',#4706,1.) ;
#4734=VECTOR('Line Direction',#4733,1.) ;
#4741=VECTOR('Line Direction',#4740,1.) ;
#4746=VECTOR('Line Direction',#4745,1.) ;
#4751=VECTOR('Line Direction',#4750,1.) ;
#4858=VECTOR('Line Direction',#4857,1.) ;
#4865=VECTOR('Line Direction',#4864,1.) ;
#4977=VECTOR('Line Direction',#4976,1.) ;
#4984=VECTOR('Line Direction',#4983,1.) ;
#4991=VECTOR('Line Direction',#4990,1.) ;
#5044=VECTOR('Line Direction',#5043,1.) ;
#5051=VECTOR('Line Direction',#5050,1.) ;
#5058=VECTOR('Line Direction',#5057,1.) ;
#5111=VECTOR('Line Direction',#5110,1.) ;
#5116=VECTOR('Line Direction',#5115,1.) ;
#5140=VECTOR('Line Direction',#5139,1.) ;
#5145=VECTOR('Line Direction',#5144,1.) ;
#5164=VECTOR('Line Direction',#5163,1.) ;
#5169=VECTOR('Line Direction',#5168,1.) ;
#5188=VECTOR('Line Direction',#5187,1.) ;
#5193=VECTOR('Line Direction',#5192,1.) ;
#5226=VECTOR('Line Direction',#5225,1.) ;
#5231=VECTOR('Line Direction',#5230,1.) ;
#5258=VECTOR('Line Direction',#5257,1.) ;
#5263=VECTOR('Line Direction',#5262,1.) ;
#5285=VECTOR('Line Direction',#5284,1.) ;
#5290=VECTOR('Line Direction',#5289,1.) ;
#5312=VECTOR('Line Direction',#5311,1.) ;
#5317=VECTOR('Line Direction',#5316,1.) ;
#5401=VECTOR('Line Direction',#5400,1.) ;
#5408=VECTOR('Line Direction',#5407,1.) ;
#5436=VECTOR('Line Direction',#5435,1.) ;
#5441=VECTOR('Line Direction',#5440,1.) ;
#5627=VECTOR('Line Direction',#5626,1.) ;
#5636=VECTOR('Line Direction',#5635,1.) ;
#5643=VECTOR('Line Direction',#5642,1.) ;
#5650=VECTOR('Line Direction',#5649,1.) ;
#5674=VECTOR('Line Direction',#5673,1.) ;
#5698=VECTOR('Line Direction',#5697,1.) ;
#5705=VECTOR('Line Direction',#5704,1.) ;
#5712=VECTOR('Line Direction',#5711,1.) ;
#5760=VECTOR('Line Direction',#5759,1.) ;
#5774=VECTOR('Line Direction',#5773,1.) ;
#5919=VECTOR('Line Direction',#5918,1.) ;
#5935=VECTOR('Line Direction',#5934,1.) ;
#5959=VECTOR('Line Direction',#5958,1.) ;
#5973=VECTOR('Line Direction',#5972,1.) ;
#5990=VECTOR('Line Direction',#5989,1.) ;
#5995=VECTOR('Line Direction',#5994,1.) ;
#6239=VECTOR('Line Direction',#6238,1.) ;
#6248=VECTOR('Line Direction',#6247,1.) ;
#6255=VECTOR('Line Direction',#6254,1.) ;
#6262=VECTOR('Line Direction',#6261,1.) ;
#6269=VECTOR('Line Direction',#6268,1.) ;
#6276=VECTOR('Line Direction',#6275,1.) ;
#6295=VECTOR('Line Direction',#6294,1.) ;
#6302=VECTOR('Line Direction',#6301,1.) ;
#6309=VECTOR('Line Direction',#6308,1.) ;
#6326=VECTOR('Line Direction',#6325,1.) ;
#6333=VECTOR('Line Direction',#6332,1.) ;
#6350=VECTOR('Line Direction',#6349,1.) ;
#6357=VECTOR('Line Direction',#6356,1.) ;
#6374=VECTOR('Line Direction',#6373,1.) ;
#6381=VECTOR('Line Direction',#6380,1.) ;
#6388=VECTOR('Line Direction',#6387,1.) ;
#6407=VECTOR('Line Direction',#6406,1.) ;
#6424=VECTOR('Line Direction',#6423,1.) ;
#6453=VECTOR('Line Direction',#6452,1.) ;
#6460=VECTOR('Line Direction',#6459,1.) ;
#6520=VECTOR('Line Direction',#6519,1.) ;
#6525=VECTOR('Line Direction',#6524,1.) ;
#6594=VECTOR('Line Direction',#6593,1.) ;
#6610=VECTOR('Line Direction',#6609,1.) ;
#6711=VECTOR('Line Direction',#6710,1.) ;
#6721=VECTOR('Line Direction',#6720,1.) ;
#6745=VECTOR('Line Direction',#6744,1.) ;
#6750=VECTOR('Line Direction',#6749,1.) ;
#6789=VECTOR('Line Direction',#6788,1.) ;
#6803=VECTOR('Line Direction',#6802,1.) ;
#6868=VECTOR('Line Direction',#6867,1.) ;
#6898=VECTOR('Line Direction',#6897,1.) ;
#6945=VECTOR('Line Direction',#6944,1.) ;
#6962=VECTOR('Line Direction',#6961,1.) ;
#6979=VECTOR('Line Direction',#6978,1.) ;
#6993=VECTOR('Line Direction',#6992,1.) ;
#7058=VECTOR('Line Direction',#7057,1.) ;
#7088=VECTOR('Line Direction',#7087,1.) ;
#7104=VECTOR('Line Direction',#7103,1.) ;
#7111=VECTOR('Line Direction',#7110,1.) ;
#7135=VECTOR('Line Direction',#7134,1.) ;
#7153=VECTOR('Line Direction',#7152,1.) ;
#7446=VECTOR('Line Direction',#7445,1.) ;
#7462=VECTOR('Line Direction',#7461,1.) ;
#7602=VECTOR('Line Direction',#7601,1.) ;
#7618=VECTOR('Line Direction',#7617,1.) ;
#7642=VECTOR('Line Direction',#7641,1.) ;
#7649=VECTOR('Line Direction',#7648,1.) ;
#7656=VECTOR('Line Direction',#7655,1.) ;
#7680=VECTOR('Line Direction',#7679,1.) ;
#7704=VECTOR('Line Direction',#7703,1.) ;
#7709=VECTOR('Line Direction',#7708,1.) ;
#7735=VECTOR('Line Direction',#7734,1.) ;
#7749=VECTOR('Line Direction',#7748,1.) ;
#7792=VECTOR('Line Direction',#7791,1.) ;
#7806=VECTOR('Line Direction',#7805,1.) ;
#7920=VECTOR('Line Direction',#7919,1.) ;
#7929=VECTOR('Line Direction',#7928,1.) ;
#7936=VECTOR('Line Direction',#7935,1.) ;
#7943=VECTOR('Line Direction',#7942,1.) ;
#7960=VECTOR('Line Direction',#7959,1.) ;
#7969=VECTOR('Line Direction',#7968,1.) ;
#7976=VECTOR('Line Direction',#7975,1.) ;
#7988=VECTOR('Line Direction',#7987,1.) ;
#8032=VECTOR('Line Direction',#8031,1.) ;
#8049=VECTOR('Line Direction',#8048,1.) ;
#8056=VECTOR('Line Direction',#8055,1.) ;
#8063=VECTOR('Line Direction',#8062,1.) ;
#8070=VECTOR('Line Direction',#8069,1.) ;
#8139=VECTOR('Line Direction',#8138,1.) ;
#8169=VECTOR('Line Direction',#8168,1.) ;
#8174=VECTOR('Line Direction',#8173,1.) ;
#8218=VECTOR('Line Direction',#8217,1.) ;
#8225=VECTOR('Line Direction',#8224,1.) ;
#8289=VECTOR('Line Direction',#8288,1.) ;
#8294=VECTOR('Line Direction',#8293,1.) ;
#8415=VECTOR('Line Direction',#8414,1.) ;
#8431=VECTOR('Line Direction',#8430,1.) ;
#8472=VECTOR('Line Direction',#8471,1.) ;
#8488=VECTOR('Line Direction',#8487,1.) ;
#8529=VECTOR('Line Direction',#8528,1.) ;
#8545=VECTOR('Line Direction',#8544,1.) ;
#8670=VECTOR('Line Direction',#8669,1.) ;
#8686=VECTOR('Line Direction',#8685,1.) ;
#8774=VECTOR('Line Direction',#8773,1.) ;
#8781=VECTOR('Line Direction',#8780,1.) ;
#8817=VECTOR('Line Direction',#8816,1.) ;
#8822=VECTOR('Line Direction',#8821,1.) ;
#8851=VECTOR('Line Direction',#8850,1.) ;
#8858=VECTOR('Line Direction',#8857,1.) ;
#8918=VECTOR('Line Direction',#8917,1.) ;
#8923=VECTOR('Line Direction',#8922,1.) ;
#8956=VECTOR('Line Direction',#8955,1.) ;
#8965=VECTOR('Line Direction',#8964,1.) ;
#8972=VECTOR('Line Direction',#8971,1.) ;
#8979=VECTOR('Line Direction',#8978,1.) ;
#8986=VECTOR('Line Direction',#8985,1.) ;
#8993=VECTOR('Line Direction',#8992,1.) ;
#9012=VECTOR('Line Direction',#9011,1.) ;
#9019=VECTOR('Line Direction',#9018,1.) ;
#9026=VECTOR('Line Direction',#9025,1.) ;
#9043=VECTOR('Line Direction',#9042,1.) ;
#9050=VECTOR('Line Direction',#9049,1.) ;
#9067=VECTOR('Line Direction',#9066,1.) ;
#9074=VECTOR('Line Direction',#9073,1.) ;
#9091=VECTOR('Line Direction',#9090,1.) ;
#9098=VECTOR('Line Direction',#9097,1.) ;
#9105=VECTOR('Line Direction',#9104,1.) ;
#9124=VECTOR('Line Direction',#9123,1.) ;
#9141=VECTOR('Line Direction',#9140,1.) ;
#9392=VECTOR('Line Direction',#9391,1.) ;
#9408=VECTOR('Line Direction',#9407,1.) ;
#9496=VECTOR('Line Direction',#9495,1.) ;
#9503=VECTOR('Line Direction',#9502,1.) ;
#9545=VECTOR('Line Direction',#9544,1.) ;
#9559=VECTOR('Line Direction',#9558,1.) ;
#9626=VECTOR('Line Direction',#9625,1.) ;
#9661=VECTOR('Line Direction',#9660,1.) ;
#9697=VECTOR('Line Direction',#9696,1.) ;
#9711=VECTOR('Line Direction',#9710,1.) ;
#9787=VECTOR('Line Direction',#9786,1.) ;
#9812=VECTOR('Line Direction',#9811,1.) ;
#9872=VECTOR('Line Direction',#9871,1.) ;
#9877=VECTOR('Line Direction',#9876,1.) ;
#9949=VECTOR('Line Direction',#9948,1.) ;
#9954=VECTOR('Line Direction',#9953,1.) ;
#494=ADVANCED_BREP_SHAPE_REPRESENTATION('NONE',(#493),#51) ;
#1498=ADVANCED_BREP_SHAPE_REPRESENTATION('NONE',(#1497),#51) ;
#1839=ADVANCED_BREP_SHAPE_REPRESENTATION('NONE',(#1838),#51) ;
#2403=ADVANCED_BREP_SHAPE_REPRESENTATION('NONE',(#2402),#51) ;
#2674=ADVANCED_BREP_SHAPE_REPRESENTATION('NONE',(#2673),#51) ;
#4415=ADVANCED_BREP_SHAPE_REPRESENTATION('NONE',(#4414),#51) ;
#5542=ADVANCED_BREP_SHAPE_REPRESENTATION('NONE',(#5541),#51) ;
#5834=ADVANCED_BREP_SHAPE_REPRESENTATION('NONE',(#5833),#51) ;
#6028=ADVANCED_BREP_SHAPE_REPRESENTATION('NONE',(#6027),#51) ;
#6548=ADVANCED_BREP_SHAPE_REPRESENTATION('NONE',(#6547),#51) ;
#7244=ADVANCED_BREP_SHAPE_REPRESENTATION('NONE',(#7243),#51) ;
#7517=ADVANCED_BREP_SHAPE_REPRESENTATION('NONE',(#7516),#51) ;
#7874=ADVANCED_BREP_SHAPE_REPRESENTATION('NONE',(#7873),#51) ;
#8317=ADVANCED_BREP_SHAPE_REPRESENTATION('NONE',(#8316),#51) ;
#8637=ADVANCED_BREP_SHAPE_REPRESENTATION('NONE',(#8636),#51) ;
#9164=ADVANCED_BREP_SHAPE_REPRESENTATION('NONE',(#9163),#51) ;
#9989=ADVANCED_BREP_SHAPE_REPRESENTATION('NONE',(#9988),#51) ;
#44=SHAPE_REPRESENTATION(' ',(#501,#1505,#1846,#2410,#2681,#4422,#5549,#5564,#5577,#5590,#5603,#5841,#5856,#5869,#5882,#5895,#6035,#6050,#6063,#6076,#6089,#6102,#6115,#6128,#6141,#6154,#6555,#6570,#7251,#7266,#7279,#7292,#7305,#7318,#7331,#7344,#7357,#7370,#7383,#7396,#7409,#7422,#7524,#7539,#7552,#7565,#7578,#7881,#7896,#8324,#8339,#8352,#8365,#8378,#8391,#8644,#9171,#9186,#9199,#9212,#9225,#9238,#9251,#9264,#9277,#9290,#9303,#9316,#9329,#9342,#9355,#9368,#9996),#51) ;
#52=SHAPE_REPRESENTATION(' ',(#502),#510) ;
#511=SHAPE_REPRESENTATION(' ',(#1506),#1514) ;
#1515=SHAPE_REPRESENTATION(' ',(#1847),#1855) ;
#1856=SHAPE_REPRESENTATION(' ',(#2411),#2419) ;
#2420=SHAPE_REPRESENTATION(' ',(#2682),#2690) ;
#2691=SHAPE_REPRESENTATION(' ',(#4423),#4431) ;
#4432=SHAPE_REPRESENTATION(' ',(#5550,#5565,#5578,#5591,#5604),#5558) ;
#5611=SHAPE_REPRESENTATION(' ',(#5842,#5857,#5870,#5883,#5896),#5850) ;
#5903=SHAPE_REPRESENTATION(' ',(#6036,#6051,#6064,#6077,#6090,#6103,#6116,#6129,#6142,#6155),#6044) ;
#6162=SHAPE_REPRESENTATION(' ',(#6556,#6571,#7319,#7332,#7345,#7358,#8340,#8353,#8366,#8379,#8392,#9252,#9265,#9278),#6564) ;
#6578=SHAPE_REPRESENTATION(' ',(#7252,#7267,#7280,#7293,#7306,#7371,#7384,#7397,#7410,#7423,#9291,#9304,#9317,#9369),#7260) ;
#7430=SHAPE_REPRESENTATION(' ',(#7525,#7540,#7553,#7566,#7579,#9330,#9343,#9356),#7533) ;
#7586=SHAPE_REPRESENTATION(' ',(#7882,#7897),#7890) ;
#7904=SHAPE_REPRESENTATION(' ',(#8325),#8333) ;
#8399=SHAPE_REPRESENTATION(' ',(#8645),#8653) ;
#8654=SHAPE_REPRESENTATION(' ',(#9172,#9187,#9200,#9213,#9226,#9239),#9180) ;
#9376=SHAPE_REPRESENTATION(' ',(#9997),#10005) ;
#100=ADVANCED_FACE('PartBody',(#99),#65,.F.) ;
#117=ADVANCED_FACE('PartBody',(#116),#65,.F.) ;
#145=ADVANCED_FACE('PartBody',(#140,#144),#122,.F.) ;
#173=ADVANCED_FACE('PartBody',(#168,#172),#150,.T.) ;
#197=ADVANCED_FACE('PartBody',(#196),#178,.T.) ;
#242=ADVANCED_FACE('PartBody',(#241),#202,.F.) ;
#268=ADVANCED_FACE('PartBody',(#267),#202,.F.) ;
#336=ADVANCED_FACE('PartBody',(#297,#335),#273,.T.) ;
#384=ADVANCED_FACE('PartBody',(#345,#383),#273,.T.) ;
#408=ADVANCED_FACE('PartBody',(#407),#389,.T.) ;
#431=ADVANCED_FACE('PartBody',(#430),#413,.F.) ;
#438=ADVANCED_FACE('PartBody',(#437),#413,.F.) ;
#462=ADVANCED_FACE('PartBody',(#461),#443,.T.) ;
#485=ADVANCED_FACE('PartBody',(#484),#467,.F.) ;
#492=ADVANCED_FACE('PartBody',(#491),#467,.F.) ;
#559=ADVANCED_FACE('PartBody',(#558),#524,.T.) ;
#576=ADVANCED_FACE('PartBody',(#575),#524,.T.) ;
#616=ADVANCED_FACE('PartBody',(#615),#581,.T.) ;
#633=ADVANCED_FACE('PartBody',(#632),#581,.T.) ;
#668=ADVANCED_FACE('PartBody',(#667),#524,.T.) ;
#685=ADVANCED_FACE('PartBody',(#684),#524,.T.) ;
#713=ADVANCED_FACE('PartBody',(#694,#712),#690,.F.) ;
#727=ADVANCED_FACE('PartBody',(#722,#726),#718,.T.) ;
#741=ADVANCED_FACE('PartBody',(#736,#740),#732,.F.) ;
#769=ADVANCED_FACE('PartBody',(#764,#768),#746,.F.) ;
#811=ADVANCED_FACE('PartBody',(#792,#810),#774,.T.) ;
#842=ADVANCED_FACE('PartBody',(#841),#816,.F.) ;
#854=ADVANCED_FACE('PartBody',(#853),#816,.F.) ;
#885=ADVANCED_FACE('PartBody',(#884),#859,.F.) ;
#899=ADVANCED_FACE('PartBody',(#894,#898),#746,.T.) ;
#906=ADVANCED_FACE('PartBody',(#905),#859,.F.) ;
#930=ADVANCED_FACE('PartBody',(#929),#911,.T.) ;
#975=ADVANCED_FACE('PartBody',(#974),#935,.F.) ;
#1001=ADVANCED_FACE('PartBody',(#1000),#935,.F.) ;
#1143=ADVANCED_FACE('PartBody',(#1022,#1028,#1066,#1104,#1142),#1006,.T.) ;
#1226=ADVANCED_FACE('PartBody',(#1149,#1187,#1225),#1006,.T.) ;
#1250=ADVANCED_FACE('PartBody',(#1249),#1231,.T.) ;
#1273=ADVANCED_FACE('PartBody',(#1272),#1255,.F.) ;
#1280=ADVANCED_FACE('PartBody',(#1279),#1255,.F.) ;
#1304=ADVANCED_FACE('PartBody',(#1303),#1285,.T.) ;
#1327=ADVANCED_FACE('PartBody',(#1326),#1309,.F.) ;
#1334=ADVANCED_FACE('PartBody',(#1333),#1309,.F.) ;
#1358=ADVANCED_FACE('PartBody',(#1357),#1339,.T.) ;
#1381=ADVANCED_FACE('PartBody',(#1380),#1363,.F.) ;
#1388=ADVANCED_FACE('PartBody',(#1387),#1363,.F.) ;
#1412=ADVANCED_FACE('PartBody',(#1411),#1393,.T.) ;
#1435=ADVANCED_FACE('PartBody',(#1434),#1417,.F.) ;
#1442=ADVANCED_FACE('PartBody',(#1441),#1417,.F.) ;
#1466=ADVANCED_FACE('PartBody',(#1465),#1447,.T.) ;
#1489=ADVANCED_FACE('PartBody',(#1488),#1471,.F.) ;
#1496=ADVANCED_FACE('PartBody',(#1495),#1471,.F.) ;
#1563=ADVANCED_FACE('PartBody',(#1562),#1528,.F.) ;
#1594=ADVANCED_FACE('PartBody',(#1593),#1568,.F.) ;
#1625=ADVANCED_FACE('PartBody',(#1624),#1599,.F.) ;
#1647=ADVANCED_FACE('PartBody',(#1646),#1630,.F.) ;
#1687=ADVANCED_FACE('PartBody',(#1686),#1652,.T.) ;
#1708=ADVANCED_FACE('PartBody',(#1707),#1652,.T.) ;
#1748=ADVANCED_FACE('PartBody',(#1747),#1713,.F.) ;
#1769=ADVANCED_FACE('PartBody',(#1768),#1713,.F.) ;
#1791=ADVANCED_FACE('PartBody',(#1790),#1774,.F.) ;
#1808=ADVANCED_FACE('PartBody',(#1807),#1796,.F.) ;
#1825=ADVANCED_FACE('PartBody',(#1824),#1813,.F.) ;
#1837=ADVANCED_FACE('PartBody',(#1836),#1830,.F.) ;
#1904=ADVANCED_FACE('PartBody',(#1903),#1869,.T.) ;
#1935=ADVANCED_FACE('PartBody',(#1934),#1909,.T.) ;
#1966=ADVANCED_FACE('PartBody',(#1965),#1940,.T.) ;
#1997=ADVANCED_FACE('PartBody',(#1996),#1971,.T.) ;
#2028=ADVANCED_FACE('PartBody',(#2027),#2002,.F.) ;
#2059=ADVANCED_FACE('PartBody',(#2058),#2033,.T.) ;
#2090=ADVANCED_FACE('PartBody',(#2089),#2064,.T.) ;
#2121=ADVANCED_FACE('PartBody',(#2120),#2095,.T.) ;
#2147=ADVANCED_FACE('PartBody',(#2146),#1940,.T.) ;
#2178=ADVANCED_FACE('PartBody',(#2177),#2152,.F.) ;
#2209=ADVANCED_FACE('PartBody',(#2208),#2183,.T.) ;
#2231=ADVANCED_FACE('PartBody',(#2230),#2214,.F.) ;
#2271=ADVANCED_FACE('PartBody',(#2270),#2236,.F.) ;
#2288=ADVANCED_FACE('PartBody',(#2287),#2236,.F.) ;
#2328=ADVANCED_FACE('PartBody',(#2327),#2293,.F.) ;
#2345=ADVANCED_FACE('PartBody',(#2344),#2293,.F.) ;
#2373=ADVANCED_FACE('PartBody',(#2364,#2368,#2372),#2350,.F.) ;
#2401=ADVANCED_FACE('PartBody',(#2392,#2396,#2400),#2378,.T.) ;
#2452=ADVANCED_FACE('PartBody',(#2451),#2433,.F.) ;
#2483=ADVANCED_FACE('PartBody',(#2482),#2457,.F.) ;
#2495=ADVANCED_FACE('PartBody',(#2494),#2457,.F.) ;
#2523=ADVANCED_FACE('PartBody',(#2518,#2522),#2500,.T.) ;
#2554=ADVANCED_FACE('PartBody',(#2553),#2528,.T.) ;
#2571=ADVANCED_FACE('PartBody',(#2570),#2559,.T.) ;
#2595=ADVANCED_FACE('PartBody',(#2594),#2576,.F.) ;
#2626=ADVANCED_FACE('PartBody',(#2625),#2600,.T.) ;
#2638=ADVANCED_FACE('PartBody',(#2637),#2600,.T.) ;
#2660=ADVANCED_FACE('PartBody',(#2659),#2643,.T.) ;
#2672=ADVANCED_FACE('PartBody',(#2671),#2665,.T.) ;
#2739=ADVANCED_FACE('PartBody',(#2738),#2704,.F.) ;
#2756=ADVANCED_FACE('PartBody',(#2755),#2704,.F.) ;
#2784=ADVANCED_FACE('PartBody',(#2779,#2783),#2761,.T.) ;
#2941=ADVANCED_FACE('PartBody',(#2856,#2898,#2940),#2789,.T.) ;
#3058=ADVANCED_FACE('PartBody',(#2973,#3015,#3057),#2789,.T.) ;
#3086=ADVANCED_FACE('PartBody',(#3067,#3085),#3063,.F.) ;
#3118=ADVANCED_FACE('PartBody',(#3117),#3091,.T.) ;
#3131=ADVANCED_FACE('PartBody',(#3130),#3091,.T.) ;
#3162=ADVANCED_FACE('PartBody',(#3161),#3136,.T.) ;
#3174=ADVANCED_FACE('PartBody',(#3173),#3136,.T.) ;
#3205=ADVANCED_FACE('PartBody',(#3204),#3179,.T.) ;
#3217=ADVANCED_FACE('PartBody',(#3216),#3179,.T.) ;
#3248=ADVANCED_FACE('PartBody',(#3247),#3222,.T.) ;
#3260=ADVANCED_FACE('PartBody',(#3259),#3222,.T.) ;
#3291=ADVANCED_FACE('PartBody',(#3290),#3265,.T.) ;
#3303=ADVANCED_FACE('PartBody',(#3302),#3265,.T.) ;
#3331=ADVANCED_FACE('PartBody',(#3312,#3330),#3308,.F.) ;
#3359=ADVANCED_FACE('PartBody',(#3340,#3358),#3336,.F.) ;
#3387=ADVANCED_FACE('PartBody',(#3368,#3386),#3364,.F.) ;
#3415=ADVANCED_FACE('PartBody',(#3396,#3414),#3392,.F.) ;
#3443=ADVANCED_FACE('PartBody',(#3424,#3442),#3420,.F.) ;
#3467=ADVANCED_FACE('PartBody',(#3466),#3448,.T.) ;
#3491=ADVANCED_FACE('PartBody',(#3490),#3472,.T.) ;
#3515=ADVANCED_FACE('PartBody',(#3514),#3496,.T.) ;
#3539=ADVANCED_FACE('PartBody',(#3538),#3520,.T.) ;
#3563=ADVANCED_FACE('PartBody',(#3562),#3544,.T.) ;
#3585=ADVANCED_FACE('PartBody',(#3584),#3568,.F.) ;
#3592=ADVANCED_FACE('PartBody',(#3591),#3568,.F.) ;
#3614=ADVANCED_FACE('PartBody',(#3613),#3597,.F.) ;
#3621=ADVANCED_FACE('PartBody',(#3620),#3597,.F.) ;
#3643=ADVANCED_FACE('PartBody',(#3642),#3626,.F.) ;
#3650=ADVANCED_FACE('PartBody',(#3649),#3626,.F.) ;
#3672=ADVANCED_FACE('PartBody',(#3671),#3655,.F.) ;
#3679=ADVANCED_FACE('PartBody',(#3678),#3655,.F.) ;
#3701=ADVANCED_FACE('PartBody',(#3700),#3684,.F.) ;
#3708=ADVANCED_FACE('PartBody',(#3707),#3684,.F.) ;
#3739=ADVANCED_FACE('PartBody',(#3738),#3713,.T.) ;
#3779=ADVANCED_FACE('PartBody',(#3778),#3744,.F.) ;
#3796=ADVANCED_FACE('PartBody',(#3795),#3744,.F.) ;
#3863=ADVANCED_FACE('PartBody',(#3858,#3862),#3801,.F.) ;
#3932=ADVANCED_FACE('PartBody',(#3931),#3713,.T.) ;
#3991=ADVANCED_FACE('PartBody',(#3990),#3937,.T.) ;
#4058=ADVANCED_FACE('PartBody',(#4057),#3992,.F.) ;
#4103=ADVANCED_FACE('PartBody',(#4102),#4059,.F.) ;
#4154=ADVANCED_FACE('PartBody',(#4153),#4104,.T.) ;
#4218=ADVANCED_FACE('PartBody',(#4217),#4155,.F.) ;
#4264=ADVANCED_FACE('PartBody',(#4263),#4219,.F.) ;
#4281=ADVANCED_FACE('PartBody',(#4280),#4269,.F.) ;
#4298=ADVANCED_FACE('PartBody',(#4297),#4286,.F.) ;
#4335=ADVANCED_FACE('PartBody',(#4330,#4334),#4303,.T.) ;
#4372=ADVANCED_FACE('PartBody',(#4367,#4371),#4340,.T.) ;
#4389=ADVANCED_FACE('PartBody',(#4388),#4377,.T.) ;
#4401=ADVANCED_FACE('PartBody',(#4400),#4377,.T.) ;
#4413=ADVANCED_FACE('PartBody',(#4412),#4406,.F.) ;
#4498=ADVANCED_FACE('PartBody',(#4479,#4497),#4445,.F.) ;
#4529=ADVANCED_FACE('PartBody',(#4528),#4503,.F.) ;
#4541=ADVANCED_FACE('PartBody',(#4540),#4503,.F.) ;
#4583=ADVANCED_FACE('PartBody',(#4564,#4582),#4546,.T.) ;
#4611=ADVANCED_FACE('PartBody',(#4592,#4610),#4588,.F.) ;
#4633=ADVANCED_FACE('PartBody',(#4632),#4616,.F.) ;
#4640=ADVANCED_FACE('PartBody',(#4639),#4616,.F.) ;
#4688=ADVANCED_FACE('PartBody',(#4687),#4645,.F.) ;
#4731=ADVANCED_FACE('PartBody',(#4730),#4645,.F.) ;
#4855=ADVANCED_FACE('PartBody',(#4770,#4812,#4854),#4503,.F.) ;
#4969=ADVANCED_FACE('PartBody',(#4884,#4926,#4968),#4503,.F.) ;
#5036=ADVANCED_FACE('PartBody',(#4999,#5017,#5035),#4974,.T.) ;
#5103=ADVANCED_FACE('PartBody',(#5066,#5084,#5102),#5041,.F.) ;
#5125=ADVANCED_FACE('PartBody',(#5124),#5108,.F.) ;
#5132=ADVANCED_FACE('PartBody',(#5131),#5108,.F.) ;
#5154=ADVANCED_FACE('PartBody',(#5153),#5137,.F.) ;
#5161=ADVANCED_FACE('PartBody',(#5160),#5137,.F.) ;
#5178=ADVANCED_FACE('PartBody',(#5177),#5137,.F.) ;
#5185=ADVANCED_FACE('PartBody',(#5184),#5137,.F.) ;
#5202=ADVANCED_FACE('PartBody',(#5201),#5108,.F.) ;
#5209=ADVANCED_FACE('PartBody',(#5208),#5108,.F.) ;
#5241=ADVANCED_FACE('PartBody',(#5240),#5214,.F.) ;
#5273=ADVANCED_FACE('PartBody',(#5272),#5246,.F.) ;
#5300=ADVANCED_FACE('PartBody',(#5299),#5246,.F.) ;
#5327=ADVANCED_FACE('PartBody',(#5326),#5214,.F.) ;
#5393=ADVANCED_FACE('PartBody',(#5392),#5332,.T.) ;
#5426=ADVANCED_FACE('PartBody',(#5425),#5398,.T.) ;
#5454=ADVANCED_FACE('PartBody',(#5453),#5398,.T.) ;
#5506=ADVANCED_FACE('PartBody',(#5505),#5459,.T.) ;
#5517=ADVANCED_FACE('PartBody',(#5516),#5511,.T.) ;
#5528=ADVANCED_FACE('PartBody',(#5527),#5522,.T.) ;
#5534=ADVANCED_FACE('PartBody',(#5533),#5511,.T.) ;
#5540=ADVANCED_FACE('PartBody',(#5539),#5522,.T.) ;
#5659=ADVANCED_FACE('PartBody',(#5658),#5624,.T.) ;
#5690=ADVANCED_FACE('PartBody',(#5689),#5664,.T.) ;
#5721=ADVANCED_FACE('PartBody',(#5720),#5695,.F.) ;
#5743=ADVANCED_FACE('PartBody',(#5742),#5726,.F.) ;
#5783=ADVANCED_FACE('PartBody',(#5782),#5748,.F.) ;
#5800=ADVANCED_FACE('PartBody',(#5799),#5748,.F.) ;
#5816=ADVANCED_FACE('PartBody',(#5811,#5815),#5805,.F.) ;
#5832=ADVANCED_FACE('PartBody',(#5827,#5831),#5821,.T.) ;
#5951=ADVANCED_FACE('PartBody',(#5950),#5916,.F.) ;
#5982=ADVANCED_FACE('PartBody',(#5981),#5956,.T.) ;
#6004=ADVANCED_FACE('PartBody',(#6003),#5987,.F.) ;
#6015=ADVANCED_FACE('PartBody',(#6014),#6009,.T.) ;
#6026=ADVANCED_FACE('PartBody',(#6025),#6020,.F.) ;
#6210=ADVANCED_FACE('PartBody',(#6209),#6175,.T.) ;
#6227=ADVANCED_FACE('PartBody',(#6226),#6175,.T.) ;
#6287=ADVANCED_FACE('PartBody',(#6236,#6286),#6232,.F.) ;
#6318=ADVANCED_FACE('PartBody',(#6317),#6292,.T.) ;
#6342=ADVANCED_FACE('PartBody',(#6341),#6323,.T.) ;
#6366=ADVANCED_FACE('PartBody',(#6365),#6347,.T.) ;
#6399=ADVANCED_FACE('PartBody',(#6398),#6371,.T.) ;
#6416=ADVANCED_FACE('PartBody',(#6415),#6404,.T.) ;
#6433=ADVANCED_FACE('PartBody',(#6432),#6421,.T.) ;
#6445=ADVANCED_FACE('PartBody',(#6444),#6438,.T.) ;
#6476=ADVANCED_FACE('PartBody',(#6475),#6450,.T.) ;
#6488=ADVANCED_FACE('PartBody',(#6487),#6450,.T.) ;
#6512=ADVANCED_FACE('PartBody',(#6511),#6493,.T.) ;
#6534=ADVANCED_FACE('PartBody',(#6533),#6517,.T.) ;
#6546=ADVANCED_FACE('PartBody',(#6545),#6539,.T.) ;
#6642=ADVANCED_FACE('PartBody',(#6641),#6591,.T.) ;
#6675=ADVANCED_FACE('PartBody',(#6674),#6591,.T.) ;
#6703=ADVANCED_FACE('PartBody',(#6684,#6702),#6680,.F.) ;
#6718=ADVANCED_FACE('PartBody',(#6717),#6708,.T.) ;
#6728=ADVANCED_FACE('PartBody',(#6727),#6708,.T.) ;
#6759=ADVANCED_FACE('PartBody',(#6758),#6733,.F.) ;
#6771=ADVANCED_FACE('PartBody',(#6770),#6733,.F.) ;
#6781=ADVANCED_FACE('PartBody',(#6780),#6776,.F.) ;
#6846=ADVANCED_FACE('PartBody',(#6811,#6845),#6786,.F.) ;
#6876=ADVANCED_FACE('PartBody',(#6875),#6708,.F.) ;
#6906=ADVANCED_FACE('PartBody',(#6905),#6708,.F.) ;
#6937=ADVANCED_FACE('PartBody',(#6936),#6911,.T.) ;
#6954=ADVANCED_FACE('PartBody',(#6953),#6942,.T.) ;
#6971=ADVANCED_FACE('PartBody',(#6970),#6959,.T.) ;
#7036=ADVANCED_FACE('PartBody',(#7001,#7035),#6976,.T.) ;
#7066=ADVANCED_FACE('PartBody',(#7065),#6708,.F.) ;
#7096=ADVANCED_FACE('PartBody',(#7095),#6708,.F.) ;
#7127=ADVANCED_FACE('PartBody',(#7126),#7101,.T.) ;
#7145=ADVANCED_FACE('PartBody',(#7144),#7132,.T.) ;
#7163=ADVANCED_FACE('PartBody',(#7162),#7150,.F.) ;
#7185=ADVANCED_FACE('PartBody',(#7184),#7168,.T.) ;
#7197=ADVANCED_FACE('PartBody',(#7196),#7190,.T.) ;
#7209=ADVANCED_FACE('PartBody',(#7208),#7202,.T.) ;
#7233=ADVANCED_FACE('PartBody',(#7232),#7214,.F.) ;
#7242=ADVANCED_FACE('PartBody',(#7241),#7214,.F.) ;
#7478=ADVANCED_FACE('PartBody',(#7477),#7443,.T.) ;
#7495=ADVANCED_FACE('PartBody',(#7494),#7443,.T.) ;
#7505=ADVANCED_FACE('PartBody',(#7504),#7500,.F.) ;
#7515=ADVANCED_FACE('PartBody',(#7514),#7510,.T.) ;
#7634=ADVANCED_FACE('PartBody',(#7633),#7599,.T.) ;
#7665=ADVANCED_FACE('PartBody',(#7664),#7639,.F.) ;
#7696=ADVANCED_FACE('PartBody',(#7695),#7670,.T.) ;
#7718=ADVANCED_FACE('PartBody',(#7717),#7701,.T.) ;
#7758=ADVANCED_FACE('PartBody',(#7757),#7723,.F.) ;
#7775=ADVANCED_FACE('PartBody',(#7774),#7723,.F.) ;
#7815=ADVANCED_FACE('PartBody',(#7814),#7780,.F.) ;
#7832=ADVANCED_FACE('PartBody',(#7831),#7780,.F.) ;
#7852=ADVANCED_FACE('PartBody',(#7843,#7847,#7851),#7837,.F.) ;
#7872=ADVANCED_FACE('PartBody',(#7863,#7867,#7871),#7857,.T.) ;
#7952=ADVANCED_FACE('PartBody',(#7951),#7917,.F.) ;
#8017=ADVANCED_FACE('PartBody',(#7998,#8016),#7957,.T.) ;
#8041=ADVANCED_FACE('PartBody',(#8040),#8022,.T.) ;
#8099=ADVANCED_FACE('PartBody',(#8080,#8098),#8046,.F.) ;
#8124=ADVANCED_FACE('PartBody',(#8123),#8104,.F.) ;
#8149=ADVANCED_FACE('PartBody',(#8148),#8104,.F.) ;
#8161=ADVANCED_FACE('PartBody',(#8160),#8154,.F.) ;
#8183=ADVANCED_FACE('PartBody',(#8182),#8166,.F.) ;
#8190=ADVANCED_FACE('PartBody',(#8189),#8166,.F.) ;
#8200=ADVANCED_FACE('PartBody',(#8199),#8104,.T.) ;
#8210=ADVANCED_FACE('PartBody',(#8209),#8104,.T.) ;
#8243=ADVANCED_FACE('PartBody',(#8242),#8215,.T.) ;
#8257=ADVANCED_FACE('PartBody',(#8256),#8215,.T.) ;
#8281=ADVANCED_FACE('PartBody',(#8280),#8262,.F.) ;
#8303=ADVANCED_FACE('PartBody',(#8302),#8286,.T.) ;
#8315=ADVANCED_FACE('PartBody',(#8314),#8308,.T.) ;
#8447=ADVANCED_FACE('PartBody',(#8446),#8412,.F.) ;
#8464=ADVANCED_FACE('PartBody',(#8463),#8412,.F.) ;
#8504=ADVANCED_FACE('PartBody',(#8503),#8469,.F.) ;
#8521=ADVANCED_FACE('PartBody',(#8520),#8469,.F.) ;
#8561=ADVANCED_FACE('PartBody',(#8560),#8526,.T.) ;
#8578=ADVANCED_FACE('PartBody',(#8577),#8526,.T.) ;
#8600=ADVANCED_FACE('PartBody',(#8599),#8583,.T.) ;
#8607=ADVANCED_FACE('PartBody',(#8606),#8583,.T.) ;
#8621=ADVANCED_FACE('PartBody',(#8616,#8620),#8612,.T.) ;
#8635=ADVANCED_FACE('PartBody',(#8630,#8634),#8626,.F.) ;
#8702=ADVANCED_FACE('PartBody',(#8701),#8667,.T.) ;
#8724=ADVANCED_FACE('PartBody',(#8723),#8707,.T.) ;
#8766=ADVANCED_FACE('PartBody',(#8747,#8765),#8729,.T.) ;
#8797=ADVANCED_FACE('PartBody',(#8796),#8771,.T.) ;
#8809=ADVANCED_FACE('PartBody',(#8808),#8771,.T.) ;
#8831=ADVANCED_FACE('PartBody',(#8830),#8814,.T.) ;
#8843=ADVANCED_FACE('PartBody',(#8842),#8836,.T.) ;
#8874=ADVANCED_FACE('PartBody',(#8873),#8848,.T.) ;
#8886=ADVANCED_FACE('PartBody',(#8885),#8848,.T.) ;
#8910=ADVANCED_FACE('PartBody',(#8909),#8891,.T.) ;
#8932=ADVANCED_FACE('PartBody',(#8931),#8915,.T.) ;
#8944=ADVANCED_FACE('PartBody',(#8943),#8937,.T.) ;
#9004=ADVANCED_FACE('PartBody',(#8953,#9003),#8949,.F.) ;
#9035=ADVANCED_FACE('PartBody',(#9034),#9009,.T.) ;
#9059=ADVANCED_FACE('PartBody',(#9058),#9040,.T.) ;
#9083=ADVANCED_FACE('PartBody',(#9082),#9064,.T.) ;
#9116=ADVANCED_FACE('PartBody',(#9115),#9088,.T.) ;
#9133=ADVANCED_FACE('PartBody',(#9132),#9121,.T.) ;
#9150=ADVANCED_FACE('PartBody',(#9149),#9138,.T.) ;
#9162=ADVANCED_FACE('PartBody',(#9161),#9155,.T.) ;
#9424=ADVANCED_FACE('PartBody',(#9423),#9389,.F.) ;
#9456=ADVANCED_FACE('PartBody',(#9455),#9429,.F.) ;
#9488=ADVANCED_FACE('PartBody',(#9487),#9461,.F.) ;
#9537=ADVANCED_FACE('PartBody',(#9536),#9493,.T.) ;
#9568=ADVANCED_FACE('PartBody',(#9567),#9542,.T.) ;
#9593=ADVANCED_FACE('PartBody',(#9592),#9573,.T.) ;
#9618=ADVANCED_FACE('PartBody',(#9617),#9598,.T.) ;
#9650=ADVANCED_FACE('PartBody',(#9649),#9623,.T.) ;
#9677=ADVANCED_FACE('PartBody',(#9676),#9623,.T.) ;
#9689=ADVANCED_FACE('PartBody',(#9688),#9623,.T.) ;
#9720=ADVANCED_FACE('PartBody',(#9719),#9694,.T.) ;
#9745=ADVANCED_FACE('PartBody',(#9744),#9725,.T.) ;
#9770=ADVANCED_FACE('PartBody',(#9769),#9750,.T.) ;
#9802=ADVANCED_FACE('PartBody',(#9801),#9775,.F.) ;
#9821=ADVANCED_FACE('PartBody',(#9820),#9775,.F.) ;
#9841=ADVANCED_FACE('PartBody',(#9840),#9775,.F.) ;
#9890=ADVANCED_FACE('PartBody',(#9889),#9846,.F.) ;
#9917=ADVANCED_FACE('PartBody',(#9916),#9895,.T.) ;
#9941=ADVANCED_FACE('PartBody',(#9940),#9922,.F.) ;
#9963=ADVANCED_FACE('PartBody',(#9962),#9946,.F.) ;
#9975=ADVANCED_FACE('PartBody',(#9974),#9968,.F.) ;
#9987=ADVANCED_FACE('PartBody',(#9986),#9980,.F.) ;
#4=APPLICATION_PROTOCOL_DEFINITION('international standard','config_control_design',1994,#1) ;
#35=APPROVAL_DATE_TIME(#13,#24) ;
#203=B_SPLINE_CURVE_WITH_KNOTS('',5,(#204,#205,#206,#207,#208,#209),.UNSPECIFIED.,.F.,.U.,(6,6),(0.,3.33389659684),.UNSPECIFIED.) ;
#227=B_SPLINE_CURVE_WITH_KNOTS('',5,(#228,#229,#230,#231,#232,#233),.UNSPECIFIED.,.F.,.U.,(6,6),(0.,3.33389659687),.UNSPECIFIED.) ;
#243=B_SPLINE_CURVE_WITH_KNOTS('',5,(#244,#245,#246,#247,#248,#249),.UNSPECIFIED.,.F.,.U.,(6,6),(0.,3.33389659685),.UNSPECIFIED.) ;
#253=B_SPLINE_CURVE_WITH_KNOTS('',5,(#254,#255,#256,#257,#258,#259),.UNSPECIFIED.,.F.,.U.,(6,6),(0.,3.33389659684),.UNSPECIFIED.) ;
#298=B_SPLINE_CURVE_WITH_KNOTS('',5,(#299,#300,#301,#302,#303,#304),.UNSPECIFIED.,.F.,.U.,(6,6),(0.,3.33390357355),.UNSPECIFIED.) ;
#310=B_SPLINE_CURVE_WITH_KNOTS('',5,(#311,#312,#313,#314,#315,#316,#317,#318,#319),.UNSPECIFIED.,.F.,.U.,(6,3,6),(0.,3.44737766979,6.66790046791),.UNSPECIFIED.) ;
#323=B_SPLINE_CURVE_WITH_KNOTS('',5,(#324,#325,#326,#327,#328,#329),.UNSPECIFIED.,.F.,.U.,(6,6),(6.66790046791,10.0018477278),.UNSPECIFIED.) ;
#346=B_SPLINE_CURVE_WITH_KNOTS('',5,(#347,#348,#349,#350,#351,#352),.UNSPECIFIED.,.F.,.U.,(6,6),(0.,3.33390357355),.UNSPECIFIED.) ;
#358=B_SPLINE_CURVE_WITH_KNOTS('',5,(#359,#360,#361,#362,#363,#364,#365,#366,#367),.UNSPECIFIED.,.F.,.U.,(6,3,6),(0.,3.44737766995,6.66790046816),.UNSPECIFIED.) ;
#371=B_SPLINE_CURVE_WITH_KNOTS('',5,(#372,#373,#374,#375,#376,#377),.UNSPECIFIED.,.F.,.U.,(6,6),(6.66790046816,10.0018477281),.UNSPECIFIED.) ;
#936=B_SPLINE_CURVE_WITH_KNOTS('',5,(#937,#938,#939,#940,#941,#942),.UNSPECIFIED.,.F.,.U.,(6,6),(3.33416269809,6.66832479755),.UNSPECIFIED.) ;
#960=B_SPLINE_CURVE_WITH_KNOTS('',5,(#961,#962,#963,#964,#965,#966),.UNSPECIFIED.,.F.,.U.,(6,6),(0.,3.33416269809),.UNSPECIFIED.) ;
#976=B_SPLINE_CURVE_WITH_KNOTS('',5,(#977,#978,#979,#980,#981,#982),.UNSPECIFIED.,.F.,.U.,(6,6),(3.33416269863,6.66832479797),.UNSPECIFIED.) ;
#986=B_SPLINE_CURVE_WITH_KNOTS('',5,(#987,#988,#989,#990,#991,#992),.UNSPECIFIED.,.F.,.U.,(6,6),(0.,3.33416269863),.UNSPECIFIED.) ;
#1029=B_SPLINE_CURVE_WITH_KNOTS('',5,(#1030,#1031,#1032,#1033,#1034,#1035),.UNSPECIFIED.,.F.,.U.,(6,6),(6.66840914241,10.0026125376),.UNSPECIFIED.) ;
#1041=B_SPLINE_CURVE_WITH_KNOTS('',5,(#1042,#1043,#1044,#1045,#1046,#1047),.UNSPECIFIED.,.F.,.U.,(6,6),(0.,3.33415577506),.UNSPECIFIED.) ;
#1051=B_SPLINE_CURVE_WITH_KNOTS('',5,(#1052,#1053,#1054,#1055,#1056,#1057,#1058,#1059,#1060),.UNSPECIFIED.,.F.,.U.,(6,3,6),(0.,3.25276366848,6.66840914241),.UNSPECIFIED.) ;
#1067=B_SPLINE_CURVE_WITH_KNOTS('',5,(#1068,#1069,#1070,#1071,#1072,#1073),.UNSPECIFIED.,.F.,.U.,(6,6),(6.66840914304,10.0026125381),.UNSPECIFIED.) ;
#1079=B_SPLINE_CURVE_WITH_KNOTS('',5,(#1080,#1081,#1082,#1083,#1084,#1085),.UNSPECIFIED.,.F.,.U.,(6,6),(0.,3.33415577581),.UNSPECIFIED.) ;
#1089=B_SPLINE_CURVE_WITH_KNOTS('',5,(#1090,#1091,#1092,#1093,#1094,#1095,#1096,#1097,#1098),.UNSPECIFIED.,.F.,.U.,(6,3,6),(0.,3.25276366856,6.66840914304),.UNSPECIFIED.) ;
#1105=B_SPLINE_CURVE_WITH_KNOTS('',5,(#1106,#1107,#1108,#1109,#1110,#1111),.UNSPECIFIED.,.F.,.U.,(6,6),(6.66840914248,10.0026125376),.UNSPECIFIED.) ;
#1117=B_SPLINE_CURVE_WITH_KNOTS('',5,(#1118,#1119,#1120,#1121,#1122,#1123),.UNSPECIFIED.,.F.,.U.,(6,6),(0.,3.33415577515),.UNSPECIFIED.) ;
#1127=B_SPLINE_CURVE_WITH_KNOTS('',5,(#1128,#1129,#1130,#1131,#1132,#1133,#1134,#1135,#1136),.UNSPECIFIED.,.F.,.U.,(6,3,6),(0.,3.25276366834,6.66840914248),.UNSPECIFIED.) ;
#1150=B_SPLINE_CURVE_WITH_KNOTS('',5,(#1151,#1152,#1153,#1154,#1155,#1156),.UNSPECIFIED.,.F.,.U.,(6,6),(6.6684091426,10.0026125378),.UNSPECIFIED.) ;
#1162=B_SPLINE_CURVE_WITH_KNOTS('',5,(#1163,#1164,#1165,#1166,#1167,#1168),.UNSPECIFIED.,.F.,.U.,(6,6),(0.,3.33415577539),.UNSPECIFIED.) ;
#1172=B_SPLINE_CURVE_WITH_KNOTS('',5,(#1173,#1174,#1175,#1176,#1177,#1178,#1179,#1180,#1181),.UNSPECIFIED.,.F.,.U.,(6,3,6),(0.,3.25276366843,6.6684091426),.UNSPECIFIED.) ;
#1188=B_SPLINE_CURVE_WITH_KNOTS('',5,(#1189,#1190,#1191,#1192,#1193,#1194),.UNSPECIFIED.,.F.,.U.,(6,6),(6.66840914261,10.0026125378),.UNSPECIFIED.) ;
#1200=B_SPLINE_CURVE_WITH_KNOTS('',5,(#1201,#1202,#1203,#1204,#1205,#1206),.UNSPECIFIED.,.F.,.U.,(6,6),(0.,3.33415577516),.UNSPECIFIED.) ;
#1210=B_SPLINE_CURVE_WITH_KNOTS('',5,(#1211,#1212,#1213,#1214,#1215,#1216,#1217,#1218,#1219),.UNSPECIFIED.,.F.,.U.,(6,3,6),(0.,3.25276366854,6.66840914261),.UNSPECIFIED.) ;
#2818=B_SPLINE_CURVE_WITH_KNOTS('',5,(#2819,#2820,#2821,#2822,#2823,#2824,#2825,#2826,#2827,#2828,#2829,#2830),.UNSPECIFIED.,.F.,.U.,(6,3,3,6),(8.03391578407E-015,3.57146553339,6.32306629154,10.7576688736),.UNSPECIFIED.) ;
#2834=B_SPLINE_CURVE_WITH_KNOTS('',5,(#2835,#2836,#2837,#2838,#2839,#2840,#2841,#2842,#2843,#2844,#2845,#2846),.UNSPECIFIED.,.F.,.U.,(6,3,3,6),(0.,5.37817060792,8.89940573143,10.7584766931),.UNSPECIFIED.) ;
#2857=B_SPLINE_CURVE_WITH_KNOTS('',5,(#2858,#2859,#2860,#2861,#2862,#2863,#2864,#2865,#2866,#2867,#2868,#2869,#2870,#2871,#2872),.UNSPECIFIED.,.F.,.U.,(6,3,3,3,6),(0.,4.27711716608,7.50491447876,9.89076543928,13.4716187655),.UNSPECIFIED.) ;
#2878=B_SPLINE_CURVE_WITH_KNOTS('',5,(#2879,#2880,#2881,#2882,#2883,#2884,#2885,#2886,#2887,#2888,#2889,#2890,#2891,#2892,#2893),.UNSPECIFIED.,.F.,.U.,(6,3,3,3,6),(0.,4.27711716625,7.5049144789,9.89076543941,13.4716187656),.UNSPECIFIED.) ;
#2899=B_SPLINE_CURVE_WITH_KNOTS('',5,(#2900,#2901,#2902,#2903,#2904,#2905,#2906,#2907,#2908,#2909,#2910,#2911,#2912,#2913,#2914),.UNSPECIFIED.,.F.,.U.,(6,3,3,3,6),(0.,4.27711716608,7.50491447876,9.89076543928,13.4716187655),.UNSPECIFIED.) ;
#2920=B_SPLINE_CURVE_WITH_KNOTS('',5,(#2921,#2922,#2923,#2924,#2925,#2926,#2927,#2928,#2929,#2930,#2931,#2932,#2933,#2934,#2935),.UNSPECIFIED.,.F.,.U.,(6,3,3,3,6),(0.,4.27711716625,7.5049144789,9.89076543941,13.4716187656),.UNSPECIFIED.) ;
#2947=B_SPLINE_CURVE_WITH_KNOTS('',5,(#2948,#2949,#2950,#2951,#2952,#2953),.UNSPECIFIED.,.F.,.U.,(6,6),(1.62584199097E-005,5.73959810006),.UNSPECIFIED.) ;
#2957=B_SPLINE_CURVE_WITH_KNOTS('',5,(#2958,#2959,#2960,#2961,#2962,#2963),.UNSPECIFIED.,.F.,.U.,(6,6),(0.,5.74106959634),.UNSPECIFIED.) ;
#2974=B_SPLINE_CURVE_WITH_KNOTS('',5,(#2975,#2976,#2977,#2978,#2979,#2980,#2981,#2982,#2983,#2984,#2985,#2986,#2987,#2988,#2989),.UNSPECIFIED.,.F.,.U.,(6,3,3,3,6),(0.,4.27711716625,7.5049144789,9.89076543941,13.4716187656),.UNSPECIFIED.) ;
#2995=B_SPLINE_CURVE_WITH_KNOTS('',5,(#2996,#2997,#2998,#2999,#3000,#3001,#3002,#3003,#3004,#3005,#3006,#3007,#3008,#3009,#3010),.UNSPECIFIED.,.F.,.U.,(6,3,3,3,6),(0.,4.27711716608,7.50491447876,9.89076543928,13.4716187655),.UNSPECIFIED.) ;
#3016=B_SPLINE_CURVE_WITH_KNOTS('',5,(#3017,#3018,#3019,#3020,#3021,#3022,#3023,#3024,#3025,#3026,#3027,#3028,#3029,#3030,#3031),.UNSPECIFIED.,.F.,.U.,(6,3,3,3,6),(0.,4.27711716608,7.50491447876,9.89076543928,13.4716187655),.UNSPECIFIED.) ;
#3037=B_SPLINE_CURVE_WITH_KNOTS('',5,(#3038,#3039,#3040,#3041,#3042,#3043,#3044,#3045,#3046,#3047,#3048,#3049,#3050,#3051,#3052),.UNSPECIFIED.,.F.,.U.,(6,3,3,3,6),(0.,4.27711716625,7.5049144789,9.89076543941,13.4716187656),.UNSPECIFIED.) ;
#3871=B_SPLINE_CURVE_WITH_KNOTS('',4,(#3872,#3873,#3874,#3875,#3876),.UNSPECIFIED.,.F.,.U.,(5,5),(0.,0.987889309057),.UNSPECIFIED.) ;
#3880=B_SPLINE_CURVE_WITH_KNOTS('',3,(#3881,#3882,#3883,#3884),.UNSPECIFIED.,.F.,.U.,(4,4),(0.,0.516114239582),.UNSPECIFIED.) ;
#3888=B_SPLINE_CURVE_WITH_KNOTS('',3,(#3889,#3890,#3891,#3892),.UNSPECIFIED.,.F.,.U.,(4,4),(14.9668392276,17.6115923886),.UNSPECIFIED.) ;
#3896=B_SPLINE_CURVE_WITH_KNOTS('',3,(#3897,#3898,#3899,#3900),.UNSPECIFIED.,.F.,.U.,(4,4),(0.,0.516839962174),.UNSPECIFIED.) ;
#3904=B_SPLINE_CURVE_WITH_KNOTS('',4,(#3905,#3906,#3907,#3908,#3909),.UNSPECIFIED.,.F.,.U.,(5,5),(0.,0.987912230577),.UNSPECIFIED.) ;
#3975=B_SPLINE_CURVE_WITH_KNOTS('',5,(#3976,#3977,#3978,#3979,#3980,#3981),.UNSPECIFIED.,.F.,.U.,(6,6),(14.9668392738,17.6115923886),.UNSPECIFIED.) ;
#4029=B_SPLINE_CURVE_WITH_KNOTS('',4,(#4030,#4031,#4032,#4033,#4034),.UNSPECIFIED.,.F.,.U.,(5,5),(0.,1.),.UNSPECIFIED.) ;
#4038=B_SPLINE_CURVE_WITH_KNOTS('',3,(#4039,#4040,#4041,#4042),.UNSPECIFIED.,.F.,.U.,(4,4),(0.49343546132,0.987912230577),.UNSPECIFIED.) ;
#4044=B_SPLINE_CURVE_WITH_KNOTS('',4,(#4045,#4046,#4047,#4048,#4049),.UNSPECIFIED.,.F.,.U.,(5,5),(0.,1.),.UNSPECIFIED.) ;
#4090=B_SPLINE_CURVE_WITH_KNOTS('',4,(#4091,#4092,#4093,#4094,#4095),.UNSPECIFIED.,.F.,.U.,(5,5),(0.,0.999999995089),.UNSPECIFIED.) ;
#4141=B_SPLINE_CURVE_WITH_KNOTS('',4,(#4142,#4143,#4144,#4145,#4146),.UNSPECIFIED.,.F.,.U.,(5,5),(0.,1.),.UNSPECIFIED.) ;
#4192=B_SPLINE_CURVE_WITH_KNOTS('',4,(#4193,#4194,#4195,#4196,#4197),.UNSPECIFIED.,.F.,.U.,(5,5),(0.,1.),.UNSPECIFIED.) ;
#4201=B_SPLINE_CURVE_WITH_KNOTS('',5,(#4202,#4203,#4204,#4205,#4206,#4207,#4208,#4209,#4210),.UNSPECIFIED.,.F.,.U.,(6,3,6),(0.,0.363457160027,0.516114239582),.UNSPECIFIED.) ;
#4250=B_SPLINE_CURVE_WITH_KNOTS('',4,(#4251,#4252,#4253,#4254,#4255),.UNSPECIFIED.,.F.,.U.,(5,5),(0.,1.),.UNSPECIFIED.) ;
#4771=B_SPLINE_CURVE_WITH_KNOTS('',5,(#4772,#4773,#4774,#4775,#4776,#4777,#4778,#4779,#4780,#4781,#4782,#4783,#4784,#4785,#4786),.UNSPECIFIED.,.F.,.U.,(6,3,3,3,6),(0.,2.06352457557,3.45977849582,4.84675452332,6.78246935331),.UNSPECIFIED.) ;
#4792=B_SPLINE_CURVE_WITH_KNOTS('',5,(#4793,#4794,#4795,#4796,#4797,#4798,#4799,#4800,#4801,#4802,#4803,#4804,#4805,#4806,#4807),.UNSPECIFIED.,.F.,.U.,(6,3,3,3,6),(0.,2.06352457557,3.45977849581,4.84675452331,6.78246935332),.UNSPECIFIED.) ;
#4813=B_SPLINE_CURVE_WITH_KNOTS('',5,(#4814,#4815,#4816,#4817,#4818,#4819,#4820,#4821,#4822,#4823,#4824,#4825,#4826,#4827,#4828),.UNSPECIFIED.,.F.,.U.,(6,3,3,3,6),(0.,2.06352457557,3.45977849582,4.84675452332,6.78246935333),.UNSPECIFIED.) ;
#4834=B_SPLINE_CURVE_WITH_KNOTS('',5,(#4835,#4836,#4837,#4838,#4839,#4840,#4841,#4842,#4843,#4844,#4845,#4846,#4847,#4848,#4849),.UNSPECIFIED.,.F.,.U.,(6,3,3,3,6),(0.,2.06352457557,3.45977849582,4.84675452332,6.78246935333),.UNSPECIFIED.) ;
#4885=B_SPLINE_CURVE_WITH_KNOTS('',5,(#4886,#4887,#4888,#4889,#4890,#4891,#4892,#4893,#4894,#4895,#4896,#4897,#4898,#4899,#4900),.UNSPECIFIED.,.F.,.U.,(6,3,3,3,6),(0.,2.06352457556,3.45977849581,4.84675452331,6.78246935334),.UNSPECIFIED.) ;
#4906=B_SPLINE_CURVE_WITH_KNOTS('',5,(#4907,#4908,#4909,#4910,#4911,#4912,#4913,#4914,#4915,#4916,#4917,#4918,#4919,#4920,#4921),.UNSPECIFIED.,.F.,.U.,(6,3,3,3,6),(0.,2.06352457556,3.45977849581,4.84675452331,6.78246935335),.UNSPECIFIED.) ;
#4927=B_SPLINE_CURVE_WITH_KNOTS('',5,(#4928,#4929,#4930,#4931,#4932,#4933,#4934,#4935,#4936,#4937,#4938,#4939,#4940,#4941,#4942),.UNSPECIFIED.,.F.,.U.,(6,3,3,3,6),(0.,2.06352457557,3.45977849582,4.84675452332,6.78246935333),.UNSPECIFIED.) ;
#4948=B_SPLINE_CURVE_WITH_KNOTS('',5,(#4949,#4950,#4951,#4952,#4953,#4954,#4955,#4956,#4957,#4958,#4959,#4960,#4961,#4962,#4963),.UNSPECIFIED.,.F.,.U.,(6,3,3,3,6),(0.,2.06352457557,3.45977849581,4.84675452331,6.7824693533),.UNSPECIFIED.) ;
#5333=B_SPLINE_CURVE_WITH_KNOTS('',5,(#5334,#5335,#5336,#5337,#5338,#5339,#5340,#5341,#5342,#5343,#5344,#5345,#5346,#5347,#5348),.UNSPECIFIED.,.F.,.U.,(6,3,3,3,6),(0.,2.82514506372,4.04029044435,4.61756649666,5.56338881397),.UNSPECIFIED.) ;
#5352=B_SPLINE_CURVE_WITH_KNOTS('',5,(#5353,#5354,#5355,#5356,#5357,#5358,#5359,#5360,#5361,#5362,#5363,#5364,#5365,#5366,#5367),.UNSPECIFIED.,.F.,.U.,(6,3,3,3,6),(0.,2.82514506371,4.04029044433,4.61756649664,5.56338881395),.UNSPECIFIED.) ;
#5460=B_SPLINE_CURVE_WITH_KNOTS('',5,(#5461,#5462,#5463,#5464,#5465,#5466,#5467,#5468,#5469,#5470,#5471,#5472,#5473,#5474,#5475),.UNSPECIFIED.,.F.,.U.,(6,3,3,3,6),(0.,2.82514506371,4.04029044436,4.61756649666,5.56338881401),.UNSPECIFIED.) ;
#5477=B_SPLINE_CURVE_WITH_KNOTS('',5,(#5478,#5479,#5480,#5481,#5482,#5483,#5484,#5485,#5486,#5487,#5488,#5489,#5490,#5491,#5492),.UNSPECIFIED.,.F.,.U.,(6,3,3,3,6),(0.,2.82514506372,4.04029044436,4.61756649666,5.56338881399),.UNSPECIFIED.) ;
#6847=B_SPLINE_CURVE_WITH_KNOTS('',5,(#6848,#6849,#6850,#6851,#6852,#6853,#6854,#6855,#6856,#6857,#6858,#6859,#6860,#6861,#6862),.UNSPECIFIED.,.F.,.U.,(6,3,3,3,6),(0.,0.334963794988,0.658754025974,1.05147341525,1.10780189862),.UNSPECIFIED.) ;
#6877=B_SPLINE_CURVE_WITH_KNOTS('',5,(#6878,#6879,#6880,#6881,#6882,#6883,#6884,#6885,#6886,#6887,#6888,#6889,#6890,#6891,#6892),.UNSPECIFIED.,.F.,.U.,(6,3,3,3,6),(0.,0.334963794988,0.658754025974,1.05147341525,1.10780189862),.UNSPECIFIED.) ;
#7037=B_SPLINE_CURVE_WITH_KNOTS('',5,(#7038,#7039,#7040,#7041,#7042,#7043,#7044,#7045,#7046,#7047,#7048,#7049,#7050,#7051,#7052),.UNSPECIFIED.,.F.,.U.,(6,3,3,3,6),(0.,0.334963794989,0.658754025976,1.05147341525,1.10780189863),.UNSPECIFIED.) ;
#7067=B_SPLINE_CURVE_WITH_KNOTS('',5,(#7068,#7069,#7070,#7071,#7072,#7073,#7074,#7075,#7076,#7077,#7078,#7079,#7080,#7081,#7082),.UNSPECIFIED.,.F.,.U.,(6,3,3,3,6),(0.,0.334963794988,0.658754025974,1.05147341525,1.10780189862),.UNSPECIFIED.) ;
#9430=B_SPLINE_CURVE_WITH_KNOTS('',3,(#9431,#9432,#9433,#9434),.UNSPECIFIED.,.F.,.U.,(4,4),(0.,2.0595428033),.UNSPECIFIED.) ;
#9462=B_SPLINE_CURVE_WITH_KNOTS('',3,(#9463,#9464,#9465,#9466),.UNSPECIFIED.,.F.,.U.,(4,4),(0.,2.95249217227),.UNSPECIFIED.) ;
#9574=B_SPLINE_CURVE_WITH_KNOTS('',3,(#9575,#9576,#9577,#9578),.UNSPECIFIED.,.F.,.U.,(4,4),(0.,2.0707844421),.UNSPECIFIED.) ;
#9599=B_SPLINE_CURVE_WITH_KNOTS('',3,(#9600,#9601,#9602,#9603),.UNSPECIFIED.,.F.,.U.,(4,4),(0.,1.76166468439),.UNSPECIFIED.) ;
#9631=B_SPLINE_CURVE_WITH_KNOTS('',3,(#9632,#9633,#9634,#9635),.UNSPECIFIED.,.F.,.U.,(4,4),(0.156219964405,1.09269717597),.UNSPECIFIED.) ;
#9651=B_SPLINE_CURVE_WITH_KNOTS('',3,(#9652,#9653,#9654,#9655),.UNSPECIFIED.,.F.,.U.,(4,4),(0.156144076729,1.09244026716),.UNSPECIFIED.) ;
#9733=B_SPLINE_CURVE_WITH_KNOTS('',3,(#9734,#9735,#9736,#9737),.UNSPECIFIED.,.F.,.U.,(4,4),(0.,1.86336968962),.UNSPECIFIED.) ;
#9758=B_SPLINE_CURVE_WITH_KNOTS('',3,(#9759,#9760,#9761,#9762),.UNSPECIFIED.,.F.,.U.,(4,4),(0.,2.1781475344),.UNSPECIFIED.) ;
#9790=B_SPLINE_CURVE_WITH_KNOTS('',3,(#9791,#9792,#9793,#9794),.UNSPECIFIED.,.F.,.U.,(4,4),(0.156392983576,1.0928047752),.UNSPECIFIED.) ;
#9829=B_SPLINE_CURVE_WITH_KNOTS('',3,(#9830,#9831,#9832,#9833),.UNSPECIFIED.,.F.,.U.,(4,4),(0.156660183584,1.0936874176),.UNSPECIFIED.) ;
#9896=B_SPLINE_CURVE_WITH_KNOTS('',5,(#9897,#9898,#9899,#9900,#9901,#9902,#9903,#9904,#9905),.UNSPECIFIED.,.F.,.U.,(6,3,6),(0.,1.56823617713,1.76500022754),.UNSPECIFIED.) ;
#9923=B_SPLINE_CURVE_WITH_KNOTS('',5,(#9924,#9925,#9926,#9927,#9928,#9929),.UNSPECIFIED.,.F.,.U.,(6,6),(0.,2.64977861384),.UNSPECIFIED.) ;
#3992=B_SPLINE_SURFACE_WITH_KNOTS('',5,5,((#3993,#3994,#3995,#3996,#3997,#3998),(#3999,#4000,#4001,#4002,#4003,#4004),(#4005,#4006,#4007,#4008,#4009,#4010),(#4011,#4012,#4013,#4014,#4015,#4016),(#4017,#4018,#4019,#4020,#4021,#4022),(#4023,#4024,#4025,#4026,#4027,#4028)),.UNSPECIFIED.,.F.,.F.,.U.,(6,6),(6,6),(0.,0.987912230577),(0.,1.),.UNSPECIFIED.) ;
#4059=B_SPLINE_SURFACE_WITH_KNOTS('',5,4,((#4060,#4061,#4062,#4063,#4064),(#4065,#4066,#4067,#4068,#4069),(#4070,#4071,#4072,#4073,#4074),(#4075,#4076,#4077,#4078,#4079),(#4080,#4081,#4082,#4083,#4084),(#4085,#4086,#4087,#4088,#4089)),.UNSPECIFIED.,.F.,.F.,.U.,(6,6),(5,5),(0.,0.516839962174),(0.,0.999999995089),.UNSPECIFIED.) ;
#4104=B_SPLINE_SURFACE_WITH_KNOTS('',5,5,((#4105,#4106,#4107,#4108,#4109,#4110),(#4111,#4112,#4113,#4114,#4115,#4116),(#4117,#4118,#4119,#4120,#4121,#4122),(#4123,#4124,#4125,#4126,#4127,#4128),(#4129,#4130,#4131,#4132,#4133,#4134),(#4135,#4136,#4137,#4138,#4139,#4140)),.UNSPECIFIED.,.F.,.F.,.U.,(6,6),(6,6),(14.9668392738,17.6115923886),(0.,1.),.UNSPECIFIED.) ;
#4155=B_SPLINE_SURFACE_WITH_KNOTS('',5,5,((#4156,#4157,#4158,#4159,#4160,#4161),(#4162,#4163,#4164,#4165,#4166,#4167),(#4168,#4169,#4170,#4171,#4172,#4173),(#4174,#4175,#4176,#4177,#4178,#4179),(#4180,#4181,#4182,#4183,#4184,#4185),(#4186,#4187,#4188,#4189,#4190,#4191)),.UNSPECIFIED.,.F.,.F.,.U.,(6,6),(6,6),(0.,0.516114239582),(0.,1.),.UNSPECIFIED.) ;
#4219=B_SPLINE_SURFACE_WITH_KNOTS('',5,4,((#4220,#4221,#4222,#4223,#4224),(#4225,#4226,#4227,#4228,#4229),(#4230,#4231,#4232,#4233,#4234),(#4235,#4236,#4237,#4238,#4239),(#4240,#4241,#4242,#4243,#4244),(#4245,#4246,#4247,#4248,#4249)),.UNSPECIFIED.,.F.,.F.,.U.,(6,6),(5,5),(0.,0.987889309057),(0.,1.),.UNSPECIFIED.) ;
#493=MANIFOLD_SOLID_BREP('PartBody',#60) ;
#1497=MANIFOLD_SOLID_BREP('PartBody',#519) ;
#1838=MANIFOLD_SOLID_BREP('PartBody',#1523) ;
#2402=MANIFOLD_SOLID_BREP('PartBody',#1864) ;
#2673=MANIFOLD_SOLID_BREP('PartBody',#2428) ;
#4414=MANIFOLD_SOLID_BREP('PartBody',#2699) ;
#5541=MANIFOLD_SOLID_BREP('PartBody',#4440) ;
#5833=MANIFOLD_SOLID_BREP('PartBody',#5619) ;
#6027=MANIFOLD_SOLID_BREP('PartBody',#5911) ;
#6547=MANIFOLD_SOLID_BREP('PartBody',#6170) ;
#7243=MANIFOLD_SOLID_BREP('PartBody',#6586) ;
#7516=MANIFOLD_SOLID_BREP('PartBody',#7438) ;
#7873=MANIFOLD_SOLID_BREP('PartBody',#7594) ;
#8316=MANIFOLD_SOLID_BREP('PartBody',#7912) ;
#8636=MANIFOLD_SOLID_BREP('PartBody',#8407) ;
#9163=MANIFOLD_SOLID_BREP('PartBody',#8662) ;
#9988=MANIFOLD_SOLID_BREP('PartBody',#9384) ;
#11=CALENDAR_DATE(2018,6,6) ;
#33=CC_DESIGN_APPROVAL(#24,(#19,#6,#17)) ;
#21=CC_DESIGN_DATE_AND_TIME_ASSIGNMENT(#13,#20,(#19)) ;
#32=CC_DESIGN_DATE_AND_TIME_ASSIGNMENT(#13,#31,(#17)) ;
#20=DATE_TIME_ROLE('classification_date') ;
#31=DATE_TIME_ROLE('creation_date') ;
#30=CC_DESIGN_PERSON_AND_ORGANIZATION_ASSIGNMENT(#28,#29,(#19)) ;
#36=CC_DESIGN_PERSON_AND_ORGANIZATION_ASSIGNMENT(#28,#37,(#6)) ;
#38=CC_DESIGN_PERSON_AND_ORGANIZATION_ASSIGNMENT(#28,#39,(#6,#17)) ;
#40=CC_DESIGN_PERSON_AND_ORGANIZATION_ASSIGNMENT(#28,#41,(#5)) ;
#29=PERSON_AND_ORGANIZATION_ROLE('classification_officer') ;
#37=PERSON_AND_ORGANIZATION_ROLE('design_supplier') ;
#39=PERSON_AND_ORGANIZATION_ROLE('creator') ;
#41=PERSON_AND_ORGANIZATION_ROLE('design_owner') ;
#42=CC_DESIGN_SECURITY_CLASSIFICATION(#19,(#6,#496,#1500,#1841,#2405,#2676,#4417,#5544,#5559,#5572,#5585,#5598,#5836,#5851,#5864,#5877,#5890,#6030,#6045,#6058,#6071,#6084,#6097,#6110,#6123,#6136,#6149,#6550,#6565,#7246,#7261,#7274,#7287,#7300,#7313,#7326,#7339,#7352,#7365,#7378,#7391,#7404,#7417,#7519,#7534,#7547,#7560,#7573,#7876,#7891,#8319,#8334,#8347,#8360,#8373,#8386,#8639,#9166,#9181,#9194,#9207,#9220,#9233,#9246,#9259,#9272,#9285,#9298,#9311,#9324,#9337,#9350,#9363,#9991)) ;
#58=DOCUMENT('1','swash_plate_down.CATPart','CATPart document',#57) ;
#517=DOCUMENT('2','swash_plate_up.CATPart','CATPart document',#516) ;
#1521=DOCUMENT('3','sphere.CATPart','CATPart document',#1520) ;
#1862=DOCUMENT('4','washer.CATPart','CATPart document',#1861) ;
#2426=DOCUMENT('5','main_shaft.CATPart','CATPart document',#2425) ;
#2697=DOCUMENT('6','hub.CATPart','CATPart document',#2696) ;
#4438=DOCUMENT('7','blade_grip.CATPart','CATPart document',#4437) ;
#5617=DOCUMENT('8','grip_arm.CATPart','CATPart document',#5616) ;
#5909=DOCUMENT('9','grip_arm_support.CATPart','CATPart document',#5908) ;
#6168=DOCUMENT('10','ball_head.CATPart','CATPart document',#6167) ;
#6584=DOCUMENT('11','metal_joint_link.CATPart','CATPart document',#6583) ;
#7436=DOCUMENT('12','feather_shaft.CATPart','CATPart document',#7435) ;
#7592=DOCUMENT('13','hub_connector.CATPart','CATPart document',#7591) ;
#7910=DOCUMENT('14','hub_connector2.CATPart','CATPart document',#7909) ;
#8405=DOCUMENT('15','head_plate.CATPart','CATPart document',#8404) ;
#8660=DOCUMENT('16','main_shaft_screw.CATPart','CATPart document',#8659) ;
#9382=DOCUMENT('17','main_shaft_screw_washer.CATPart','CATPart document',#9381) ;
#57=DOCUMENT_TYPE('') ;
#516=DOCUMENT_TYPE('') ;
#1520=DOCUMENT_TYPE('') ;
#1861=DOCUMENT_TYPE('') ;
#2425=DOCUMENT_TYPE('') ;
#2696=DOCUMENT_TYPE('') ;
#4437=DOCUMENT_TYPE('') ;
#5616=DOCUMENT_TYPE('') ;
#5908=DOCUMENT_TYPE('') ;
#6167=DOCUMENT_TYPE('') ;
#6583=DOCUMENT_TYPE('') ;
#7435=DOCUMENT_TYPE('') ;
#7591=DOCUMENT_TYPE('') ;
#7909=DOCUMENT_TYPE('') ;
#8404=DOCUMENT_TYPE('') ;
#8659=DOCUMENT_TYPE('') ;
#9381=DOCUMENT_TYPE('') ;
#69=CIRCLE('generated circle',#68,10.) ;
#85=CIRCLE('generated circle',#84,10.) ;
#104=CIRCLE('generated circle',#103,10.) ;
#109=CIRCLE('generated circle',#108,10.) ;
#126=CIRCLE('generated circle',#125,16.) ;
#135=CIRCLE('generated circle',#134,16.) ;
#154=CIRCLE('generated circle',#153,16.) ;
#163=CIRCLE('generated circle',#162,16.) ;
#182=CIRCLE('generated circle',#181,1.5) ;
#191=CIRCLE('generated circle',#190,1.5) ;
#393=CIRCLE('generated circle',#392,1.5) ;
#402=CIRCLE('generated circle',#401,1.5) ;
#447=CIRCLE('generated circle',#446,1.5) ;
#456=CIRCLE('generated circle',#455,1.5) ;
#537=CIRCLE('generated circle',#536,10.) ;
#551=CIRCLE('generated circle',#550,10.) ;
#563=CIRCLE('generated circle',#562,10.) ;
#568=CIRCLE('generated circle',#567,10.) ;
#594=CIRCLE('generated circle',#593,9.5) ;
#608=CIRCLE('generated circle',#607,9.5) ;
#620=CIRCLE('generated circle',#619,9.5) ;
#625=CIRCLE('generated circle',#624,9.5) ;
#646=CIRCLE('generated circle',#645,10.) ;
#660=CIRCLE('generated circle',#659,10.) ;
#672=CIRCLE('generated circle',#671,10.) ;
#677=CIRCLE('generated circle',#676,10.) ;
#698=CIRCLE('generated circle',#697,8.) ;
#707=CIRCLE('generated circle',#706,8.) ;
#750=CIRCLE('generated circle',#749,15.) ;
#759=CIRCLE('generated circle',#758,15.) ;
#778=CIRCLE('generated circle',#777,15.) ;
#787=CIRCLE('generated circle',#786,15.) ;
#796=CIRCLE('generated circle',#795,8.0622577483) ;
#805=CIRCLE('generated circle',#804,8.0622577483) ;
#820=CIRCLE('generated circle',#819,8.) ;
#846=CIRCLE('generated circle',#845,8.) ;
#863=CIRCLE('generated circle',#862,8.0622577483) ;
#872=CIRCLE('generated circle',#871,9.) ;
#877=CIRCLE('generated circle',#876,9.) ;
#889=CIRCLE('generated circle',#888,8.0622577483) ;
#915=CIRCLE('generated circle',#914,1.5) ;
#924=CIRCLE('generated circle',#923,1.5) ;
#1235=CIRCLE('generated circle',#1234,1.5) ;
#1244=CIRCLE('generated circle',#1243,1.5) ;
#1289=CIRCLE('generated circle',#1288,1.5) ;
#1298=CIRCLE('generated circle',#1297,1.5) ;
#1343=CIRCLE('generated circle',#1342,1.5) ;
#1352=CIRCLE('generated circle',#1351,1.5) ;
#1397=CIRCLE('generated circle',#1396,1.5) ;
#1406=CIRCLE('generated circle',#1405,1.5) ;
#1451=CIRCLE('generated circle',#1450,1.5) ;
#1460=CIRCLE('generated circle',#1459,1.5) ;
#1541=CIRCLE('generated circle',#1540,5.) ;
#1555=CIRCLE('generated circle',#1554,5.34518374015) ;
#1572=CIRCLE('generated circle',#1571,5.) ;
#1586=CIRCLE('generated circle',#1585,5.34518374015) ;
#1603=CIRCLE('generated circle',#1602,5.) ;
#1617=CIRCLE('generated circle',#1616,5.34518374015) ;
#1634=CIRCLE('generated circle',#1633,5.) ;
#1639=CIRCLE('generated circle',#1638,5.34518374015) ;
#1656=CIRCLE('generated circle',#1655,9.) ;
#1663=CIRCLE('generated circle',#1662,9.) ;
#1670=CIRCLE('generated circle',#1669,5.34518374015) ;
#1677=CIRCLE('generated circle',#1676,5.34518374015) ;
#1691=CIRCLE('generated circle',#1690,5.34518374015) ;
#1698=CIRCLE('generated circle',#1697,5.34518374015) ;
#1717=CIRCLE('generated circle',#1716,5.) ;
#1726=CIRCLE('generated circle',#1725,5.) ;
#1752=CIRCLE('generated circle',#1751,5.) ;
#1759=CIRCLE('generated circle',#1758,5.) ;
#1882=CIRCLE('generated circle',#1881,0.3) ;
#1896=CIRCLE('generated circle',#1895,0.3) ;
#1975=CIRCLE('generated circle',#1974,0.7) ;
#1989=CIRCLE('generated circle',#1988,0.7) ;
#2037=CIRCLE('generated circle',#2036,12.) ;
#2051=CIRCLE('generated circle',#2050,12.) ;
#2099=CIRCLE('generated circle',#2098,0.7) ;
#2113=CIRCLE('generated circle',#2112,0.7) ;
#2187=CIRCLE('generated circle',#2186,0.3) ;
#2201=CIRCLE('generated circle',#2200,0.3) ;
#2218=CIRCLE('generated circle',#2217,10.) ;
#2223=CIRCLE('generated circle',#2222,10.) ;
#2240=CIRCLE('generated circle',#2239,0.7) ;
#2256=CIRCLE('generated circle',#2255,0.7) ;
#2275=CIRCLE('generated circle',#2274,0.7) ;
#2280=CIRCLE('generated circle',#2279,0.7) ;
#2297=CIRCLE('generated circle',#2296,0.7) ;
#2313=CIRCLE('generated circle',#2312,0.7) ;
#2332=CIRCLE('generated circle',#2331,0.7) ;
#2337=CIRCLE('generated circle',#2336,0.7) ;
#2437=CIRCLE('generated circle',#2436,1.5) ;
#2446=CIRCLE('generated circle',#2445,1.5) ;
#2461=CIRCLE('generated circle',#2460,1.5) ;
#2487=CIRCLE('generated circle',#2486,1.5) ;
#2504=CIRCLE('generated circle',#2503,3.6) ;
#2513=CIRCLE('generated circle',#2512,3.6) ;
#2539=CIRCLE('generated circle',#2538,4.) ;
#2563=CIRCLE('generated circle',#2562,4.) ;
#2580=CIRCLE('generated circle',#2579,3.6) ;
#2589=CIRCLE('generated circle',#2588,3.6) ;
#2618=CIRCLE('generated circle',#2617,4.) ;
#2630=CIRCLE('generated circle',#2629,4.) ;
#2717=CIRCLE('generated circle',#2716,4.) ;
#2731=CIRCLE('generated circle',#2730,4.) ;
#2743=CIRCLE('generated circle',#2742,4.) ;
#2748=CIRCLE('generated circle',#2747,4.) ;
#2765=CIRCLE('generated circle',#2764,7.5) ;
#2774=CIRCLE('generated circle',#2773,7.5) ;
#2807=CIRCLE('generated circle',#2806,7.5) ;
#2945=CIRCLE('generated circle',#2944,7.5) ;
#3071=CIRCLE('generated circle',#3070,6.) ;
#3080=CIRCLE('generated circle',#3079,6.) ;
#3102=CIRCLE('generated circle',#3101,3.) ;
#3122=CIRCLE('generated circle',#3121,3.) ;
#3147=CIRCLE('generated circle',#3146,3.) ;
#3166=CIRCLE('generated circle',#3165,3.) ;
#3190=CIRCLE('generated circle',#3189,3.) ;
#3209=CIRCLE('generated circle',#3208,3.) ;
#3233=CIRCLE('generated circle',#3232,3.) ;
#3252=CIRCLE('generated circle',#3251,3.) ;
#3276=CIRCLE('generated circle',#3275,3.) ;
#3295=CIRCLE('generated circle',#3294,3.) ;
#3316=CIRCLE('generated circle',#3315,1.5) ;
#3325=CIRCLE('generated circle',#3324,1.5) ;
#3344=CIRCLE('generated circle',#3343,1.5) ;
#3353=CIRCLE('generated circle',#3352,1.5) ;
#3372=CIRCLE('generated circle',#3371,1.5) ;
#3381=CIRCLE('generated circle',#3380,1.5) ;
#3400=CIRCLE('generated circle',#3399,1.5) ;
#3409=CIRCLE('generated circle',#3408,1.5) ;
#3428=CIRCLE('generated circle',#3427,1.5) ;
#3437=CIRCLE('generated circle',#3436,1.5) ;
#3452=CIRCLE('generated circle',#3451,1.5) ;
#3461=CIRCLE('generated circle',#3460,1.5) ;
#3476=CIRCLE('generated circle',#3475,1.5) ;
#3485=CIRCLE('generated circle',#3484,1.5) ;
#3500=CIRCLE('generated circle',#3499,1.5) ;
#3509=CIRCLE('generated circle',#3508,1.5) ;
#3524=CIRCLE('generated circle',#3523,1.5) ;
#3533=CIRCLE('generated circle',#3532,1.5) ;
#3548=CIRCLE('generated circle',#3547,1.5) ;
#3557=CIRCLE('generated circle',#3556,1.5) ;
#3731=CIRCLE('generated circle',#3730,6.) ;
#3757=CIRCLE('generated circle',#3756,1.) ;
#3771=CIRCLE('generated circle',#3770,1.) ;
#3783=CIRCLE('generated circle',#3782,1.) ;
#3788=CIRCLE('generated circle',#3787,1.) ;
#3805=CIRCLE('generated circle',#3804,1.) ;
#3835=CIRCLE('generated circle',#3834,1.) ;
#3842=CIRCLE('generated circle',#3841,6.) ;
#3847=CIRCLE('generated circle',#3846,6.) ;
#4307=CIRCLE('generated circle',#4306,1.5) ;
#4314=CIRCLE('generated circle',#4313,1.5) ;
#4344=CIRCLE('generated circle',#4343,1.5) ;
#4351=CIRCLE('generated circle',#4350,1.5) ;
#4458=CIRCLE('generated circle',#4457,5.) ;
#4472=CIRCLE('generated circle',#4471,5.) ;
#4483=CIRCLE('generated circle',#4482,3.) ;
#4492=CIRCLE('generated circle',#4491,3.) ;
#4507=CIRCLE('generated circle',#4506,3.) ;
#4533=CIRCLE('generated circle',#4532,3.) ;
#4550=CIRCLE('generated circle',#4549,3.) ;
#4559=CIRCLE('generated circle',#4558,3.) ;
#4568=CIRCLE('generated circle',#4567,1.5) ;
#4577=CIRCLE('generated circle',#4576,1.5) ;
#4596=CIRCLE('generated circle',#4595,1.5) ;
#4605=CIRCLE('generated circle',#4604,1.5) ;
#4658=CIRCLE('generated circle',#4657,5.) ;
#4672=CIRCLE('generated circle',#4671,3.) ;
#4679=CIRCLE('generated circle',#4678,3.) ;
#4701=CIRCLE('generated circle',#4700,5.) ;
#4715=CIRCLE('generated circle',#4714,3.) ;
#4722=CIRCLE('generated circle',#4721,3.) ;
#4759=CIRCLE('generated circle',#4758,3.) ;
#4873=CIRCLE('generated circle',#4872,3.) ;
#5003=CIRCLE('generated circle',#5002,1.5) ;
#5012=CIRCLE('generated circle',#5011,1.5) ;
#5021=CIRCLE('generated circle',#5020,1.5) ;
#5030=CIRCLE('generated circle',#5029,1.5) ;
#5070=CIRCLE('generated circle',#5069,1.5) ;
#5079=CIRCLE('generated circle',#5078,1.5) ;
#5088=CIRCLE('generated circle',#5087,1.5) ;
#5097=CIRCLE('generated circle',#5096,1.5) ;
#5218=CIRCLE('generated circle',#5217,2.) ;
#5250=CIRCLE('generated circle',#5249,2.) ;
#5277=CIRCLE('generated circle',#5276,2.) ;
#5304=CIRCLE('generated circle',#5303,2.) ;
#5374=CIRCLE('generated circle',#5373,5.) ;
#5379=CIRCLE('generated circle',#5378,5.) ;
#5414=CIRCLE('generated circle',#5413,5.) ;
#5430=CIRCLE('generated circle',#5429,5.) ;
#5668=CIRCLE('generated circle',#5667,2.5) ;
#5682=CIRCLE('generated circle',#5681,2.5) ;
#5730=CIRCLE('generated circle',#5729,5.) ;
#5735=CIRCLE('generated circle',#5734,5.) ;
#5752=CIRCLE('generated circle',#5751,1.5) ;
#5768=CIRCLE('generated circle',#5767,1.5) ;
#5787=CIRCLE('generated circle',#5786,1.5) ;
#5792=CIRCLE('generated circle',#5791,1.5) ;
#5929=CIRCLE('generated circle',#5928,6.) ;
#5943=CIRCLE('generated circle',#5942,5.) ;
#5967=CIRCLE('generated circle',#5966,5.) ;
#6179=CIRCLE('generated circle',#6178,1.5) ;
#6188=CIRCLE('generated circle',#6187,2.5) ;
#6195=CIRCLE('generated circle',#6194,1.5) ;
#6202=CIRCLE('generated circle',#6201,2.5) ;
#6214=CIRCLE('generated circle',#6213,1.5) ;
#6219=CIRCLE('generated circle',#6218,1.5) ;
#6468=CIRCLE('generated circle',#6467,1.5) ;
#6480=CIRCLE('generated circle',#6479,1.5) ;
#6497=CIRCLE('generated circle',#6496,1.2) ;
#6506=CIRCLE('generated circle',#6505,1.2) ;
#6604=CIRCLE('generated circle',#6603,2.5) ;
#6618=CIRCLE('generated circle',#6617,2.5) ;
#6625=CIRCLE('generated circle',#6624,2.5) ;
#6632=CIRCLE('generated circle',#6631,2.5) ;
#6646=CIRCLE('generated circle',#6645,2.5) ;
#6651=CIRCLE('generated circle',#6650,2.5) ;
#6658=CIRCLE('generated circle',#6657,2.5) ;
#6665=CIRCLE('generated circle',#6664,2.5) ;
#6688=CIRCLE('generated circle',#6687,1.5) ;
#6697=CIRCLE('generated circle',#6696,1.5) ;
#6737=CIRCLE('generated circle',#6736,1.5) ;
#6763=CIRCLE('generated circle',#6762,1.5) ;
#6797=CIRCLE('generated circle',#6796,3.5) ;
#6815=CIRCLE('generated circle',#6814,2.) ;
#6824=CIRCLE('generated circle',#6823,2.) ;
#6831=CIRCLE('generated circle',#6830,2.) ;
#6838=CIRCLE('generated circle',#6837,2.) ;
#6915=CIRCLE('generated circle',#6914,0.5) ;
#6922=CIRCLE('generated circle',#6921,0.5) ;
#6929=CIRCLE('generated circle',#6928,4.) ;
#6987=CIRCLE('generated circle',#6986,3.5) ;
#7005=CIRCLE('generated circle',#7004,2.) ;
#7014=CIRCLE('generated circle',#7013,2.) ;
#7021=CIRCLE('generated circle',#7020,2.) ;
#7028=CIRCLE('generated circle',#7027,2.) ;
#7119=CIRCLE('generated circle',#7118,4.) ;
#7172=CIRCLE('generated circle',#7171,0.5) ;
#7177=CIRCLE('generated circle',#7176,0.5) ;
#7218=CIRCLE('generated circle',#7217,2.5) ;
#7223=CIRCLE('generated circle',#7222,2.5) ;
#7456=CIRCLE('generated circle',#7455,1.5) ;
#7470=CIRCLE('generated circle',#7469,1.5) ;
#7482=CIRCLE('generated circle',#7481,1.5) ;
#7487=CIRCLE('generated circle',#7486,1.5) ;
#7612=CIRCLE('generated circle',#7611,2.) ;
#7626=CIRCLE('generated circle',#7625,2.) ;
#7674=CIRCLE('generated circle',#7673,2.) ;
#7688=CIRCLE('generated circle',#7687,2.) ;
#7727=CIRCLE('generated circle',#7726,1.) ;
#7743=CIRCLE('generated circle',#7742,1.) ;
#7762=CIRCLE('generated circle',#7761,1.) ;
#7767=CIRCLE('generated circle',#7766,1.) ;
#7784=CIRCLE('generated circle',#7783,1.) ;
#7800=CIRCLE('generated circle',#7799,1.) ;
#7819=CIRCLE('generated circle',#7818,1.) ;
#7824=CIRCLE('generated circle',#7823,1.) ;
#7982=CIRCLE('generated circle',#7981,2.) ;
#8002=CIRCLE('generated circle',#8001,1.) ;
#8011=CIRCLE('generated circle',#8010,1.) ;
#8026=CIRCLE('generated circle',#8025,2.) ;
#8084=CIRCLE('generated circle',#8083,1.) ;
#8093=CIRCLE('generated circle',#8092,1.) ;
#8108=CIRCLE('generated circle',#8107,1.5) ;
#8115=CIRCLE('generated circle',#8114,1.5) ;
#8128=CIRCLE('generated circle',#8127,1.5) ;
#8135=CIRCLE('generated circle',#8134,1.5) ;
#8194=CIRCLE('generated circle',#8193,1.5) ;
#8204=CIRCLE('generated circle',#8203,1.5) ;
#8233=CIRCLE('generated circle',#8232,1.5) ;
#8247=CIRCLE('generated circle',#8246,1.5) ;
#8266=CIRCLE('generated circle',#8265,1.3) ;
#8275=CIRCLE('generated circle',#8274,1.3) ;
#8425=CIRCLE('generated circle',#8424,3.) ;
#8439=CIRCLE('generated circle',#8438,3.) ;
#8451=CIRCLE('generated circle',#8450,3.) ;
#8456=CIRCLE('generated circle',#8455,3.) ;
#8482=CIRCLE('generated circle',#8481,1.5) ;
#8496=CIRCLE('generated circle',#8495,1.5) ;
#8508=CIRCLE('generated circle',#8507,1.5) ;
#8513=CIRCLE('generated circle',#8512,1.5) ;
#8539=CIRCLE('generated circle',#8538,18.) ;
#8553=CIRCLE('generated circle',#8552,18.) ;
#8565=CIRCLE('generated circle',#8564,18.) ;
#8570=CIRCLE('generated circle',#8569,18.) ;
#8587=CIRCLE('generated circle',#8586,52.) ;
#8592=CIRCLE('generated circle',#8591,52.) ;
#8680=CIRCLE('generated circle',#8679,2.5) ;
#8694=CIRCLE('generated circle',#8693,2.75) ;
#8711=CIRCLE('generated circle',#8710,2.5) ;
#8716=CIRCLE('generated circle',#8715,2.75) ;
#8733=CIRCLE('generated circle',#8732,2.5) ;
#8742=CIRCLE('generated circle',#8741,2.5) ;
#8751=CIRCLE('generated circle',#8750,1.5) ;
#8760=CIRCLE('generated circle',#8759,1.5) ;
#8789=CIRCLE('generated circle',#8788,2.75) ;
#8801=CIRCLE('generated circle',#8800,2.75) ;
#8866=CIRCLE('generated circle',#8865,1.5) ;
#8878=CIRCLE('generated circle',#8877,1.5) ;
#8895=CIRCLE('generated circle',#8894,1.2) ;
#8904=CIRCLE('generated circle',#8903,1.2) ;
#9402=CIRCLE('generated circle',#9401,1.6) ;
#9416=CIRCLE('generated circle',#9415,1.5) ;
#9443=CIRCLE('generated circle',#9442,1.5) ;
#9448=CIRCLE('generated circle',#9447,1.6) ;
#9475=CIRCLE('generated circle',#9474,1.6) ;
#9480=CIRCLE('generated circle',#9479,1.5) ;
#9511=CIRCLE('generated circle',#9510,2.65) ;
#9518=CIRCLE('generated circle',#9517,2.65) ;
#9525=CIRCLE('generated circle',#9524,2.65) ;
#9553=CIRCLE('generated circle',#9552,2.75) ;
#9585=CIRCLE('generated circle',#9584,2.75) ;
#9610=CIRCLE('generated circle',#9609,2.75) ;
#9642=CIRCLE('generated circle',#9641,2.75) ;
#9669=CIRCLE('generated circle',#9668,2.75) ;
#9681=CIRCLE('generated circle',#9680,2.75) ;
#9705=CIRCLE('generated circle',#9704,2.65) ;
#9729=CIRCLE('generated circle',#9728,2.65) ;
#9754=CIRCLE('generated circle',#9753,2.65) ;
#9779=CIRCLE('generated circle',#9778,1.5) ;
#9806=CIRCLE('generated circle',#9805,1.5) ;
#9825=CIRCLE('generated circle',#9824,1.5) ;
#9850=CIRCLE('generated circle',#9849,1.6) ;
#9859=CIRCLE('generated circle',#9858,1.6) ;
#9866=CIRCLE('generated circle',#9865,1.6) ;
#1528=CONICAL_SURFACE('Cone',#1527,0.,0.785398163397) ;
#1568=CONICAL_SURFACE('Cone',#1567,0.,0.785398163397) ;
#1599=CONICAL_SURFACE('Cone',#1598,0.,0.785398163397) ;
#1630=CONICAL_SURFACE('Cone',#1629,0.,0.785398163397) ;
#1774=CONICAL_SURFACE('Cone',#1773,0.,0.785398163397) ;
#1796=CONICAL_SURFACE('Cone',#1795,0.,0.785398163397) ;
#1813=CONICAL_SURFACE('Cone',#1812,0.,0.785398163397) ;
#1830=CONICAL_SURFACE('Cone',#1829,0.,0.785398163397) ;
#2528=CONICAL_SURFACE('Cone',#2527,0.,0.785398163397) ;
#2559=CONICAL_SURFACE('Cone',#2558,0.,0.785398163397) ;
#2643=CONICAL_SURFACE('Cone',#2642,0.,0.785398163397) ;
#2665=CONICAL_SURFACE('Cone',#2664,0.,0.785398163397) ;
#5956=CONICAL_SURFACE('Cone',#5955,5.,0.785398163397) ;
#6517=CONICAL_SURFACE('Cone',#6516,0.,0.785398163397) ;
#6539=CONICAL_SURFACE('Cone',#6538,0.,0.785398163397) ;
#8286=CONICAL_SURFACE('Cone',#8285,0.,0.785398163398) ;
#8308=CONICAL_SURFACE('Cone',#8307,0.,0.785398163397) ;
#8667=CONICAL_SURFACE('Cone',#8666,0.,0.785398163398) ;
#8707=CONICAL_SURFACE('Cone',#8706,0.,0.785398163397) ;
#8814=CONICAL_SURFACE('Cone',#8813,0.,0.785398163397) ;
#8836=CONICAL_SURFACE('Cone',#8835,0.,0.785398163397) ;
#8915=CONICAL_SURFACE('Cone',#8914,0.,0.785398163397) ;
#8937=CONICAL_SURFACE('Cone',#8936,0.,0.785398163397) ;
#9389=CONICAL_SURFACE('Cone',#9388,0.,0.785398163397) ;
#9429=CONICAL_SURFACE('Cone',#9428,0.,0.785398163397) ;
#9461=CONICAL_SURFACE('Cone',#9460,0.,0.785398163399) ;
#9542=CONICAL_SURFACE('Cone',#9541,0.,0.785398163397) ;
#9573=CONICAL_SURFACE('Cone',#9572,0.,0.785398163398) ;
#9598=CONICAL_SURFACE('Cone',#9597,0.,0.785398163397) ;
#9694=CONICAL_SURFACE('Cone',#9693,0.,0.785398163397) ;
#9725=CONICAL_SURFACE('Cone',#9724,0.,0.785398163398) ;
#9750=CONICAL_SURFACE('Cone',#9749,0.,0.785398163396) ;
#9946=CONICAL_SURFACE('Cone',#9945,0.,0.785398163397) ;
#9968=CONICAL_SURFACE('Cone',#9967,0.,0.785398163397) ;
#9980=CONICAL_SURFACE('Cone',#9979,0.,0.785398163398) ;
#498=CONTEXT_DEPENDENT_SHAPE_REPRESENTATION(#499,#497) ;
#1502=CONTEXT_DEPENDENT_SHAPE_REPRESENTATION(#1503,#1501) ;
#1843=CONTEXT_DEPENDENT_SHAPE_REPRESENTATION(#1844,#1842) ;
#2407=CONTEXT_DEPENDENT_SHAPE_REPRESENTATION(#2408,#2406) ;
#2678=CONTEXT_DEPENDENT_SHAPE_REPRESENTATION(#2679,#2677) ;
#4419=CONTEXT_DEPENDENT_SHAPE_REPRESENTATION(#4420,#4418) ;
#5546=CONTEXT_DEPENDENT_SHAPE_REPRESENTATION(#5547,#5545) ;
#5561=CONTEXT_DEPENDENT_SHAPE_REPRESENTATION(#5562,#5560) ;
#5574=CONTEXT_DEPENDENT_SHAPE_REPRESENTATION(#5575,#5573) ;
#5587=CONTEXT_DEPENDENT_SHAPE_REPRESENTATION(#5588,#5586) ;
#5600=CONTEXT_DEPENDENT_SHAPE_REPRESENTATION(#5601,#5599) ;
#5838=CONTEXT_DEPENDENT_SHAPE_REPRESENTATION(#5839,#5837) ;
#5853=CONTEXT_DEPENDENT_SHAPE_REPRESENTATION(#5854,#5852) ;
#5866=CONTEXT_DEPENDENT_SHAPE_REPRESENTATION(#5867,#5865) ;
#5879=CONTEXT_DEPENDENT_SHAPE_REPRESENTATION(#5880,#5878) ;
#5892=CONTEXT_DEPENDENT_SHAPE_REPRESENTATION(#5893,#5891) ;
#6032=CONTEXT_DEPENDENT_SHAPE_REPRESENTATION(#6033,#6031) ;
#6047=CONTEXT_DEPENDENT_SHAPE_REPRESENTATION(#6048,#6046) ;
#6060=CONTEXT_DEPENDENT_SHAPE_REPRESENTATION(#6061,#6059) ;
#6073=CONTEXT_DEPENDENT_SHAPE_REPRESENTATION(#6074,#6072) ;
#6086=CONTEXT_DEPENDENT_SHAPE_REPRESENTATION(#6087,#6085) ;
#6099=CONTEXT_DEPENDENT_SHAPE_REPRESENTATION(#6100,#6098) ;
#6112=CONTEXT_DEPENDENT_SHAPE_REPRESENTATION(#6113,#6111) ;
#6125=CONTEXT_DEPENDENT_SHAPE_REPRESENTATION(#6126,#6124) ;
#6138=CONTEXT_DEPENDENT_SHAPE_REPRESENTATION(#6139,#6137) ;
#6151=CONTEXT_DEPENDENT_SHAPE_REPRESENTATION(#6152,#6150) ;
#6552=CONTEXT_DEPENDENT_SHAPE_REPRESENTATION(#6553,#6551) ;
#6567=CONTEXT_DEPENDENT_SHAPE_REPRESENTATION(#6568,#6566) ;
#7248=CONTEXT_DEPENDENT_SHAPE_REPRESENTATION(#7249,#7247) ;
#7263=CONTEXT_DEPENDENT_SHAPE_REPRESENTATION(#7264,#7262) ;
#7276=CONTEXT_DEPENDENT_SHAPE_REPRESENTATION(#7277,#7275) ;
#7289=CONTEXT_DEPENDENT_SHAPE_REPRESENTATION(#7290,#7288) ;
#7302=CONTEXT_DEPENDENT_SHAPE_REPRESENTATION(#7303,#7301) ;
#7315=CONTEXT_DEPENDENT_SHAPE_REPRESENTATION(#7316,#7314) ;
#7328=CONTEXT_DEPENDENT_SHAPE_REPRESENTATION(#7329,#7327) ;
#7341=CONTEXT_DEPENDENT_SHAPE_REPRESENTATION(#7342,#7340) ;
#7354=CONTEXT_DEPENDENT_SHAPE_REPRESENTATION(#7355,#7353) ;
#7367=CONTEXT_DEPENDENT_SHAPE_REPRESENTATION(#7368,#7366) ;
#7380=CONTEXT_DEPENDENT_SHAPE_REPRESENTATION(#7381,#7379) ;
#7393=CONTEXT_DEPENDENT_SHAPE_REPRESENTATION(#7394,#7392) ;
#7406=CONTEXT_DEPENDENT_SHAPE_REPRESENTATION(#7407,#7405) ;
#7419=CONTEXT_DEPENDENT_SHAPE_REPRESENTATION(#7420,#7418) ;
#7521=CONTEXT_DEPENDENT_SHAPE_REPRESENTATION(#7522,#7520) ;
#7536=CONTEXT_DEPENDENT_SHAPE_REPRESENTATION(#7537,#7535) ;
#7549=CONTEXT_DEPENDENT_SHAPE_REPRESENTATION(#7550,#7548) ;
#7562=CONTEXT_DEPENDENT_SHAPE_REPRESENTATION(#7563,#7561) ;
#7575=CONTEXT_DEPENDENT_SHAPE_REPRESENTATION(#7576,#7574) ;
#7878=CONTEXT_DEPENDENT_SHAPE_REPRESENTATION(#7879,#7877) ;
#7893=CONTEXT_DEPENDENT_SHAPE_REPRESENTATION(#7894,#7892) ;
#8321=CONTEXT_DEPENDENT_SHAPE_REPRESENTATION(#8322,#8320) ;
#8336=CONTEXT_DEPENDENT_SHAPE_REPRESENTATION(#8337,#8335) ;
#8349=CONTEXT_DEPENDENT_SHAPE_REPRESENTATION(#8350,#8348) ;
#8362=CONTEXT_DEPENDENT_SHAPE_REPRESENTATION(#8363,#8361) ;
#8375=CONTEXT_DEPENDENT_SHAPE_REPRESENTATION(#8376,#8374) ;
#8388=CONTEXT_DEPENDENT_SHAPE_REPRESENTATION(#8389,#8387) ;
#8641=CONTEXT_DEPENDENT_SHAPE_REPRESENTATION(#8642,#8640) ;
#9168=CONTEXT_DEPENDENT_SHAPE_REPRESENTATION(#9169,#9167) ;
#9183=CONTEXT_DEPENDENT_SHAPE_REPRESENTATION(#9184,#9182) ;
#9196=CONTEXT_DEPENDENT_SHAPE_REPRESENTATION(#9197,#9195) ;
#9209=CONTEXT_DEPENDENT_SHAPE_REPRESENTATION(#9210,#9208) ;
#9222=CONTEXT_DEPENDENT_SHAPE_REPRESENTATION(#9223,#9221) ;
#9235=CONTEXT_DEPENDENT_SHAPE_REPRESENTATION(#9236,#9234) ;
#9248=CONTEXT_DEPENDENT_SHAPE_REPRESENTATION(#9249,#9247) ;
#9261=CONTEXT_DEPENDENT_SHAPE_REPRESENTATION(#9262,#9260) ;
#9274=CONTEXT_DEPENDENT_SHAPE_REPRESENTATION(#9275,#9273) ;
#9287=CONTEXT_DEPENDENT_SHAPE_REPRESENTATION(#9288,#9286) ;
#9300=CONTEXT_DEPENDENT_SHAPE_REPRESENTATION(#9301,#9299) ;
#9313=CONTEXT_DEPENDENT_SHAPE_REPRESENTATION(#9314,#9312) ;
#9326=CONTEXT_DEPENDENT_SHAPE_REPRESENTATION(#9327,#9325) ;
#9339=CONTEXT_DEPENDENT_SHAPE_REPRESENTATION(#9340,#9338) ;
#9352=CONTEXT_DEPENDENT_SHAPE_REPRESENTATION(#9353,#9351) ;
#9365=CONTEXT_DEPENDENT_SHAPE_REPRESENTATION(#9366,#9364) ;
#9993=CONTEXT_DEPENDENT_SHAPE_REPRESENTATION(#9994,#9992) ;
#495=SHAPE_REPRESENTATION_RELATIONSHIP(' ',' ',#52,#494) ;
#1499=SHAPE_REPRESENTATION_RELATIONSHIP(' ',' ',#511,#1498) ;
#1840=SHAPE_REPRESENTATION_RELATIONSHIP(' ',' ',#1515,#1839) ;
#2404=SHAPE_REPRESENTATION_RELATIONSHIP(' ',' ',#1856,#2403) ;
#2675=SHAPE_REPRESENTATION_RELATIONSHIP(' ',' ',#2420,#2674) ;
#4416=SHAPE_REPRESENTATION_RELATIONSHIP(' ',' ',#2691,#4415) ;
#5543=SHAPE_REPRESENTATION_RELATIONSHIP(' ',' ',#4432,#5542) ;
#5835=SHAPE_REPRESENTATION_RELATIONSHIP(' ',' ',#5611,#5834) ;
#6029=SHAPE_REPRESENTATION_RELATIONSHIP(' ',' ',#5903,#6028) ;
#6549=SHAPE_REPRESENTATION_RELATIONSHIP(' ',' ',#6162,#6548) ;
#7245=SHAPE_REPRESENTATION_RELATIONSHIP(' ',' ',#6578,#7244) ;
#7518=SHAPE_REPRESENTATION_RELATIONSHIP(' ',' ',#7430,#7517) ;
#7875=SHAPE_REPRESENTATION_RELATIONSHIP(' ',' ',#7586,#7874) ;
#8318=SHAPE_REPRESENTATION_RELATIONSHIP(' ',' ',#7904,#8317) ;
#8638=SHAPE_REPRESENTATION_RELATIONSHIP(' ',' ',#8399,#8637) ;
#9165=SHAPE_REPRESENTATION_RELATIONSHIP(' ',' ',#8654,#9164) ;
#9990=SHAPE_REPRESENTATION_RELATIONSHIP(' ',' ',#9376,#9989) ;
#65=CYLINDRICAL_SURFACE('generated cylinder',#64,10.) ;
#202=CYLINDRICAL_SURFACE('generated cylinder',#201,1.5) ;
#273=CYLINDRICAL_SURFACE('generated cylinder',#272,16.) ;
#413=CYLINDRICAL_SURFACE('generated cylinder',#412,1.5) ;
#467=CYLINDRICAL_SURFACE('generated cylinder',#466,1.5) ;
#524=CYLINDRICAL_SURFACE('generated cylinder',#523,10.) ;
#581=CYLINDRICAL_SURFACE('generated cylinder',#580,9.5) ;
#816=CYLINDRICAL_SURFACE('generated cylinder',#815,8.) ;
#935=CYLINDRICAL_SURFACE('generated cylinder',#934,1.5) ;
#1006=CYLINDRICAL_SURFACE('generated cylinder',#1005,15.) ;
#1255=CYLINDRICAL_SURFACE('generated cylinder',#1254,1.5) ;
#1309=CYLINDRICAL_SURFACE('generated cylinder',#1308,1.5) ;
#1363=CYLINDRICAL_SURFACE('generated cylinder',#1362,1.5) ;
#1417=CYLINDRICAL_SURFACE('generated cylinder',#1416,1.5) ;
#1471=CYLINDRICAL_SURFACE('generated cylinder',#1470,1.5) ;
#1713=CYLINDRICAL_SURFACE('generated cylinder',#1712,5.) ;
#1869=CYLINDRICAL_SURFACE('generated cylinder',#1868,0.3) ;
#1971=CYLINDRICAL_SURFACE('generated cylinder',#1970,0.7) ;
#2033=CYLINDRICAL_SURFACE('generated cylinder',#2032,12.) ;
#2095=CYLINDRICAL_SURFACE('generated cylinder',#2094,0.7) ;
#2183=CYLINDRICAL_SURFACE('generated cylinder',#2182,0.3) ;
#2214=CYLINDRICAL_SURFACE('generated cylinder',#2213,10.) ;
#2236=CYLINDRICAL_SURFACE('generated cylinder',#2235,0.7) ;
#2293=CYLINDRICAL_SURFACE('generated cylinder',#2292,0.7) ;
#2457=CYLINDRICAL_SURFACE('generated cylinder',#2456,1.5) ;
#2600=CYLINDRICAL_SURFACE('generated cylinder',#2599,4.) ;
#2704=CYLINDRICAL_SURFACE('generated cylinder',#2703,4.) ;
#2789=CYLINDRICAL_SURFACE('generated cylinder',#2788,7.5) ;
#3091=CYLINDRICAL_SURFACE('generated cylinder',#3090,3.) ;
#3136=CYLINDRICAL_SURFACE('generated cylinder',#3135,3.) ;
#3179=CYLINDRICAL_SURFACE('generated cylinder',#3178,3.) ;
#3222=CYLINDRICAL_SURFACE('generated cylinder',#3221,3.) ;
#3265=CYLINDRICAL_SURFACE('generated cylinder',#3264,3.) ;
#3568=CYLINDRICAL_SURFACE('generated cylinder',#3567,1.5) ;
#3597=CYLINDRICAL_SURFACE('generated cylinder',#3596,1.5) ;
#3626=CYLINDRICAL_SURFACE('generated cylinder',#3625,1.5) ;
#3655=CYLINDRICAL_SURFACE('generated cylinder',#3654,1.5) ;
#3684=CYLINDRICAL_SURFACE('generated cylinder',#3683,1.5) ;
#3713=CYLINDRICAL_SURFACE('generated cylinder',#3712,6.) ;
#3744=CYLINDRICAL_SURFACE('generated cylinder',#3743,1.) ;
#4269=CYLINDRICAL_SURFACE('generated cylinder',#4268,1.) ;
#4286=CYLINDRICAL_SURFACE('generated cylinder',#4285,1.) ;
#4377=CYLINDRICAL_SURFACE('generated cylinder',#4376,1.5) ;
#4503=CYLINDRICAL_SURFACE('generated cylinder',#4502,3.) ;
#4616=CYLINDRICAL_SURFACE('generated cylinder',#4615,1.5) ;
#5108=CYLINDRICAL_SURFACE('generated cylinder',#5107,1.5) ;
#5137=CYLINDRICAL_SURFACE('generated cylinder',#5136,1.5) ;
#5332=CYLINDRICAL_SURFACE('generated cylinder',#5331,5.) ;
#5459=CYLINDRICAL_SURFACE('generated cylinder',#5458,5.) ;
#5511=CYLINDRICAL_SURFACE('generated cylinder',#5510,2.) ;
#5522=CYLINDRICAL_SURFACE('generated cylinder',#5521,2.) ;
#5664=CYLINDRICAL_SURFACE('generated cylinder',#5663,2.5) ;
#5726=CYLINDRICAL_SURFACE('generated cylinder',#5725,5.) ;
#5748=CYLINDRICAL_SURFACE('generated cylinder',#5747,1.5) ;
#5987=CYLINDRICAL_SURFACE('generated cylinder',#5986,5.) ;
#6450=CYLINDRICAL_SURFACE('generated cylinder',#6449,1.5) ;
#6591=CYLINDRICAL_SURFACE('generated cylinder',#6590,2.5) ;
#6733=CYLINDRICAL_SURFACE('generated cylinder',#6732,1.5) ;
#6942=CYLINDRICAL_SURFACE('generated cylinder',#6941,0.5) ;
#6959=CYLINDRICAL_SURFACE('generated cylinder',#6958,0.5) ;
#7101=CYLINDRICAL_SURFACE('generated cylinder',#7100,4.) ;
#7190=CYLINDRICAL_SURFACE('generated cylinder',#7189,0.5) ;
#7202=CYLINDRICAL_SURFACE('generated cylinder',#7201,0.5) ;
#7443=CYLINDRICAL_SURFACE('generated cylinder',#7442,1.5) ;
#7599=CYLINDRICAL_SURFACE('generated cylinder',#7598,2.) ;
#7670=CYLINDRICAL_SURFACE('generated cylinder',#7669,2.) ;
#7723=CYLINDRICAL_SURFACE('generated cylinder',#7722,1.) ;
#7780=CYLINDRICAL_SURFACE('generated cylinder',#7779,1.) ;
#8022=CYLINDRICAL_SURFACE('generated cylinder',#8021,2.) ;
#8166=CYLINDRICAL_SURFACE('generated cylinder',#8165,1.) ;
#8215=CYLINDRICAL_SURFACE('generated cylinder',#8214,1.5) ;
#8412=CYLINDRICAL_SURFACE('generated cylinder',#8411,3.) ;
#8469=CYLINDRICAL_SURFACE('generated cylinder',#8468,1.5) ;
#8526=CYLINDRICAL_SURFACE('generated cylinder',#8525,18.) ;
#8771=CYLINDRICAL_SURFACE('generated cylinder',#8770,2.75) ;
#8848=CYLINDRICAL_SURFACE('generated cylinder',#8847,1.5) ;
#9623=CYLINDRICAL_SURFACE('generated cylinder',#9622,2.75) ;
#9775=CYLINDRICAL_SURFACE('generated cylinder',#9774,1.5) ;
#6911=TOROIDAL_SURFACE('homeo Torus',#6910,3.5,0.5) ;
#7168=TOROIDAL_SURFACE('homeo Torus',#7167,3.5,0.5) ;
#3=DESIGN_CONTEXT(' ',#1,'design') ;
#74=EDGE_CURVE('',#71,#73,#69,.T.) ;
#81=EDGE_CURVE('',#80,#73,#78,.T.) ;
#88=EDGE_CURVE('',#87,#80,#85,.T.) ;
#93=EDGE_CURVE('',#87,#71,#92,.T.) ;
#105=EDGE_CURVE('',#73,#71,#104,.T.) ;
#110=EDGE_CURVE('',#80,#87,#109,.T.) ;
#131=EDGE_CURVE('',#128,#130,#126,.T.) ;
#136=EDGE_CURVE('',#130,#128,#135,.T.) ;
#159=EDGE_CURVE('',#156,#158,#154,.T.) ;
#164=EDGE_CURVE('',#158,#156,#163,.T.) ;
#187=EDGE_CURVE('',#184,#186,#182,.T.) ;
#192=EDGE_CURVE('',#186,#184,#191,.T.) ;
#214=EDGE_CURVE('',#211,#213,#203,.T.) ;
#219=EDGE_CURVE('',#213,#186,#218,.F.) ;
#226=EDGE_CURVE('',#225,#184,#223,.F.) ;
#234=EDGE_CURVE('',#211,#225,#227,.T.) ;
#252=EDGE_CURVE('',#251,#225,#243,.T.) ;
#260=EDGE_CURVE('',#251,#213,#253,.T.) ;
#278=EDGE_CURVE('',#130,#251,#277,.T.) ;
#283=EDGE_CURVE('',#128,#158,#282,.T.) ;
#288=EDGE_CURVE('',#211,#156,#287,.T.) ;
#309=EDGE_CURVE('',#306,#308,#298,.T.) ;
#322=EDGE_CURVE('',#306,#321,#310,.T.) ;
#330=EDGE_CURVE('',#308,#321,#323,.F.) ;
#357=EDGE_CURVE('',#354,#356,#346,.T.) ;
#370=EDGE_CURVE('',#354,#369,#358,.T.) ;
#378=EDGE_CURVE('',#356,#369,#371,.F.) ;
#398=EDGE_CURVE('',#395,#397,#393,.T.) ;
#403=EDGE_CURVE('',#397,#395,#402,.T.) ;
#418=EDGE_CURVE('',#321,#397,#417,.F.) ;
#423=EDGE_CURVE('',#306,#395,#422,.F.) ;
#452=EDGE_CURVE('',#449,#451,#447,.T.) ;
#457=EDGE_CURVE('',#451,#449,#456,.T.) ;
#472=EDGE_CURVE('',#369,#451,#471,.F.) ;
#477=EDGE_CURVE('',#354,#449,#476,.F.) ;
#533=EDGE_CURVE('',#530,#532,#528,.T.) ;
#540=EDGE_CURVE('',#539,#532,#537,.T.) ;
#547=EDGE_CURVE('',#546,#539,#544,.T.) ;
#552=EDGE_CURVE('',#546,#530,#551,.T.) ;
#564=EDGE_CURVE('',#532,#539,#563,.T.) ;
#569=EDGE_CURVE('',#530,#546,#568,.T.) ;
#590=EDGE_CURVE('',#587,#589,#585,.T.) ;
#597=EDGE_CURVE('',#596,#589,#594,.T.) ;
#604=EDGE_CURVE('',#603,#596,#601,.T.) ;
#609=EDGE_CURVE('',#603,#587,#608,.T.) ;
#621=EDGE_CURVE('',#589,#596,#620,.T.) ;
#626=EDGE_CURVE('',#587,#603,#625,.T.) ;
#642=EDGE_CURVE('',#639,#641,#637,.T.) ;
#649=EDGE_CURVE('',#648,#641,#646,.T.) ;
#656=EDGE_CURVE('',#655,#648,#653,.T.) ;
#661=EDGE_CURVE('',#655,#639,#660,.T.) ;
#673=EDGE_CURVE('',#641,#648,#672,.T.) ;
#678=EDGE_CURVE('',#639,#655,#677,.T.) ;
#703=EDGE_CURVE('',#700,#702,#698,.T.) ;
#708=EDGE_CURVE('',#702,#700,#707,.T.) ;
#755=EDGE_CURVE('',#752,#754,#750,.T.) ;
#760=EDGE_CURVE('',#754,#752,#759,.T.) ;
#783=EDGE_CURVE('',#780,#782,#778,.T.) ;
#788=EDGE_CURVE('',#782,#780,#787,.T.) ;
#801=EDGE_CURVE('',#798,#800,#796,.T.) ;
#806=EDGE_CURVE('',#800,#798,#805,.T.) ;
#825=EDGE_CURVE('',#822,#824,#820,.T.) ;
#830=EDGE_CURVE('',#824,#702,#829,.F.) ;
#835=EDGE_CURVE('',#822,#700,#834,.F.) ;
#847=EDGE_CURVE('',#824,#822,#846,.T.) ;
#868=EDGE_CURVE('',#865,#867,#863,.T.) ;
#873=EDGE_CURVE('',#865,#800,#872,.T.) ;
#878=EDGE_CURVE('',#867,#798,#877,.T.) ;
#890=EDGE_CURVE('',#867,#865,#889,.T.) ;
#920=EDGE_CURVE('',#917,#919,#915,.T.) ;
#925=EDGE_CURVE('',#919,#917,#924,.T.) ;
#947=EDGE_CURVE('',#944,#946,#936,.T.) ;
#952=EDGE_CURVE('',#946,#919,#951,.F.) ;
#959=EDGE_CURVE('',#958,#917,#956,.F.) ;
#967=EDGE_CURVE('',#958,#944,#960,.T.) ;
#985=EDGE_CURVE('',#984,#958,#976,.T.) ;
#993=EDGE_CURVE('',#946,#984,#986,.T.) ;
#1011=EDGE_CURVE('',#752,#782,#1010,.T.) ;
#1016=EDGE_CURVE('',#754,#780,#1015,.T.) ;
#1040=EDGE_CURVE('',#1037,#1039,#1029,.F.) ;
#1050=EDGE_CURVE('',#1049,#1037,#1041,.T.) ;
#1061=EDGE_CURVE('',#1049,#1039,#1051,.T.) ;
#1078=EDGE_CURVE('',#1075,#1077,#1067,.F.) ;
#1088=EDGE_CURVE('',#1087,#1075,#1079,.T.) ;
#1099=EDGE_CURVE('',#1087,#1077,#1089,.T.) ;
#1116=EDGE_CURVE('',#1113,#1115,#1105,.F.) ;
#1126=EDGE_CURVE('',#1125,#1113,#1117,.T.) ;
#1137=EDGE_CURVE('',#1125,#1115,#1127,.T.) ;
#1161=EDGE_CURVE('',#1158,#1160,#1150,.F.) ;
#1171=EDGE_CURVE('',#1170,#1158,#1162,.T.) ;
#1182=EDGE_CURVE('',#1170,#1160,#1172,.T.) ;
#1199=EDGE_CURVE('',#1196,#1198,#1188,.F.) ;
#1209=EDGE_CURVE('',#1208,#1196,#1200,.T.) ;
#1220=EDGE_CURVE('',#1208,#1198,#1210,.T.) ;
#1240=EDGE_CURVE('',#1237,#1239,#1235,.T.) ;
#1245=EDGE_CURVE('',#1239,#1237,#1244,.T.) ;
#1260=EDGE_CURVE('',#1039,#1239,#1259,.F.) ;
#1265=EDGE_CURVE('',#1049,#1237,#1264,.F.) ;
#1294=EDGE_CURVE('',#1291,#1293,#1289,.T.) ;
#1299=EDGE_CURVE('',#1293,#1291,#1298,.T.) ;
#1314=EDGE_CURVE('',#1198,#1293,#1313,.F.) ;
#1319=EDGE_CURVE('',#1208,#1291,#1318,.F.) ;
#1348=EDGE_CURVE('',#1345,#1347,#1343,.T.) ;
#1353=EDGE_CURVE('',#1347,#1345,#1352,.T.) ;
#1368=EDGE_CURVE('',#1160,#1347,#1367,.F.) ;
#1373=EDGE_CURVE('',#1170,#1345,#1372,.F.) ;
#1402=EDGE_CURVE('',#1399,#1401,#1397,.T.) ;
#1407=EDGE_CURVE('',#1401,#1399,#1406,.T.) ;
#1422=EDGE_CURVE('',#1077,#1401,#1421,.F.) ;
#1427=EDGE_CURVE('',#1087,#1399,#1426,.F.) ;
#1456=EDGE_CURVE('',#1453,#1455,#1451,.T.) ;
#1461=EDGE_CURVE('',#1455,#1453,#1460,.T.) ;
#1476=EDGE_CURVE('',#1115,#1455,#1475,.F.) ;
#1481=EDGE_CURVE('',#1125,#1453,#1480,.F.) ;
#1537=EDGE_CURVE('',#1534,#1536,#1532,.F.) ;
#1544=EDGE_CURVE('',#1536,#1543,#1541,.T.) ;
#1551=EDGE_CURVE('',#1550,#1543,#1548,.F.) ;
#1556=EDGE_CURVE('',#1534,#1550,#1555,.T.) ;
#1575=EDGE_CURVE('',#1543,#1574,#1572,.T.) ;
#1582=EDGE_CURVE('',#1581,#1574,#1579,.F.) ;
#1587=EDGE_CURVE('',#1550,#1581,#1586,.T.) ;
#1606=EDGE_CURVE('',#1574,#1605,#1603,.T.) ;
#1613=EDGE_CURVE('',#1612,#1605,#1610,.F.) ;
#1618=EDGE_CURVE('',#1581,#1612,#1617,.T.) ;
#1635=EDGE_CURVE('',#1605,#1536,#1634,.T.) ;
#1640=EDGE_CURVE('',#1612,#1534,#1639,.T.) ;
#1659=EDGE_CURVE('',#1658,#1581,#1656,.F.) ;
#1666=EDGE_CURVE('',#1665,#1534,#1663,.F.) ;
#1673=EDGE_CURVE('',#1665,#1672,#1670,.F.) ;
#1678=EDGE_CURVE('',#1672,#1658,#1677,.F.) ;
#1694=EDGE_CURVE('',#1658,#1693,#1691,.F.) ;
#1699=EDGE_CURVE('',#1693,#1665,#1698,.F.) ;
#1722=EDGE_CURVE('',#1719,#1721,#1717,.T.) ;
#1729=EDGE_CURVE('',#1728,#1719,#1726,.T.) ;
#1734=EDGE_CURVE('',#1605,#1728,#1733,.F.) ;
#1739=EDGE_CURVE('',#1543,#1721,#1738,.F.) ;
#1755=EDGE_CURVE('',#1754,#1728,#1752,.T.) ;
#1760=EDGE_CURVE('',#1721,#1754,#1759,.T.) ;
#1779=EDGE_CURVE('',#1665,#1754,#1778,.F.) ;
#1784=EDGE_CURVE('',#1672,#1728,#1783,.F.) ;
#1801=EDGE_CURVE('',#1658,#1719,#1800,.F.) ;
#1818=EDGE_CURVE('',#1693,#1721,#1817,.F.) ;
#1878=EDGE_CURVE('',#1875,#1877,#1873,.T.) ;
#1885=EDGE_CURVE('',#1875,#1884,#1882,.T.) ;
#1892=EDGE_CURVE('',#1884,#1891,#1889,.T.) ;
#1897=EDGE_CURVE('',#1877,#1891,#1896,.T.) ;
#1916=EDGE_CURVE('',#1884,#1915,#1913,.T.) ;
#1923=EDGE_CURVE('',#1915,#1922,#1920,.T.) ;
#1928=EDGE_CURVE('',#1891,#1922,#1927,.T.) ;
#1947=EDGE_CURVE('',#1915,#1946,#1944,.T.) ;
#1954=EDGE_CURVE('',#1946,#1953,#1951,.T.) ;
#1959=EDGE_CURVE('',#1922,#1953,#1958,.T.) ;
#1978=EDGE_CURVE('',#1946,#1977,#1975,.T.) ;
#1985=EDGE_CURVE('',#1977,#1984,#1982,.T.) ;
#1990=EDGE_CURVE('',#1953,#1984,#1989,.T.) ;
#2009=EDGE_CURVE('',#1977,#2008,#2006,.F.) ;
#2016=EDGE_CURVE('',#2008,#2015,#2013,.T.) ;
#2021=EDGE_CURVE('',#1984,#2015,#2020,.F.) ;
#2040=EDGE_CURVE('',#2008,#2039,#2037,.T.) ;
#2047=EDGE_CURVE('',#2039,#2046,#2044,.T.) ;
#2052=EDGE_CURVE('',#2015,#2046,#2051,.T.) ;
#2071=EDGE_CURVE('',#2039,#2070,#2068,.T.) ;
#2078=EDGE_CURVE('',#2070,#2077,#2075,.T.) ;
#2083=EDGE_CURVE('',#2046,#2077,#2082,.T.) ;
#2102=EDGE_CURVE('',#2070,#2101,#2099,.T.) ;
#2109=EDGE_CURVE('',#2101,#2108,#2106,.T.) ;
#2114=EDGE_CURVE('',#2077,#2108,#2113,.T.) ;
#2128=EDGE_CURVE('',#2101,#2127,#2125,.F.) ;
#2135=EDGE_CURVE('',#2127,#2134,#2132,.T.) ;
#2140=EDGE_CURVE('',#2108,#2134,#2139,.F.) ;
#2159=EDGE_CURVE('',#2127,#2158,#2156,.F.) ;
#2166=EDGE_CURVE('',#2158,#2165,#2163,.T.) ;
#2171=EDGE_CURVE('',#2134,#2165,#2170,.F.) ;
#2190=EDGE_CURVE('',#2158,#2189,#2187,.T.) ;
#2197=EDGE_CURVE('',#2189,#2196,#2194,.T.) ;
#2202=EDGE_CURVE('',#2165,#2196,#2201,.T.) ;
#2219=EDGE_CURVE('',#2189,#1875,#2218,.F.) ;
#2224=EDGE_CURVE('',#2196,#1877,#2223,.F.) ;
#2245=EDGE_CURVE('',#2242,#2244,#2240,.T.) ;
#2252=EDGE_CURVE('',#2251,#2244,#2249,.T.) ;
#2259=EDGE_CURVE('',#2258,#2251,#2256,.T.) ;
#2264=EDGE_CURVE('',#2258,#2242,#2263,.T.) ;
#2276=EDGE_CURVE('',#2244,#2242,#2275,.T.) ;
#2281=EDGE_CURVE('',#2251,#2258,#2280,.T.) ;
#2302=EDGE_CURVE('',#2299,#2301,#2297,.T.) ;
#2309=EDGE_CURVE('',#2308,#2301,#2306,.T.) ;
#2316=EDGE_CURVE('',#2315,#2308,#2313,.T.) ;
#2321=EDGE_CURVE('',#2315,#2299,#2320,.T.) ;
#2333=EDGE_CURVE('',#2301,#2299,#2332,.T.) ;
#2338=EDGE_CURVE('',#2308,#2315,#2337,.T.) ;
#2442=EDGE_CURVE('',#2439,#2441,#2437,.T.) ;
#2447=EDGE_CURVE('',#2441,#2439,#2446,.T.) ;
#2466=EDGE_CURVE('',#2463,#2465,#2461,.F.) ;
#2471=EDGE_CURVE('',#2439,#2465,#2470,.F.) ;
#2476=EDGE_CURVE('',#2441,#2463,#2475,.F.) ;
#2488=EDGE_CURVE('',#2465,#2463,#2487,.F.) ;
#2509=EDGE_CURVE('',#2506,#2508,#2504,.T.) ;
#2514=EDGE_CURVE('',#2508,#2506,#2513,.T.) ;
#2535=EDGE_CURVE('',#2506,#2534,#2532,.T.) ;
#2542=EDGE_CURVE('',#2534,#2541,#2539,.T.) ;
#2547=EDGE_CURVE('',#2508,#2541,#2546,.T.) ;
#2564=EDGE_CURVE('',#2541,#2534,#2563,.T.) ;
#2585=EDGE_CURVE('',#2582,#2584,#2580,.T.) ;
#2590=EDGE_CURVE('',#2584,#2582,#2589,.T.) ;
#2607=EDGE_CURVE('',#2606,#2534,#2604,.T.) ;
#2614=EDGE_CURVE('',#2613,#2541,#2611,.T.) ;
#2619=EDGE_CURVE('',#2613,#2606,#2618,.T.) ;
#2631=EDGE_CURVE('',#2606,#2613,#2630,.T.) ;
#2648=EDGE_CURVE('',#2606,#2584,#2647,.F.) ;
#2653=EDGE_CURVE('',#2613,#2582,#2652,.F.) ;
#2713=EDGE_CURVE('',#2710,#2712,#2708,.F.) ;
#2720=EDGE_CURVE('',#2719,#2712,#2717,.T.) ;
#2727=EDGE_CURVE('',#2726,#2719,#2724,.F.) ;
#2732=EDGE_CURVE('',#2726,#2710,#2731,.T.) ;
#2744=EDGE_CURVE('',#2712,#2719,#2743,.T.) ;
#2749=EDGE_CURVE('',#2710,#2726,#2748,.T.) ;
#2770=EDGE_CURVE('',#2767,#2769,#2765,.T.) ;
#2775=EDGE_CURVE('',#2769,#2767,#2774,.T.) ;
#2796=EDGE_CURVE('',#2795,#2769,#2793,.T.) ;
#2803=EDGE_CURVE('',#2802,#2767,#2800,.T.) ;
#2810=EDGE_CURVE('',#2802,#2809,#2807,.T.) ;
#2817=EDGE_CURVE('',#2809,#2816,#2814,.T.) ;
#2833=EDGE_CURVE('',#2816,#2832,#2818,.T.) ;
#2847=EDGE_CURVE('',#2832,#2795,#2834,.T.) ;
#2877=EDGE_CURVE('',#2874,#2876,#2857,.T.) ;
#2894=EDGE_CURVE('',#2876,#2874,#2878,.T.) ;
#2919=EDGE_CURVE('',#2916,#2918,#2899,.T.) ;
#2936=EDGE_CURVE('',#2918,#2916,#2920,.T.) ;
#2946=EDGE_CURVE('',#2809,#2802,#2945,.T.) ;
#2956=EDGE_CURVE('',#2795,#2955,#2947,.T.) ;
#2964=EDGE_CURVE('',#2955,#2816,#2957,.T.) ;
#2994=EDGE_CURVE('',#2991,#2993,#2974,.T.) ;
#3011=EDGE_CURVE('',#2993,#2991,#2995,.T.) ;
#3036=EDGE_CURVE('',#3033,#3035,#3016,.T.) ;
#3053=EDGE_CURVE('',#3035,#3033,#3037,.T.) ;
#3076=EDGE_CURVE('',#3073,#3075,#3071,.T.) ;
#3081=EDGE_CURVE('',#3075,#3073,#3080,.T.) ;
#3098=EDGE_CURVE('',#3097,#2955,#3095,.T.) ;
#3105=EDGE_CURVE('',#3097,#3104,#3102,.T.) ;
#3110=EDGE_CURVE('',#3104,#2832,#3109,.T.) ;
#3123=EDGE_CURVE('',#3104,#3097,#3122,.T.) ;
#3143=EDGE_CURVE('',#3142,#2874,#3140,.T.) ;
#3150=EDGE_CURVE('',#3142,#3149,#3147,.T.) ;
#3155=EDGE_CURVE('',#3149,#2876,#3154,.T.) ;
#3167=EDGE_CURVE('',#3149,#3142,#3166,.T.) ;
#3186=EDGE_CURVE('',#3185,#2916,#3183,.T.) ;
#3193=EDGE_CURVE('',#3185,#3192,#3190,.T.) ;
#3198=EDGE_CURVE('',#3192,#2918,#3197,.T.) ;
#3210=EDGE_CURVE('',#3192,#3185,#3209,.T.) ;
#3229=EDGE_CURVE('',#3228,#2991,#3226,.T.) ;
#3236=EDGE_CURVE('',#3228,#3235,#3233,.T.) ;
#3241=EDGE_CURVE('',#3235,#2993,#3240,.T.) ;
#3253=EDGE_CURVE('',#3235,#3228,#3252,.T.) ;
#3272=EDGE_CURVE('',#3271,#3033,#3269,.T.) ;
#3279=EDGE_CURVE('',#3271,#3278,#3276,.T.) ;
#3284=EDGE_CURVE('',#3278,#3035,#3283,.T.) ;
#3296=EDGE_CURVE('',#3278,#3271,#3295,.T.) ;
#3321=EDGE_CURVE('',#3318,#3320,#3316,.F.) ;
#3326=EDGE_CURVE('',#3320,#3318,#3325,.F.) ;
#3349=EDGE_CURVE('',#3346,#3348,#3344,.F.) ;
#3354=EDGE_CURVE('',#3348,#3346,#3353,.F.) ;
#3377=EDGE_CURVE('',#3374,#3376,#3372,.F.) ;
#3382=EDGE_CURVE('',#3376,#3374,#3381,.F.) ;
#3405=EDGE_CURVE('',#3402,#3404,#3400,.F.) ;
#3410=EDGE_CURVE('',#3404,#3402,#3409,.F.) ;
#3433=EDGE_CURVE('',#3430,#3432,#3428,.F.) ;
#3438=EDGE_CURVE('',#3432,#3430,#3437,.F.) ;
#3457=EDGE_CURVE('',#3454,#3456,#3452,.T.) ;
#3462=EDGE_CURVE('',#3456,#3454,#3461,.T.) ;
#3481=EDGE_CURVE('',#3478,#3480,#3476,.T.) ;
#3486=EDGE_CURVE('',#3480,#3478,#3485,.T.) ;
#3505=EDGE_CURVE('',#3502,#3504,#3500,.T.) ;
#3510=EDGE_CURVE('',#3504,#3502,#3509,.T.) ;
#3529=EDGE_CURVE('',#3526,#3528,#3524,.T.) ;
#3534=EDGE_CURVE('',#3528,#3526,#3533,.T.) ;
#3553=EDGE_CURVE('',#3550,#3552,#3548,.T.) ;
#3558=EDGE_CURVE('',#3552,#3550,#3557,.T.) ;
#3573=EDGE_CURVE('',#3430,#3456,#3572,.F.) ;
#3578=EDGE_CURVE('',#3432,#3454,#3577,.F.) ;
#3602=EDGE_CURVE('',#3402,#3480,#3601,.F.) ;
#3607=EDGE_CURVE('',#3404,#3478,#3606,.F.) ;
#3631=EDGE_CURVE('',#3374,#3504,#3630,.F.) ;
#3636=EDGE_CURVE('',#3376,#3502,#3635,.F.) ;
#3660=EDGE_CURVE('',#3346,#3528,#3659,.F.) ;
#3665=EDGE_CURVE('',#3348,#3526,#3664,.F.) ;
#3689=EDGE_CURVE('',#3318,#3552,#3688,.F.) ;
#3694=EDGE_CURVE('',#3320,#3550,#3693,.F.) ;
#3720=EDGE_CURVE('',#3719,#3073,#3717,.T.) ;
#3727=EDGE_CURVE('',#3726,#3075,#3724,.T.) ;
#3732=EDGE_CURVE('',#3726,#3719,#3731,.T.) ;
#3753=EDGE_CURVE('',#3750,#3752,#3748,.F.) ;
#3760=EDGE_CURVE('',#3752,#3759,#3757,.F.) ;
#3767=EDGE_CURVE('',#3766,#3759,#3764,.F.) ;
#3772=EDGE_CURVE('',#3766,#3750,#3771,.T.) ;
#3784=EDGE_CURVE('',#3759,#3752,#3783,.F.) ;
#3789=EDGE_CURVE('',#3750,#3766,#3788,.T.) ;
#3810=EDGE_CURVE('',#3807,#3809,#3805,.T.) ;
#3817=EDGE_CURVE('',#3816,#3809,#3814,.T.) ;
#3824=EDGE_CURVE('',#3816,#3823,#3821,.T.) ;
#3831=EDGE_CURVE('',#3823,#3830,#3828,.T.) ;
#3838=EDGE_CURVE('',#3830,#3837,#3835,.T.) ;
#3843=EDGE_CURVE('',#3719,#3837,#3842,.T.) ;
#3848=EDGE_CURVE('',#3807,#3726,#3847,.T.) ;
#3870=EDGE_CURVE('',#3869,#3837,#3867,.F.) ;
#3879=EDGE_CURVE('',#3878,#3869,#3871,.T.) ;
#3887=EDGE_CURVE('',#3886,#3878,#3880,.T.) ;
#3895=EDGE_CURVE('',#3894,#3886,#3888,.F.) ;
#3903=EDGE_CURVE('',#3902,#3894,#3896,.T.) ;
#3912=EDGE_CURVE('',#3911,#3902,#3904,.T.) ;
#3917=EDGE_CURVE('',#3807,#3911,#3916,.T.) ;
#3946=EDGE_CURVE('',#3943,#3945,#3941,.T.) ;
#3953=EDGE_CURVE('',#3945,#3952,#3950,.T.) ;
#3960=EDGE_CURVE('',#3959,#3952,#3957,.T.) ;
#3967=EDGE_CURVE('',#3966,#3959,#3964,.T.) ;
#3974=EDGE_CURVE('',#3966,#3973,#3971,.F.) ;
#3982=EDGE_CURVE('',#3973,#3943,#3975,.F.) ;
#4037=EDGE_CURVE('',#3902,#4036,#4029,.F.) ;
#4043=EDGE_CURVE('',#4036,#3973,#4038,.F.) ;
#4050=EDGE_CURVE('',#3911,#3966,#4044,.F.) ;
#4096=EDGE_CURVE('',#3894,#3973,#4090,.F.) ;
#4147=EDGE_CURVE('',#3886,#3943,#4141,.F.) ;
#4200=EDGE_CURVE('',#3878,#4199,#4192,.F.) ;
#4211=EDGE_CURVE('',#3943,#4199,#4201,.T.) ;
#4256=EDGE_CURVE('',#3869,#3945,#4250,.F.) ;
#4274=EDGE_CURVE('',#3945,#3830,#4273,.F.) ;
#4291=EDGE_CURVE('',#3809,#3966,#4290,.F.) ;
#4310=EDGE_CURVE('',#4309,#3952,#4307,.T.) ;
#4317=EDGE_CURVE('',#3823,#4316,#4314,.T.) ;
#4322=EDGE_CURVE('',#4309,#4316,#4321,.T.) ;
#4347=EDGE_CURVE('',#4346,#3816,#4344,.T.) ;
#4354=EDGE_CURVE('',#3959,#4353,#4351,.T.) ;
#4359=EDGE_CURVE('',#4353,#4346,#4358,.T.) ;
#4382=EDGE_CURVE('',#4353,#4309,#4381,.F.) ;
#4394=EDGE_CURVE('',#4346,#4316,#4393,.F.) ;
#4454=EDGE_CURVE('',#4451,#4453,#4449,.F.) ;
#4461=EDGE_CURVE('',#4460,#4451,#4458,.T.) ;
#4468=EDGE_CURVE('',#4467,#4460,#4465,.T.) ;
#4473=EDGE_CURVE('',#4453,#4467,#4472,.T.) ;
#4488=EDGE_CURVE('',#4485,#4487,#4483,.T.) ;
#4493=EDGE_CURVE('',#4487,#4485,#4492,.T.) ;
#4512=EDGE_CURVE('',#4509,#4511,#4507,.T.) ;
#4517=EDGE_CURVE('',#4485,#4511,#4516,.T.) ;
#4522=EDGE_CURVE('',#4487,#4509,#4521,.T.) ;
#4534=EDGE_CURVE('',#4511,#4509,#4533,.T.) ;
#4555=EDGE_CURVE('',#4552,#4554,#4550,.T.) ;
#4560=EDGE_CURVE('',#4554,#4552,#4559,.T.) ;
#4573=EDGE_CURVE('',#4570,#4572,#4568,.T.) ;
#4578=EDGE_CURVE('',#4572,#4570,#4577,.T.) ;
#4601=EDGE_CURVE('',#4598,#4600,#4596,.T.) ;
#4606=EDGE_CURVE('',#4600,#4598,#4605,.T.) ;
#4621=EDGE_CURVE('',#4572,#4598,#4620,.F.) ;
#4626=EDGE_CURVE('',#4570,#4600,#4625,.F.) ;
#4654=EDGE_CURVE('',#4651,#4653,#4649,.T.) ;
#4661=EDGE_CURVE('',#4660,#4651,#4658,.T.) ;
#4668=EDGE_CURVE('',#4660,#4667,#4665,.T.) ;
#4675=EDGE_CURVE('',#4667,#4674,#4672,.T.) ;
#4680=EDGE_CURVE('',#4674,#4653,#4679,.T.) ;
#4697=EDGE_CURVE('',#4694,#4696,#4692,.T.) ;
#4704=EDGE_CURVE('',#4703,#4696,#4701,.T.) ;
#4711=EDGE_CURVE('',#4710,#4703,#4708,.T.) ;
#4718=EDGE_CURVE('',#4710,#4717,#4715,.T.) ;
#4723=EDGE_CURVE('',#4717,#4694,#4722,.T.) ;
#4738=EDGE_CURVE('',#4737,#4653,#4735,.F.) ;
#4743=EDGE_CURVE('',#4552,#4674,#4742,.T.) ;
#4748=EDGE_CURVE('',#4554,#4717,#4747,.T.) ;
#4755=EDGE_CURVE('',#4754,#4710,#4752,.F.) ;
#4760=EDGE_CURVE('',#4754,#4737,#4759,.T.) ;
#4791=EDGE_CURVE('',#4788,#4790,#4771,.T.) ;
#4808=EDGE_CURVE('',#4790,#4788,#4792,.T.) ;
#4833=EDGE_CURVE('',#4830,#4832,#4813,.T.) ;
#4850=EDGE_CURVE('',#4832,#4830,#4834,.T.) ;
#4862=EDGE_CURVE('',#4861,#4694,#4859,.F.) ;
#4869=EDGE_CURVE('',#4868,#4667,#4866,.F.) ;
#4874=EDGE_CURVE('',#4868,#4861,#4873,.T.) ;
#4905=EDGE_CURVE('',#4902,#4904,#4885,.T.) ;
#4922=EDGE_CURVE('',#4904,#4902,#4906,.T.) ;
#4947=EDGE_CURVE('',#4944,#4946,#4927,.T.) ;
#4964=EDGE_CURVE('',#4946,#4944,#4948,.T.) ;
#4981=EDGE_CURVE('',#4467,#4980,#4978,.T.) ;
#4988=EDGE_CURVE('',#4460,#4987,#4985,.T.) ;
#4993=EDGE_CURVE('',#4980,#4987,#4992,.T.) ;
#5008=EDGE_CURVE('',#5005,#5007,#5003,.T.) ;
#5013=EDGE_CURVE('',#5007,#5005,#5012,.T.) ;
#5026=EDGE_CURVE('',#5023,#5025,#5021,.T.) ;
#5031=EDGE_CURVE('',#5025,#5023,#5030,.T.) ;
#5048=EDGE_CURVE('',#4451,#5047,#5045,.T.) ;
#5055=EDGE_CURVE('',#4453,#5054,#5052,.T.) ;
#5060=EDGE_CURVE('',#5047,#5054,#5059,.F.) ;
#5075=EDGE_CURVE('',#5072,#5074,#5070,.F.) ;
#5080=EDGE_CURVE('',#5074,#5072,#5079,.F.) ;
#5093=EDGE_CURVE('',#5090,#5092,#5088,.F.) ;
#5098=EDGE_CURVE('',#5092,#5090,#5097,.F.) ;
#5113=EDGE_CURVE('',#4788,#5007,#5112,.F.) ;
#5118=EDGE_CURVE('',#4790,#5005,#5117,.F.) ;
#5142=EDGE_CURVE('',#4830,#5025,#5141,.F.) ;
#5147=EDGE_CURVE('',#4832,#5023,#5146,.F.) ;
#5166=EDGE_CURVE('',#5090,#4944,#5165,.F.) ;
#5171=EDGE_CURVE('',#5092,#4946,#5170,.F.) ;
#5190=EDGE_CURVE('',#5072,#4902,#5189,.F.) ;
#5195=EDGE_CURVE('',#5074,#4904,#5194,.F.) ;
#5223=EDGE_CURVE('',#5220,#5222,#5218,.T.) ;
#5228=EDGE_CURVE('',#5220,#4696,#5227,.T.) ;
#5233=EDGE_CURVE('',#4861,#5222,#5232,.T.) ;
#5255=EDGE_CURVE('',#5252,#5254,#5250,.T.) ;
#5260=EDGE_CURVE('',#4754,#5252,#5259,.T.) ;
#5265=EDGE_CURVE('',#5254,#4703,#5264,.T.) ;
#5282=EDGE_CURVE('',#5279,#5281,#5277,.T.) ;
#5287=EDGE_CURVE('',#5279,#4651,#5286,.T.) ;
#5292=EDGE_CURVE('',#5281,#4737,#5291,.T.) ;
#5309=EDGE_CURVE('',#5306,#5308,#5304,.T.) ;
#5314=EDGE_CURVE('',#5306,#4868,#5313,.T.) ;
#5319=EDGE_CURVE('',#5308,#4660,#5318,.T.) ;
#5351=EDGE_CURVE('',#5350,#5254,#5333,.T.) ;
#5370=EDGE_CURVE('',#5369,#5220,#5352,.T.) ;
#5375=EDGE_CURVE('',#5054,#5369,#5374,.T.) ;
#5380=EDGE_CURVE('',#5350,#4980,#5379,.T.) ;
#5405=EDGE_CURVE('',#5281,#5404,#5402,.T.) ;
#5410=EDGE_CURVE('',#5252,#5350,#5409,.T.) ;
#5415=EDGE_CURVE('',#4987,#5404,#5414,.T.) ;
#5433=EDGE_CURVE('',#5432,#5047,#5430,.T.) ;
#5438=EDGE_CURVE('',#5369,#5222,#5437,.T.) ;
#5443=EDGE_CURVE('',#5432,#5306,#5442,.T.) ;
#5476=EDGE_CURVE('',#5432,#5308,#5460,.T.) ;
#5493=EDGE_CURVE('',#5404,#5279,#5477,.T.) ;
#5633=EDGE_CURVE('',#5630,#5632,#5628,.T.) ;
#5640=EDGE_CURVE('',#5630,#5639,#5637,.T.) ;
#5647=EDGE_CURVE('',#5639,#5646,#5644,.T.) ;
#5652=EDGE_CURVE('',#5632,#5646,#5651,.T.) ;
#5671=EDGE_CURVE('',#5639,#5670,#5668,.T.) ;
#5678=EDGE_CURVE('',#5670,#5677,#5675,.T.) ;
#5683=EDGE_CURVE('',#5646,#5677,#5682,.T.) ;
#5702=EDGE_CURVE('',#5670,#5701,#5699,.F.) ;
#5709=EDGE_CURVE('',#5701,#5708,#5706,.T.) ;
#5714=EDGE_CURVE('',#5677,#5708,#5713,.F.) ;
#5731=EDGE_CURVE('',#5701,#5630,#5730,.F.) ;
#5736=EDGE_CURVE('',#5708,#5632,#5735,.F.) ;
#5757=EDGE_CURVE('',#5754,#5756,#5752,.T.) ;
#5764=EDGE_CURVE('',#5763,#5756,#5761,.T.) ;
#5771=EDGE_CURVE('',#5770,#5763,#5768,.T.) ;
#5776=EDGE_CURVE('',#5770,#5754,#5775,.T.) ;
#5788=EDGE_CURVE('',#5756,#5754,#5787,.T.) ;
#5793=EDGE_CURVE('',#5763,#5770,#5792,.T.) ;
#5925=EDGE_CURVE('',#5922,#5924,#5920,.T.) ;
#5932=EDGE_CURVE('',#5931,#5924,#5929,.T.) ;
#5939=EDGE_CURVE('',#5938,#5931,#5936,.T.) ;
#5944=EDGE_CURVE('',#5938,#5922,#5943,.T.) ;
#5963=EDGE_CURVE('',#5924,#5962,#5960,.F.) ;
#5970=EDGE_CURVE('',#5969,#5962,#5967,.F.) ;
#5975=EDGE_CURVE('',#5931,#5969,#5974,.F.) ;
#5992=EDGE_CURVE('',#5962,#5922,#5991,.F.) ;
#5997=EDGE_CURVE('',#5969,#5938,#5996,.F.) ;
#6184=EDGE_CURVE('',#6181,#6183,#6179,.T.) ;
#6191=EDGE_CURVE('',#6181,#6190,#6188,.F.) ;
#6198=EDGE_CURVE('',#6190,#6197,#6195,.T.) ;
#6203=EDGE_CURVE('',#6183,#6197,#6202,.F.) ;
#6215=EDGE_CURVE('',#6183,#6181,#6214,.T.) ;
#6220=EDGE_CURVE('',#6197,#6190,#6219,.T.) ;
#6245=EDGE_CURVE('',#6242,#6244,#6240,.T.) ;
#6252=EDGE_CURVE('',#6251,#6242,#6249,.T.) ;
#6259=EDGE_CURVE('',#6258,#6251,#6256,.T.) ;
#6266=EDGE_CURVE('',#6265,#6258,#6263,.T.) ;
#6273=EDGE_CURVE('',#6272,#6265,#6270,.T.) ;
#6278=EDGE_CURVE('',#6244,#6272,#6277,.T.) ;
#6299=EDGE_CURVE('',#6272,#6298,#6296,.T.) ;
#6306=EDGE_CURVE('',#6265,#6305,#6303,.T.) ;
#6311=EDGE_CURVE('',#6298,#6305,#6310,.T.) ;
#6330=EDGE_CURVE('',#6244,#6329,#6327,.T.) ;
#6335=EDGE_CURVE('',#6329,#6298,#6334,.T.) ;
#6354=EDGE_CURVE('',#6258,#6353,#6351,.T.) ;
#6359=EDGE_CURVE('',#6305,#6353,#6358,.T.) ;
#6378=EDGE_CURVE('',#6353,#6377,#6375,.T.) ;
#6385=EDGE_CURVE('',#6377,#6384,#6382,.T.) ;
#6390=EDGE_CURVE('',#6384,#6329,#6389,.T.) ;
#6409=EDGE_CURVE('',#6242,#6384,#6408,.T.) ;
#6426=EDGE_CURVE('',#6251,#6377,#6425,.T.) ;
#6457=EDGE_CURVE('',#6456,#6181,#6454,.F.) ;
#6464=EDGE_CURVE('',#6463,#6183,#6461,.F.) ;
#6469=EDGE_CURVE('',#6456,#6463,#6468,.T.) ;
#6481=EDGE_CURVE('',#6463,#6456,#6480,.T.) ;
#6502=EDGE_CURVE('',#6499,#6501,#6497,.T.) ;
#6507=EDGE_CURVE('',#6501,#6499,#6506,.T.) ;
#6522=EDGE_CURVE('',#6499,#6463,#6521,.T.) ;
#6527=EDGE_CURVE('',#6501,#6456,#6526,.T.) ;
#6600=EDGE_CURVE('',#6597,#6599,#6595,.T.) ;
#6607=EDGE_CURVE('',#6597,#6606,#6604,.T.) ;
#6614=EDGE_CURVE('',#6606,#6613,#6611,.T.) ;
#6621=EDGE_CURVE('',#6620,#6613,#6618,.T.) ;
#6628=EDGE_CURVE('',#6627,#6620,#6625,.T.) ;
#6633=EDGE_CURVE('',#6599,#6627,#6632,.T.) ;
#6647=EDGE_CURVE('',#6606,#6597,#6646,.T.) ;
#6654=EDGE_CURVE('',#6653,#6599,#6651,.T.) ;
#6661=EDGE_CURVE('',#6660,#6653,#6658,.T.) ;
#6666=EDGE_CURVE('',#6613,#6660,#6665,.T.) ;
#6693=EDGE_CURVE('',#6690,#6692,#6688,.T.) ;
#6698=EDGE_CURVE('',#6692,#6690,#6697,.T.) ;
#6713=EDGE_CURVE('',#6627,#6620,#6712,.T.) ;
#6723=EDGE_CURVE('',#6653,#6660,#6722,.T.) ;
#6742=EDGE_CURVE('',#6739,#6741,#6737,.T.) ;
#6747=EDGE_CURVE('',#6690,#6741,#6746,.T.) ;
#6752=EDGE_CURVE('',#6692,#6739,#6751,.T.) ;
#6764=EDGE_CURVE('',#6741,#6739,#6763,.T.) ;
#6793=EDGE_CURVE('',#6792,#6653,#6790,.F.) ;
#6800=EDGE_CURVE('',#6799,#6792,#6797,.T.) ;
#6805=EDGE_CURVE('',#6660,#6799,#6804,.T.) ;
#6820=EDGE_CURVE('',#6817,#6819,#6815,.T.) ;
#6827=EDGE_CURVE('',#6819,#6826,#6824,.T.) ;
#6834=EDGE_CURVE('',#6826,#6833,#6831,.T.) ;
#6839=EDGE_CURVE('',#6833,#6817,#6838,.T.) ;
#6865=EDGE_CURVE('',#6864,#6660,#6847,.T.) ;
#6870=EDGE_CURVE('',#6864,#6613,#6869,.T.) ;
#6895=EDGE_CURVE('',#6653,#6894,#6877,.F.) ;
#6900=EDGE_CURVE('',#6894,#6599,#6899,.T.) ;
#6918=EDGE_CURVE('',#6917,#6799,#6915,.F.) ;
#6925=EDGE_CURVE('',#6924,#6792,#6922,.F.) ;
#6930=EDGE_CURVE('',#6917,#6924,#6929,.T.) ;
#6947=EDGE_CURVE('',#6924,#6894,#6946,.F.) ;
#6964=EDGE_CURVE('',#6864,#6917,#6963,.T.) ;
#6983=EDGE_CURVE('',#6620,#6982,#6980,.F.) ;
#6990=EDGE_CURVE('',#6982,#6989,#6987,.T.) ;
#6995=EDGE_CURVE('',#6989,#6627,#6994,.F.) ;
#7010=EDGE_CURVE('',#7007,#7009,#7005,.T.) ;
#7017=EDGE_CURVE('',#7016,#7007,#7014,.T.) ;
#7024=EDGE_CURVE('',#7023,#7016,#7021,.T.) ;
#7029=EDGE_CURVE('',#7009,#7023,#7028,.T.) ;
#7055=EDGE_CURVE('',#6620,#7054,#7037,.F.) ;
#7060=EDGE_CURVE('',#6613,#7054,#7059,.T.) ;
#7085=EDGE_CURVE('',#7084,#6627,#7067,.T.) ;
#7090=EDGE_CURVE('',#6599,#7084,#7089,.T.) ;
#7108=EDGE_CURVE('',#6917,#7107,#7105,.T.) ;
#7115=EDGE_CURVE('',#6924,#7114,#7112,.T.) ;
#7120=EDGE_CURVE('',#7107,#7114,#7119,.T.) ;
#7137=EDGE_CURVE('',#7054,#7107,#7136,.F.) ;
#7155=EDGE_CURVE('',#7114,#7084,#7154,.F.) ;
#7173=EDGE_CURVE('',#6982,#7107,#7172,.F.) ;
#7178=EDGE_CURVE('',#6989,#7114,#7177,.F.) ;
#7219=EDGE_CURVE('',#6833,#7007,#7218,.F.) ;
#7224=EDGE_CURVE('',#6819,#7023,#7223,.F.) ;
#7452=EDGE_CURVE('',#7449,#7451,#7447,.T.) ;
#7459=EDGE_CURVE('',#7449,#7458,#7456,.T.) ;
#7466=EDGE_CURVE('',#7458,#7465,#7463,.T.) ;
#7471=EDGE_CURVE('',#7451,#7465,#7470,.T.) ;
#7483=EDGE_CURVE('',#7458,#7449,#7482,.T.) ;
#7488=EDGE_CURVE('',#7465,#7451,#7487,.T.) ;
#7608=EDGE_CURVE('',#7605,#7607,#7603,.T.) ;
#7615=EDGE_CURVE('',#7605,#7614,#7612,.T.) ;
#7622=EDGE_CURVE('',#7614,#7621,#7619,.T.) ;
#7627=EDGE_CURVE('',#7607,#7621,#7626,.T.) ;
#7646=EDGE_CURVE('',#7614,#7645,#7643,.F.) ;
#7653=EDGE_CURVE('',#7645,#7652,#7650,.T.) ;
#7658=EDGE_CURVE('',#7621,#7652,#7657,.F.) ;
#7677=EDGE_CURVE('',#7645,#7676,#7674,.T.) ;
#7684=EDGE_CURVE('',#7676,#7683,#7681,.T.) ;
#7689=EDGE_CURVE('',#7652,#7683,#7688,.T.) ;
#7706=EDGE_CURVE('',#7676,#7605,#7705,.T.) ;
#7711=EDGE_CURVE('',#7683,#7607,#7710,.T.) ;
#7732=EDGE_CURVE('',#7729,#7731,#7727,.T.) ;
#7739=EDGE_CURVE('',#7738,#7731,#7736,.T.) ;
#7746=EDGE_CURVE('',#7745,#7738,#7743,.T.) ;
#7751=EDGE_CURVE('',#7745,#7729,#7750,.T.) ;
#7763=EDGE_CURVE('',#7731,#7729,#7762,.T.) ;
#7768=EDGE_CURVE('',#7738,#7745,#7767,.T.) ;
#7789=EDGE_CURVE('',#7786,#7788,#7784,.T.) ;
#7796=EDGE_CURVE('',#7795,#7788,#7793,.T.) ;
#7803=EDGE_CURVE('',#7802,#7795,#7800,.T.) ;
#7808=EDGE_CURVE('',#7802,#7786,#7807,.T.) ;
#7820=EDGE_CURVE('',#7788,#7786,#7819,.T.) ;
#7825=EDGE_CURVE('',#7795,#7802,#7824,.T.) ;
#7926=EDGE_CURVE('',#7923,#7925,#7921,.T.) ;
#7933=EDGE_CURVE('',#7923,#7932,#7930,.F.) ;
#7940=EDGE_CURVE('',#7932,#7939,#7937,.T.) ;
#7945=EDGE_CURVE('',#7925,#7939,#7944,.F.) ;
#7966=EDGE_CURVE('',#7963,#7965,#7961,.T.) ;
#7973=EDGE_CURVE('',#7965,#7972,#7970,.T.) ;
#7978=EDGE_CURVE('',#7972,#7925,#7977,.T.) ;
#7985=EDGE_CURVE('',#7939,#7984,#7982,.T.) ;
#7990=EDGE_CURVE('',#7984,#7963,#7989,.F.) ;
#8007=EDGE_CURVE('',#8004,#8006,#8002,.T.) ;
#8012=EDGE_CURVE('',#8006,#8004,#8011,.T.) ;
#8029=EDGE_CURVE('',#7932,#8028,#8026,.T.) ;
#8034=EDGE_CURVE('',#8028,#7984,#8033,.T.) ;
#8053=EDGE_CURVE('',#8028,#8052,#8050,.F.) ;
#8060=EDGE_CURVE('',#8059,#7923,#8057,.T.) ;
#8067=EDGE_CURVE('',#8066,#8059,#8064,.T.) ;
#8072=EDGE_CURVE('',#8052,#8066,#8071,.T.) ;
#8089=EDGE_CURVE('',#8086,#8088,#8084,.T.) ;
#8094=EDGE_CURVE('',#8088,#8086,#8093,.T.) ;
#8111=EDGE_CURVE('',#7972,#8110,#8108,.T.) ;
#8116=EDGE_CURVE('',#8110,#8059,#8115,.T.) ;
#8131=EDGE_CURVE('',#8066,#8130,#8128,.T.) ;
#8136=EDGE_CURVE('',#8130,#7965,#8135,.T.) ;
#8141=EDGE_CURVE('',#8052,#7963,#8140,.T.) ;
#8171=EDGE_CURVE('',#8086,#8006,#8170,.T.) ;
#8176=EDGE_CURVE('',#8088,#8004,#8175,.T.) ;
#8195=EDGE_CURVE('',#7965,#7972,#8194,.T.) ;
#8205=EDGE_CURVE('',#8059,#8066,#8204,.T.) ;
#8222=EDGE_CURVE('',#8221,#8110,#8219,.T.) ;
#8229=EDGE_CURVE('',#8228,#8130,#8226,.T.) ;
#8234=EDGE_CURVE('',#8228,#8221,#8233,.T.) ;
#8248=EDGE_CURVE('',#8221,#8228,#8247,.T.) ;
#8271=EDGE_CURVE('',#8268,#8270,#8266,.T.) ;
#8276=EDGE_CURVE('',#8270,#8268,#8275,.T.) ;
#8291=EDGE_CURVE('',#8228,#8270,#8290,.F.) ;
#8296=EDGE_CURVE('',#8221,#8268,#8295,.F.) ;
#8421=EDGE_CURVE('',#8418,#8420,#8416,.F.) ;
#8428=EDGE_CURVE('',#8427,#8420,#8425,.T.) ;
#8435=EDGE_CURVE('',#8434,#8427,#8432,.F.) ;
#8440=EDGE_CURVE('',#8434,#8418,#8439,.T.) ;
#8452=EDGE_CURVE('',#8420,#8427,#8451,.T.) ;
#8457=EDGE_CURVE('',#8418,#8434,#8456,.T.) ;
#8478=EDGE_CURVE('',#8475,#8477,#8473,.F.) ;
#8485=EDGE_CURVE('',#8484,#8477,#8482,.T.) ;
#8492=EDGE_CURVE('',#8491,#8484,#8489,.F.) ;
#8497=EDGE_CURVE('',#8491,#8475,#8496,.T.) ;
#8509=EDGE_CURVE('',#8477,#8484,#8508,.T.) ;
#8514=EDGE_CURVE('',#8475,#8491,#8513,.T.) ;
#8535=EDGE_CURVE('',#8532,#8534,#8530,.T.) ;
#8542=EDGE_CURVE('',#8541,#8534,#8539,.T.) ;
#8549=EDGE_CURVE('',#8548,#8541,#8546,.T.) ;
#8554=EDGE_CURVE('',#8548,#8532,#8553,.T.) ;
#8566=EDGE_CURVE('',#8534,#8541,#8565,.T.) ;
#8571=EDGE_CURVE('',#8532,#8548,#8570,.T.) ;
#8588=EDGE_CURVE('',#8534,#8418,#8587,.T.) ;
#8593=EDGE_CURVE('',#8541,#8434,#8592,.T.) ;
#8676=EDGE_CURVE('',#8673,#8675,#8671,.F.) ;
#8683=EDGE_CURVE('',#8675,#8682,#8680,.T.) ;
#8690=EDGE_CURVE('',#8689,#8682,#8687,.F.) ;
#8695=EDGE_CURVE('',#8673,#8689,#8694,.T.) ;
#8712=EDGE_CURVE('',#8682,#8675,#8711,.T.) ;
#8717=EDGE_CURVE('',#8689,#8673,#8716,.T.) ;
#8738=EDGE_CURVE('',#8735,#8737,#8733,.T.) ;
#8743=EDGE_CURVE('',#8737,#8735,#8742,.T.) ;
#8756=EDGE_CURVE('',#8753,#8755,#8751,.T.) ;
#8761=EDGE_CURVE('',#8755,#8753,#8760,.T.) ;
#8778=EDGE_CURVE('',#8777,#8673,#8775,.F.) ;
#8785=EDGE_CURVE('',#8784,#8689,#8782,.F.) ;
#8790=EDGE_CURVE('',#8777,#8784,#8789,.T.) ;
#8802=EDGE_CURVE('',#8784,#8777,#8801,.T.) ;
#8819=EDGE_CURVE('',#8735,#8777,#8818,.T.) ;
#8824=EDGE_CURVE('',#8737,#8784,#8823,.T.) ;
#8855=EDGE_CURVE('',#8854,#8753,#8852,.F.) ;
#8862=EDGE_CURVE('',#8861,#8755,#8859,.F.) ;
#8867=EDGE_CURVE('',#8854,#8861,#8866,.T.) ;
#8879=EDGE_CURVE('',#8861,#8854,#8878,.T.) ;
#8900=EDGE_CURVE('',#8897,#8899,#8895,.T.) ;
#8905=EDGE_CURVE('',#8899,#8897,#8904,.T.) ;
#8920=EDGE_CURVE('',#8897,#8861,#8919,.T.) ;
#8925=EDGE_CURVE('',#8899,#8854,#8924,.T.) ;
#8962=EDGE_CURVE('',#8959,#8961,#8957,.T.) ;
#8969=EDGE_CURVE('',#8968,#8959,#8966,.T.) ;
#8976=EDGE_CURVE('',#8975,#8968,#8973,.T.) ;
#8983=EDGE_CURVE('',#8982,#8975,#8980,.T.) ;
#8990=EDGE_CURVE('',#8989,#8982,#8987,.T.) ;
#8995=EDGE_CURVE('',#8961,#8989,#8994,.T.) ;
#9016=EDGE_CURVE('',#8989,#9015,#9013,.T.) ;
#9023=EDGE_CURVE('',#8982,#9022,#9020,.T.) ;
#9028=EDGE_CURVE('',#9015,#9022,#9027,.T.) ;
#9047=EDGE_CURVE('',#8961,#9046,#9044,.T.) ;
#9052=EDGE_CURVE('',#9046,#9015,#9051,.T.) ;
#9071=EDGE_CURVE('',#8975,#9070,#9068,.T.) ;
#9076=EDGE_CURVE('',#9022,#9070,#9075,.T.) ;
#9095=EDGE_CURVE('',#9070,#9094,#9092,.T.) ;
#9102=EDGE_CURVE('',#9094,#9101,#9099,.T.) ;
#9107=EDGE_CURVE('',#9101,#9046,#9106,.T.) ;
#9126=EDGE_CURVE('',#8959,#9101,#9125,.T.) ;
#9143=EDGE_CURVE('',#8968,#9094,#9142,.T.) ;
#9398=EDGE_CURVE('',#9395,#9397,#9393,.T.) ;
#9405=EDGE_CURVE('',#9397,#9404,#9402,.T.) ;
#9412=EDGE_CURVE('',#9411,#9404,#9409,.T.) ;
#9417=EDGE_CURVE('',#9395,#9411,#9416,.T.) ;
#9439=EDGE_CURVE('',#9436,#9438,#9430,.T.) ;
#9444=EDGE_CURVE('',#9411,#9438,#9443,.T.) ;
#9449=EDGE_CURVE('',#9404,#9436,#9448,.T.) ;
#9471=EDGE_CURVE('',#9468,#9470,#9462,.T.) ;
#9476=EDGE_CURVE('',#9470,#9397,#9475,.T.) ;
#9481=EDGE_CURVE('',#9468,#9395,#9480,.T.) ;
#9500=EDGE_CURVE('',#9436,#9499,#9497,.T.) ;
#9507=EDGE_CURVE('',#9470,#9506,#9504,.T.) ;
#9514=EDGE_CURVE('',#9506,#9513,#9511,.T.) ;
#9521=EDGE_CURVE('',#9513,#9520,#9518,.T.) ;
#9526=EDGE_CURVE('',#9520,#9499,#9525,.T.) ;
#9549=EDGE_CURVE('',#9513,#9548,#9546,.T.) ;
#9556=EDGE_CURVE('',#9548,#9555,#9553,.T.) ;
#9561=EDGE_CURVE('',#9520,#9555,#9560,.T.) ;
#9581=EDGE_CURVE('',#9580,#9499,#9574,.F.) ;
#9586=EDGE_CURVE('',#9555,#9580,#9585,.T.) ;
#9606=EDGE_CURVE('',#9506,#9605,#9599,.F.) ;
#9611=EDGE_CURVE('',#9605,#9548,#9610,.T.) ;
#9630=EDGE_CURVE('',#9629,#9548,#9627,.T.) ;
#9638=EDGE_CURVE('',#9637,#9605,#9631,.T.) ;
#9643=EDGE_CURVE('',#9637,#9629,#9642,.T.) ;
#9658=EDGE_CURVE('',#9580,#9657,#9651,.T.) ;
#9665=EDGE_CURVE('',#9664,#9555,#9662,.T.) ;
#9670=EDGE_CURVE('',#9664,#9657,#9669,.T.) ;
#9682=EDGE_CURVE('',#9629,#9664,#9681,.T.) ;
#9701=EDGE_CURVE('',#9629,#9700,#9698,.F.) ;
#9708=EDGE_CURVE('',#9700,#9707,#9705,.T.) ;
#9713=EDGE_CURVE('',#9664,#9707,#9712,.F.) ;
#9732=EDGE_CURVE('',#9707,#9731,#9729,.T.) ;
#9738=EDGE_CURVE('',#9731,#9657,#9733,.F.) ;
#9757=EDGE_CURVE('',#9756,#9700,#9754,.T.) ;
#9763=EDGE_CURVE('',#9637,#9756,#9758,.F.) ;
#9784=EDGE_CURVE('',#9781,#9783,#9779,.T.) ;
#9789=EDGE_CURVE('',#9781,#9411,#9788,.T.) ;
#9795=EDGE_CURVE('',#9438,#9783,#9790,.T.) ;
#9809=EDGE_CURVE('',#9808,#9781,#9806,.T.) ;
#9814=EDGE_CURVE('',#9808,#9395,#9813,.T.) ;
#9828=EDGE_CURVE('',#9827,#9808,#9825,.T.) ;
#9834=EDGE_CURVE('',#9827,#9468,#9829,.T.) ;
#9855=EDGE_CURVE('',#9852,#9854,#9850,.T.) ;
#9862=EDGE_CURVE('',#9854,#9861,#9859,.T.) ;
#9869=EDGE_CURVE('',#9861,#9868,#9866,.T.) ;
#9874=EDGE_CURVE('',#9868,#9731,#9873,.T.) ;
#9879=EDGE_CURVE('',#9852,#9756,#9878,.T.) ;
#9906=EDGE_CURVE('',#9852,#9827,#9896,.T.) ;
#9930=EDGE_CURVE('',#9783,#9868,#9923,.T.) ;
#9951=EDGE_CURVE('',#9854,#9808,#9950,.F.) ;
#9956=EDGE_CURVE('',#9861,#9781,#9955,.F.) ;
#94=EDGE_LOOP('',(#95,#96,#97,#98)) ;
#111=EDGE_LOOP('',(#112,#113,#114,#115)) ;
#137=EDGE_LOOP('',(#138,#139)) ;
#141=EDGE_LOOP('',(#142,#143)) ;
#165=EDGE_LOOP('',(#166,#167)) ;
#169=EDGE_LOOP('',(#170,#171)) ;
#193=EDGE_LOOP('',(#194,#195)) ;
#235=EDGE_LOOP('',(#236,#237,#238,#239,#240)) ;
#261=EDGE_LOOP('',(#262,#263,#264,#265,#266)) ;
#289=EDGE_LOOP('',(#290,#291,#292,#293,#294,#295,#296)) ;
#331=EDGE_LOOP('',(#332,#333,#334)) ;
#337=EDGE_LOOP('',(#338,#339,#340,#341,#342,#343,#344)) ;
#379=EDGE_LOOP('',(#380,#381,#382)) ;
#404=EDGE_LOOP('',(#405,#406)) ;
#424=EDGE_LOOP('',(#425,#426,#427,#428,#429)) ;
#432=EDGE_LOOP('',(#433,#434,#435,#436)) ;
#458=EDGE_LOOP('',(#459,#460)) ;
#478=EDGE_LOOP('',(#479,#480,#481,#482,#483)) ;
#486=EDGE_LOOP('',(#487,#488,#489,#490)) ;
#553=EDGE_LOOP('',(#554,#555,#556,#557)) ;
#570=EDGE_LOOP('',(#571,#572,#573,#574)) ;
#610=EDGE_LOOP('',(#611,#612,#613,#614)) ;
#627=EDGE_LOOP('',(#628,#629,#630,#631)) ;
#662=EDGE_LOOP('',(#663,#664,#665,#666)) ;
#679=EDGE_LOOP('',(#680,#681,#682,#683)) ;
#691=EDGE_LOOP('',(#692,#693)) ;
#709=EDGE_LOOP('',(#710,#711)) ;
#719=EDGE_LOOP('',(#720,#721)) ;
#723=EDGE_LOOP('',(#724,#725)) ;
#733=EDGE_LOOP('',(#734,#735)) ;
#737=EDGE_LOOP('',(#738,#739)) ;
#761=EDGE_LOOP('',(#762,#763)) ;
#765=EDGE_LOOP('',(#766,#767)) ;
#789=EDGE_LOOP('',(#790,#791)) ;
#807=EDGE_LOOP('',(#808,#809)) ;
#836=EDGE_LOOP('',(#837,#838,#839,#840)) ;
#848=EDGE_LOOP('',(#849,#850,#851,#852)) ;
#879=EDGE_LOOP('',(#880,#881,#882,#883)) ;
#891=EDGE_LOOP('',(#892,#893)) ;
#895=EDGE_LOOP('',(#896,#897)) ;
#900=EDGE_LOOP('',(#901,#902,#903,#904)) ;
#926=EDGE_LOOP('',(#927,#928)) ;
#968=EDGE_LOOP('',(#969,#970,#971,#972,#973)) ;
#994=EDGE_LOOP('',(#995,#996,#997,#998,#999)) ;
#1017=EDGE_LOOP('',(#1018,#1019,#1020,#1021)) ;
#1023=EDGE_LOOP('',(#1024,#1025,#1026,#1027)) ;
#1062=EDGE_LOOP('',(#1063,#1064,#1065)) ;
#1100=EDGE_LOOP('',(#1101,#1102,#1103)) ;
#1138=EDGE_LOOP('',(#1139,#1140,#1141)) ;
#1144=EDGE_LOOP('',(#1145,#1146,#1147,#1148)) ;
#1183=EDGE_LOOP('',(#1184,#1185,#1186)) ;
#1221=EDGE_LOOP('',(#1222,#1223,#1224)) ;
#1246=EDGE_LOOP('',(#1247,#1248)) ;
#1266=EDGE_LOOP('',(#1267,#1268,#1269,#1270,#1271)) ;
#1274=EDGE_LOOP('',(#1275,#1276,#1277,#1278)) ;
#1300=EDGE_LOOP('',(#1301,#1302)) ;
#1320=EDGE_LOOP('',(#1321,#1322,#1323,#1324,#1325)) ;
#1328=EDGE_LOOP('',(#1329,#1330,#1331,#1332)) ;
#1354=EDGE_LOOP('',(#1355,#1356)) ;
#1374=EDGE_LOOP('',(#1375,#1376,#1377,#1378,#1379)) ;
#1382=EDGE_LOOP('',(#1383,#1384,#1385,#1386)) ;
#1408=EDGE_LOOP('',(#1409,#1410)) ;
#1428=EDGE_LOOP('',(#1429,#1430,#1431,#1432,#1433)) ;
#1436=EDGE_LOOP('',(#1437,#1438,#1439,#1440)) ;
#1462=EDGE_LOOP('',(#1463,#1464)) ;
#1482=EDGE_LOOP('',(#1483,#1484,#1485,#1486,#1487)) ;
#1490=EDGE_LOOP('',(#1491,#1492,#1493,#1494)) ;
#1557=EDGE_LOOP('',(#1558,#1559,#1560,#1561)) ;
#1588=EDGE_LOOP('',(#1589,#1590,#1591,#1592)) ;
#1619=EDGE_LOOP('',(#1620,#1621,#1622,#1623)) ;
#1641=EDGE_LOOP('',(#1642,#1643,#1644,#1645)) ;
#1679=EDGE_LOOP('',(#1680,#1681,#1682,#1683,#1684,#1685)) ;
#1700=EDGE_LOOP('',(#1701,#1702,#1703,#1704,#1705,#1706)) ;
#1740=EDGE_LOOP('',(#1741,#1742,#1743,#1744,#1745,#1746)) ;
#1761=EDGE_LOOP('',(#1762,#1763,#1764,#1765,#1766,#1767)) ;
#1785=EDGE_LOOP('',(#1786,#1787,#1788,#1789)) ;
#1802=EDGE_LOOP('',(#1803,#1804,#1805,#1806)) ;
#1819=EDGE_LOOP('',(#1820,#1821,#1822,#1823)) ;
#1831=EDGE_LOOP('',(#1832,#1833,#1834,#1835)) ;
#1898=EDGE_LOOP('',(#1899,#1900,#1901,#1902)) ;
#1929=EDGE_LOOP('',(#1930,#1931,#1932,#1933)) ;
#1960=EDGE_LOOP('',(#1961,#1962,#1963,#1964)) ;
#1991=EDGE_LOOP('',(#1992,#1993,#1994,#1995)) ;
#2022=EDGE_LOOP('',(#2023,#2024,#2025,#2026)) ;
#2053=EDGE_LOOP('',(#2054,#2055,#2056,#2057)) ;
#2084=EDGE_LOOP('',(#2085,#2086,#2087,#2088)) ;
#2115=EDGE_LOOP('',(#2116,#2117,#2118,#2119)) ;
#2141=EDGE_LOOP('',(#2142,#2143,#2144,#2145)) ;
#2172=EDGE_LOOP('',(#2173,#2174,#2175,#2176)) ;
#2203=EDGE_LOOP('',(#2204,#2205,#2206,#2207)) ;
#2225=EDGE_LOOP('',(#2226,#2227,#2228,#2229)) ;
#2265=EDGE_LOOP('',(#2266,#2267,#2268,#2269)) ;
#2282=EDGE_LOOP('',(#2283,#2284,#2285,#2286)) ;
#2322=EDGE_LOOP('',(#2323,#2324,#2325,#2326)) ;
#2339=EDGE_LOOP('',(#2340,#2341,#2342,#2343)) ;
#2351=EDGE_LOOP('',(#2352,#2353,#2354,#2355,#2356,#2357,#2358,#2359,#2360,#2361,#2362,#2363)) ;
#2365=EDGE_LOOP('',(#2366,#2367)) ;
#2369=EDGE_LOOP('',(#2370,#2371)) ;
#2379=EDGE_LOOP('',(#2380,#2381,#2382,#2383,#2384,#2385,#2386,#2387,#2388,#2389,#2390,#2391)) ;
#2393=EDGE_LOOP('',(#2394,#2395)) ;
#2397=EDGE_LOOP('',(#2398,#2399)) ;
#2448=EDGE_LOOP('',(#2449,#2450)) ;
#2477=EDGE_LOOP('',(#2478,#2479,#2480,#2481)) ;
#2489=EDGE_LOOP('',(#2490,#2491,#2492,#2493)) ;
#2515=EDGE_LOOP('',(#2516,#2517)) ;
#2519=EDGE_LOOP('',(#2520,#2521)) ;
#2548=EDGE_LOOP('',(#2549,#2550,#2551,#2552)) ;
#2565=EDGE_LOOP('',(#2566,#2567,#2568,#2569)) ;
#2591=EDGE_LOOP('',(#2592,#2593)) ;
#2620=EDGE_LOOP('',(#2621,#2622,#2623,#2624)) ;
#2632=EDGE_LOOP('',(#2633,#2634,#2635,#2636)) ;
#2654=EDGE_LOOP('',(#2655,#2656,#2657,#2658)) ;
#2666=EDGE_LOOP('',(#2667,#2668,#2669,#2670)) ;
#2733=EDGE_LOOP('',(#2734,#2735,#2736,#2737)) ;
#2750=EDGE_LOOP('',(#2751,#2752,#2753,#2754)) ;
#2776=EDGE_LOOP('',(#2777,#2778)) ;
#2780=EDGE_LOOP('',(#2781,#2782)) ;
#2848=EDGE_LOOP('',(#2849,#2850,#2851,#2852,#2853,#2854,#2855)) ;
#2895=EDGE_LOOP('',(#2896,#2897)) ;
#2937=EDGE_LOOP('',(#2938,#2939)) ;
#2965=EDGE_LOOP('',(#2966,#2967,#2968,#2969,#2970,#2971,#2972)) ;
#3012=EDGE_LOOP('',(#3013,#3014)) ;
#3054=EDGE_LOOP('',(#3055,#3056)) ;
#3064=EDGE_LOOP('',(#3065,#3066)) ;
#3082=EDGE_LOOP('',(#3083,#3084)) ;
#3111=EDGE_LOOP('',(#3112,#3113,#3114,#3115,#3116)) ;
#3124=EDGE_LOOP('',(#3125,#3126,#3127,#3128,#3129)) ;
#3156=EDGE_LOOP('',(#3157,#3158,#3159,#3160)) ;
#3168=EDGE_LOOP('',(#3169,#3170,#3171,#3172)) ;
#3199=EDGE_LOOP('',(#3200,#3201,#3202,#3203)) ;
#3211=EDGE_LOOP('',(#3212,#3213,#3214,#3215)) ;
#3242=EDGE_LOOP('',(#3243,#3244,#3245,#3246)) ;
#3254=EDGE_LOOP('',(#3255,#3256,#3257,#3258)) ;
#3285=EDGE_LOOP('',(#3286,#3287,#3288,#3289)) ;
#3297=EDGE_LOOP('',(#3298,#3299,#3300,#3301)) ;
#3309=EDGE_LOOP('',(#3310,#3311)) ;
#3327=EDGE_LOOP('',(#3328,#3329)) ;
#3337=EDGE_LOOP('',(#3338,#3339)) ;
#3355=EDGE_LOOP('',(#3356,#3357)) ;
#3365=EDGE_LOOP('',(#3366,#3367)) ;
#3383=EDGE_LOOP('',(#3384,#3385)) ;
#3393=EDGE_LOOP('',(#3394,#3395)) ;
#3411=EDGE_LOOP('',(#3412,#3413)) ;
#3421=EDGE_LOOP('',(#3422,#3423)) ;
#3439=EDGE_LOOP('',(#3440,#3441)) ;
#3463=EDGE_LOOP('',(#3464,#3465)) ;
#3487=EDGE_LOOP('',(#3488,#3489)) ;
#3511=EDGE_LOOP('',(#3512,#3513)) ;
#3535=EDGE_LOOP('',(#3536,#3537)) ;
#3559=EDGE_LOOP('',(#3560,#3561)) ;
#3579=EDGE_LOOP('',(#3580,#3581,#3582,#3583)) ;
#3586=EDGE_LOOP('',(#3587,#3588,#3589,#3590)) ;
#3608=EDGE_LOOP('',(#3609,#3610,#3611,#3612)) ;
#3615=EDGE_LOOP('',(#3616,#3617,#3618,#3619)) ;
#3637=EDGE_LOOP('',(#3638,#3639,#3640,#3641)) ;
#3644=EDGE_LOOP('',(#3645,#3646,#3647,#3648)) ;
#3666=EDGE_LOOP('',(#3667,#3668,#3669,#3670)) ;
#3673=EDGE_LOOP('',(#3674,#3675,#3676,#3677)) ;
#3695=EDGE_LOOP('',(#3696,#3697,#3698,#3699)) ;
#3702=EDGE_LOOP('',(#3703,#3704,#3705,#3706)) ;
#3733=EDGE_LOOP('',(#3734,#3735,#3736,#3737)) ;
#3773=EDGE_LOOP('',(#3774,#3775,#3776,#3777)) ;
#3790=EDGE_LOOP('',(#3791,#3792,#3793,#3794)) ;
#3849=EDGE_LOOP('',(#3850,#3851,#3852,#3853,#3854,#3855,#3856,#3857)) ;
#3859=EDGE_LOOP('',(#3860,#3861)) ;
#3918=EDGE_LOOP('',(#3919,#3920,#3921,#3922,#3923,#3924,#3925,#3926,#3927,#3928,#3929,#3930)) ;
#3983=EDGE_LOOP('',(#3984,#3985,#3986,#3987,#3988,#3989)) ;
#4051=EDGE_LOOP('',(#4052,#4053,#4054,#4055,#4056)) ;
#4097=EDGE_LOOP('',(#4098,#4099,#4100,#4101)) ;
#4148=EDGE_LOOP('',(#4149,#4150,#4151,#4152)) ;
#4212=EDGE_LOOP('',(#4213,#4214,#4215,#4216)) ;
#4257=EDGE_LOOP('',(#4258,#4259,#4260,#4261,#4262)) ;
#4275=EDGE_LOOP('',(#4276,#4277,#4278,#4279)) ;
#4292=EDGE_LOOP('',(#4293,#4294,#4295,#4296)) ;
#4323=EDGE_LOOP('',(#4324,#4325,#4326,#4327,#4328,#4329)) ;
#4331=EDGE_LOOP('',(#4332,#4333)) ;
#4360=EDGE_LOOP('',(#4361,#4362,#4363,#4364,#4365,#4366)) ;
#4368=EDGE_LOOP('',(#4369,#4370)) ;
#4383=EDGE_LOOP('',(#4384,#4385,#4386,#4387)) ;
#4395=EDGE_LOOP('',(#4396,#4397,#4398,#4399)) ;
#4407=EDGE_LOOP('',(#4408,#4409,#4410,#4411)) ;
#4474=EDGE_LOOP('',(#4475,#4476,#4477,#4478)) ;
#4494=EDGE_LOOP('',(#4495,#4496)) ;
#4523=EDGE_LOOP('',(#4524,#4525,#4526,#4527)) ;
#4535=EDGE_LOOP('',(#4536,#4537,#4538,#4539)) ;
#4561=EDGE_LOOP('',(#4562,#4563)) ;
#4579=EDGE_LOOP('',(#4580,#4581)) ;
#4589=EDGE_LOOP('',(#4590,#4591)) ;
#4607=EDGE_LOOP('',(#4608,#4609)) ;
#4627=EDGE_LOOP('',(#4628,#4629,#4630,#4631)) ;
#4634=EDGE_LOOP('',(#4635,#4636,#4637,#4638)) ;
#4681=EDGE_LOOP('',(#4682,#4683,#4684,#4685,#4686)) ;
#4724=EDGE_LOOP('',(#4725,#4726,#4727,#4728,#4729)) ;
#4761=EDGE_LOOP('',(#4762,#4763,#4764,#4765,#4766,#4767,#4768,#4769)) ;
#4809=EDGE_LOOP('',(#4810,#4811)) ;
#4851=EDGE_LOOP('',(#4852,#4853)) ;
#4875=EDGE_LOOP('',(#4876,#4877,#4878,#4879,#4880,#4881,#4882,#4883)) ;
#4923=EDGE_LOOP('',(#4924,#4925)) ;
#4965=EDGE_LOOP('',(#4966,#4967)) ;
#4994=EDGE_LOOP('',(#4995,#4996,#4997,#4998)) ;
#5014=EDGE_LOOP('',(#5015,#5016)) ;
#5032=EDGE_LOOP('',(#5033,#5034)) ;
#5061=EDGE_LOOP('',(#5062,#5063,#5064,#5065)) ;
#5081=EDGE_LOOP('',(#5082,#5083)) ;
#5099=EDGE_LOOP('',(#5100,#5101)) ;
#5119=EDGE_LOOP('',(#5120,#5121,#5122,#5123)) ;
#5126=EDGE_LOOP('',(#5127,#5128,#5129,#5130)) ;
#5148=EDGE_LOOP('',(#5149,#5150,#5151,#5152)) ;
#5155=EDGE_LOOP('',(#5156,#5157,#5158,#5159)) ;
#5172=EDGE_LOOP('',(#5173,#5174,#5175,#5176)) ;
#5179=EDGE_LOOP('',(#5180,#5181,#5182,#5183)) ;
#5196=EDGE_LOOP('',(#5197,#5198,#5199,#5200)) ;
#5203=EDGE_LOOP('',(#5204,#5205,#5206,#5207)) ;
#5234=EDGE_LOOP('',(#5235,#5236,#5237,#5238,#5239)) ;
#5266=EDGE_LOOP('',(#5267,#5268,#5269,#5270,#5271)) ;
#5293=EDGE_LOOP('',(#5294,#5295,#5296,#5297,#5298)) ;
#5320=EDGE_LOOP('',(#5321,#5322,#5323,#5324,#5325)) ;
#5381=EDGE_LOOP('',(#5382,#5383,#5384,#5385,#5386,#5387,#5388,#5389,#5390,#5391)) ;
#5416=EDGE_LOOP('',(#5417,#5418,#5419,#5420,#5421,#5422,#5423,#5424)) ;
#5444=EDGE_LOOP('',(#5445,#5446,#5447,#5448,#5449,#5450,#5451,#5452)) ;
#5494=EDGE_LOOP('',(#5495,#5496,#5497,#5498,#5499,#5500,#5501,#5502,#5503,#5504)) ;
#5512=EDGE_LOOP('',(#5513,#5514,#5515)) ;
#5523=EDGE_LOOP('',(#5524,#5525,#5526)) ;
#5529=EDGE_LOOP('',(#5530,#5531,#5532)) ;
#5535=EDGE_LOOP('',(#5536,#5537,#5538)) ;
#5653=EDGE_LOOP('',(#5654,#5655,#5656,#5657)) ;
#5684=EDGE_LOOP('',(#5685,#5686,#5687,#5688)) ;
#5715=EDGE_LOOP('',(#5716,#5717,#5718,#5719)) ;
#5737=EDGE_LOOP('',(#5738,#5739,#5740,#5741)) ;
#5777=EDGE_LOOP('',(#5778,#5779,#5780,#5781)) ;
#5794=EDGE_LOOP('',(#5795,#5796,#5797,#5798)) ;
#5806=EDGE_LOOP('',(#5807,#5808,#5809,#5810)) ;
#5812=EDGE_LOOP('',(#5813,#5814)) ;
#5822=EDGE_LOOP('',(#5823,#5824,#5825,#5826)) ;
#5828=EDGE_LOOP('',(#5829,#5830)) ;
#5945=EDGE_LOOP('',(#5946,#5947,#5948,#5949)) ;
#5976=EDGE_LOOP('',(#5977,#5978,#5979,#5980)) ;
#5998=EDGE_LOOP('',(#5999,#6000,#6001,#6002)) ;
#6010=EDGE_LOOP('',(#6011,#6012,#6013)) ;
#6021=EDGE_LOOP('',(#6022,#6023,#6024)) ;
#6204=EDGE_LOOP('',(#6205,#6206,#6207,#6208)) ;
#6221=EDGE_LOOP('',(#6222,#6223,#6224,#6225)) ;
#6233=EDGE_LOOP('',(#6234,#6235)) ;
#6279=EDGE_LOOP('',(#6280,#6281,#6282,#6283,#6284,#6285)) ;
#6312=EDGE_LOOP('',(#6313,#6314,#6315,#6316)) ;
#6336=EDGE_LOOP('',(#6337,#6338,#6339,#6340)) ;
#6360=EDGE_LOOP('',(#6361,#6362,#6363,#6364)) ;
#6391=EDGE_LOOP('',(#6392,#6393,#6394,#6395,#6396,#6397)) ;
#6410=EDGE_LOOP('',(#6411,#6412,#6413,#6414)) ;
#6427=EDGE_LOOP('',(#6428,#6429,#6430,#6431)) ;
#6439=EDGE_LOOP('',(#6440,#6441,#6442,#6443)) ;
#6470=EDGE_LOOP('',(#6471,#6472,#6473,#6474)) ;
#6482=EDGE_LOOP('',(#6483,#6484,#6485,#6486)) ;
#6508=EDGE_LOOP('',(#6509,#6510)) ;
#6528=EDGE_LOOP('',(#6529,#6530,#6531,#6532)) ;
#6540=EDGE_LOOP('',(#6541,#6542,#6543,#6544)) ;
#6634=EDGE_LOOP('',(#6635,#6636,#6637,#6638,#6639,#6640)) ;
#6667=EDGE_LOOP('',(#6668,#6669,#6670,#6671,#6672,#6673)) ;
#6681=EDGE_LOOP('',(#6682,#6683)) ;
#6699=EDGE_LOOP('',(#6700,#6701)) ;
#6714=EDGE_LOOP('',(#6715,#6716)) ;
#6724=EDGE_LOOP('',(#6725,#6726)) ;
#6753=EDGE_LOOP('',(#6754,#6755,#6756,#6757)) ;
#6765=EDGE_LOOP('',(#6766,#6767,#6768,#6769)) ;
#6777=EDGE_LOOP('',(#6778,#6779)) ;
#6806=EDGE_LOOP('',(#6807,#6808,#6809,#6810)) ;
#6840=EDGE_LOOP('',(#6841,#6842,#6843,#6844)) ;
#6871=EDGE_LOOP('',(#6872,#6873,#6874)) ;
#6901=EDGE_LOOP('',(#6902,#6903,#6904)) ;
#6931=EDGE_LOOP('',(#6932,#6933,#6934,#6935)) ;
#6948=EDGE_LOOP('',(#6949,#6950,#6951,#6952)) ;
#6965=EDGE_LOOP('',(#6966,#6967,#6968,#6969)) ;
#6996=EDGE_LOOP('',(#6997,#6998,#6999,#7000)) ;
#7030=EDGE_LOOP('',(#7031,#7032,#7033,#7034)) ;
#7061=EDGE_LOOP('',(#7062,#7063,#7064)) ;
#7091=EDGE_LOOP('',(#7092,#7093,#7094)) ;
#7121=EDGE_LOOP('',(#7122,#7123,#7124,#7125)) ;
#7138=EDGE_LOOP('',(#7139,#7140,#7141,#7142,#7143)) ;
#7156=EDGE_LOOP('',(#7157,#7158,#7159,#7160,#7161)) ;
#7179=EDGE_LOOP('',(#7180,#7181,#7182,#7183)) ;
#7191=EDGE_LOOP('',(#7192,#7193,#7194,#7195)) ;
#7203=EDGE_LOOP('',(#7204,#7205,#7206,#7207)) ;
#7225=EDGE_LOOP('',(#7226,#7227,#7228,#7229,#7230,#7231)) ;
#7234=EDGE_LOOP('',(#7235,#7236,#7237,#7238,#7239,#7240)) ;
#7472=EDGE_LOOP('',(#7473,#7474,#7475,#7476)) ;
#7489=EDGE_LOOP('',(#7490,#7491,#7492,#7493)) ;
#7501=EDGE_LOOP('',(#7502,#7503)) ;
#7511=EDGE_LOOP('',(#7512,#7513)) ;
#7628=EDGE_LOOP('',(#7629,#7630,#7631,#7632)) ;
#7659=EDGE_LOOP('',(#7660,#7661,#7662,#7663)) ;
#7690=EDGE_LOOP('',(#7691,#7692,#7693,#7694)) ;
#7712=EDGE_LOOP('',(#7713,#7714,#7715,#7716)) ;
#7752=EDGE_LOOP('',(#7753,#7754,#7755,#7756)) ;
#7769=EDGE_LOOP('',(#7770,#7771,#7772,#7773)) ;
#7809=EDGE_LOOP('',(#7810,#7811,#7812,#7813)) ;
#7826=EDGE_LOOP('',(#7827,#7828,#7829,#7830)) ;
#7838=EDGE_LOOP('',(#7839,#7840,#7841,#7842)) ;
#7844=EDGE_LOOP('',(#7845,#7846)) ;
#7848=EDGE_LOOP('',(#7849,#7850)) ;
#7858=EDGE_LOOP('',(#7859,#7860,#7861,#7862)) ;
#7864=EDGE_LOOP('',(#7865,#7866)) ;
#7868=EDGE_LOOP('',(#7869,#7870)) ;
#7946=EDGE_LOOP('',(#7947,#7948,#7949,#7950)) ;
#7991=EDGE_LOOP('',(#7992,#7993,#7994,#7995,#7996,#7997)) ;
#8013=EDGE_LOOP('',(#8014,#8015)) ;
#8035=EDGE_LOOP('',(#8036,#8037,#8038,#8039)) ;
#8073=EDGE_LOOP('',(#8074,#8075,#8076,#8077,#8078,#8079)) ;
#8095=EDGE_LOOP('',(#8096,#8097)) ;
#8117=EDGE_LOOP('',(#8118,#8119,#8120,#8121,#8122)) ;
#8142=EDGE_LOOP('',(#8143,#8144,#8145,#8146,#8147)) ;
#8155=EDGE_LOOP('',(#8156,#8157,#8158,#8159)) ;
#8177=EDGE_LOOP('',(#8178,#8179,#8180,#8181)) ;
#8184=EDGE_LOOP('',(#8185,#8186,#8187,#8188)) ;
#8196=EDGE_LOOP('',(#8197,#8198)) ;
#8206=EDGE_LOOP('',(#8207,#8208)) ;
#8235=EDGE_LOOP('',(#8236,#8237,#8238,#8239,#8240,#8241)) ;
#8249=EDGE_LOOP('',(#8250,#8251,#8252,#8253,#8254,#8255)) ;
#8277=EDGE_LOOP('',(#8278,#8279)) ;
#8297=EDGE_LOOP('',(#8298,#8299,#8300,#8301)) ;
#8309=EDGE_LOOP('',(#8310,#8311,#8312,#8313)) ;
#8441=EDGE_LOOP('',(#8442,#8443,#8444,#8445)) ;
#8458=EDGE_LOOP('',(#8459,#8460,#8461,#8462)) ;
#8498=EDGE_LOOP('',(#8499,#8500,#8501,#8502)) ;
#8515=EDGE_LOOP('',(#8516,#8517,#8518,#8519)) ;
#8555=EDGE_LOOP('',(#8556,#8557,#8558,#8559)) ;
#8572=EDGE_LOOP('',(#8573,#8574,#8575,#8576)) ;
#8594=EDGE_LOOP('',(#8595,#8596,#8597,#8598)) ;
#8601=EDGE_LOOP('',(#8602,#8603,#8604,#8605)) ;
#8613=EDGE_LOOP('',(#8614,#8615)) ;
#8617=EDGE_LOOP('',(#8618,#8619)) ;
#8627=EDGE_LOOP('',(#8628,#8629)) ;
#8631=EDGE_LOOP('',(#8632,#8633)) ;
#8696=EDGE_LOOP('',(#8697,#8698,#8699,#8700)) ;
#8718=EDGE_LOOP('',(#8719,#8720,#8721,#8722)) ;
#8744=EDGE_LOOP('',(#8745,#8746)) ;
#8762=EDGE_LOOP('',(#8763,#8764)) ;
#8791=EDGE_LOOP('',(#8792,#8793,#8794,#8795)) ;
#8803=EDGE_LOOP('',(#8804,#8805,#8806,#8807)) ;
#8825=EDGE_LOOP('',(#8826,#8827,#8828,#8829)) ;
#8837=EDGE_LOOP('',(#8838,#8839,#8840,#8841)) ;
#8868=EDGE_LOOP('',(#8869,#8870,#8871,#8872)) ;
#8880=EDGE_LOOP('',(#8881,#8882,#8883,#8884)) ;
#8906=EDGE_LOOP('',(#8907,#8908)) ;
#8926=EDGE_LOOP('',(#8927,#8928,#8929,#8930)) ;
#8938=EDGE_LOOP('',(#8939,#8940,#8941,#8942)) ;
#8950=EDGE_LOOP('',(#8951,#8952)) ;
#8996=EDGE_LOOP('',(#8997,#8998,#8999,#9000,#9001,#9002)) ;
#9029=EDGE_LOOP('',(#9030,#9031,#9032,#9033)) ;
#9053=EDGE_LOOP('',(#9054,#9055,#9056,#9057)) ;
#9077=EDGE_LOOP('',(#9078,#9079,#9080,#9081)) ;
#9108=EDGE_LOOP('',(#9109,#9110,#9111,#9112,#9113,#9114)) ;
#9127=EDGE_LOOP('',(#9128,#9129,#9130,#9131)) ;
#9144=EDGE_LOOP('',(#9145,#9146,#9147,#9148)) ;
#9156=EDGE_LOOP('',(#9157,#9158,#9159,#9160)) ;
#9418=EDGE_LOOP('',(#9419,#9420,#9421,#9422)) ;
#9450=EDGE_LOOP('',(#9451,#9452,#9453,#9454)) ;
#9482=EDGE_LOOP('',(#9483,#9484,#9485,#9486)) ;
#9527=EDGE_LOOP('',(#9528,#9529,#9530,#9531,#9532,#9533,#9534,#9535)) ;
#9562=EDGE_LOOP('',(#9563,#9564,#9565,#9566)) ;
#9587=EDGE_LOOP('',(#9588,#9589,#9590,#9591)) ;
#9612=EDGE_LOOP('',(#9613,#9614,#9615,#9616)) ;
#9644=EDGE_LOOP('',(#9645,#9646,#9647,#9648)) ;
#9671=EDGE_LOOP('',(#9672,#9673,#9674,#9675)) ;
#9683=EDGE_LOOP('',(#9684,#9685,#9686,#9687)) ;
#9714=EDGE_LOOP('',(#9715,#9716,#9717,#9718)) ;
#9739=EDGE_LOOP('',(#9740,#9741,#9742,#9743)) ;
#9764=EDGE_LOOP('',(#9765,#9766,#9767,#9768)) ;
#9796=EDGE_LOOP('',(#9797,#9798,#9799,#9800)) ;
#9815=EDGE_LOOP('',(#9816,#9817,#9818,#9819)) ;
#9835=EDGE_LOOP('',(#9836,#9837,#9838,#9839)) ;
#9880=EDGE_LOOP('',(#9881,#9882,#9883,#9884,#9885,#9886,#9887,#9888)) ;
#9907=EDGE_LOOP('',(#9908,#9909,#9910,#9911,#9912,#9913,#9914,#9915)) ;
#9931=EDGE_LOOP('',(#9932,#9933,#9934,#9935,#9936,#9937,#9938,#9939)) ;
#9957=EDGE_LOOP('',(#9958,#9959,#9960,#9961)) ;
#9969=EDGE_LOOP('',(#9970,#9971,#9972,#9973)) ;
#9981=EDGE_LOOP('',(#9982,#9983,#9984,#9985)) ;
#99=FACE_OUTER_BOUND('',#94,.T.) ;
#116=FACE_OUTER_BOUND('',#111,.T.) ;
#140=FACE_OUTER_BOUND('',#137,.T.) ;
#168=FACE_OUTER_BOUND('',#165,.T.) ;
#196=FACE_OUTER_BOUND('',#193,.T.) ;
#241=FACE_OUTER_BOUND('',#235,.T.) ;
#267=FACE_OUTER_BOUND('',#261,.T.) ;
#297=FACE_OUTER_BOUND('',#289,.T.) ;
#345=FACE_OUTER_BOUND('',#337,.T.) ;
#407=FACE_OUTER_BOUND('',#404,.T.) ;
#430=FACE_OUTER_BOUND('',#424,.T.) ;
#437=FACE_OUTER_BOUND('',#432,.T.) ;
#461=FACE_OUTER_BOUND('',#458,.T.) ;
#484=FACE_OUTER_BOUND('',#478,.T.) ;
#491=FACE_OUTER_BOUND('',#486,.T.) ;
#558=FACE_OUTER_BOUND('',#553,.T.) ;
#575=FACE_OUTER_BOUND('',#570,.T.) ;
#615=FACE_OUTER_BOUND('',#610,.T.) ;
#632=FACE_OUTER_BOUND('',#627,.T.) ;
#667=FACE_OUTER_BOUND('',#662,.T.) ;
#684=FACE_OUTER_BOUND('',#679,.T.) ;
#694=FACE_OUTER_BOUND('',#691,.T.) ;
#722=FACE_OUTER_BOUND('',#719,.T.) ;
#736=FACE_OUTER_BOUND('',#733,.T.) ;
#764=FACE_OUTER_BOUND('',#761,.T.) ;
#792=FACE_OUTER_BOUND('',#789,.T.) ;
#841=FACE_OUTER_BOUND('',#836,.T.) ;
#853=FACE_OUTER_BOUND('',#848,.T.) ;
#884=FACE_OUTER_BOUND('',#879,.T.) ;
#894=FACE_OUTER_BOUND('',#891,.T.) ;
#905=FACE_OUTER_BOUND('',#900,.T.) ;
#929=FACE_OUTER_BOUND('',#926,.T.) ;
#974=FACE_OUTER_BOUND('',#968,.T.) ;
#1000=FACE_OUTER_BOUND('',#994,.T.) ;
#1022=FACE_OUTER_BOUND('',#1017,.T.) ;
#1149=FACE_OUTER_BOUND('',#1144,.T.) ;
#1249=FACE_OUTER_BOUND('',#1246,.T.) ;
#1272=FACE_OUTER_BOUND('',#1266,.T.) ;
#1279=FACE_OUTER_BOUND('',#1274,.T.) ;
#1303=FACE_OUTER_BOUND('',#1300,.T.) ;
#1326=FACE_OUTER_BOUND('',#1320,.T.) ;
#1333=FACE_OUTER_BOUND('',#1328,.T.) ;
#1357=FACE_OUTER_BOUND('',#1354,.T.) ;
#1380=FACE_OUTER_BOUND('',#1374,.T.) ;
#1387=FACE_OUTER_BOUND('',#1382,.T.) ;
#1411=FACE_OUTER_BOUND('',#1408,.T.) ;
#1434=FACE_OUTER_BOUND('',#1428,.T.) ;
#1441=FACE_OUTER_BOUND('',#1436,.T.) ;
#1465=FACE_OUTER_BOUND('',#1462,.T.) ;
#1488=FACE_OUTER_BOUND('',#1482,.T.) ;
#1495=FACE_OUTER_BOUND('',#1490,.T.) ;
#1562=FACE_OUTER_BOUND('',#1557,.T.) ;
#1593=FACE_OUTER_BOUND('',#1588,.T.) ;
#1624=FACE_OUTER_BOUND('',#1619,.T.) ;
#1646=FACE_OUTER_BOUND('',#1641,.T.) ;
#1686=FACE_OUTER_BOUND('',#1679,.T.) ;
#1707=FACE_OUTER_BOUND('',#1700,.T.) ;
#1747=FACE_OUTER_BOUND('',#1740,.T.) ;
#1768=FACE_OUTER_BOUND('',#1761,.T.) ;
#1790=FACE_OUTER_BOUND('',#1785,.T.) ;
#1807=FACE_OUTER_BOUND('',#1802,.T.) ;
#1824=FACE_OUTER_BOUND('',#1819,.T.) ;
#1836=FACE_OUTER_BOUND('',#1831,.T.) ;
#1903=FACE_OUTER_BOUND('',#1898,.T.) ;
#1934=FACE_OUTER_BOUND('',#1929,.T.) ;
#1965=FACE_OUTER_BOUND('',#1960,.T.) ;
#1996=FACE_OUTER_BOUND('',#1991,.T.) ;
#2027=FACE_OUTER_BOUND('',#2022,.T.) ;
#2058=FACE_OUTER_BOUND('',#2053,.T.) ;
#2089=FACE_OUTER_BOUND('',#2084,.T.) ;
#2120=FACE_OUTER_BOUND('',#2115,.T.) ;
#2146=FACE_OUTER_BOUND('',#2141,.T.) ;
#2177=FACE_OUTER_BOUND('',#2172,.T.) ;
#2208=FACE_OUTER_BOUND('',#2203,.T.) ;
#2230=FACE_OUTER_BOUND('',#2225,.T.) ;
#2270=FACE_OUTER_BOUND('',#2265,.T.) ;
#2287=FACE_OUTER_BOUND('',#2282,.T.) ;
#2327=FACE_OUTER_BOUND('',#2322,.T.) ;
#2344=FACE_OUTER_BOUND('',#2339,.T.) ;
#2364=FACE_OUTER_BOUND('',#2351,.T.) ;
#2392=FACE_OUTER_BOUND('',#2379,.T.) ;
#2451=FACE_OUTER_BOUND('',#2448,.T.) ;
#2482=FACE_OUTER_BOUND('',#2477,.T.) ;
#2494=FACE_OUTER_BOUND('',#2489,.T.) ;
#2518=FACE_OUTER_BOUND('',#2515,.T.) ;
#2553=FACE_OUTER_BOUND('',#2548,.T.) ;
#2570=FACE_OUTER_BOUND('',#2565,.T.) ;
#2594=FACE_OUTER_BOUND('',#2591,.T.) ;
#2625=FACE_OUTER_BOUND('',#2620,.T.) ;
#2637=FACE_OUTER_BOUND('',#2632,.T.) ;
#2659=FACE_OUTER_BOUND('',#2654,.T.) ;
#2671=FACE_OUTER_BOUND('',#2666,.T.) ;
#2738=FACE_OUTER_BOUND('',#2733,.T.) ;
#2755=FACE_OUTER_BOUND('',#2750,.T.) ;
#2779=FACE_OUTER_BOUND('',#2776,.T.) ;
#2856=FACE_OUTER_BOUND('',#2848,.T.) ;
#2973=FACE_OUTER_BOUND('',#2965,.T.) ;
#3067=FACE_OUTER_BOUND('',#3064,.T.) ;
#3117=FACE_OUTER_BOUND('',#3111,.T.) ;
#3130=FACE_OUTER_BOUND('',#3124,.T.) ;
#3161=FACE_OUTER_BOUND('',#3156,.T.) ;
#3173=FACE_OUTER_BOUND('',#3168,.T.) ;
#3204=FACE_OUTER_BOUND('',#3199,.T.) ;
#3216=FACE_OUTER_BOUND('',#3211,.T.) ;
#3247=FACE_OUTER_BOUND('',#3242,.T.) ;
#3259=FACE_OUTER_BOUND('',#3254,.T.) ;
#3290=FACE_OUTER_BOUND('',#3285,.T.) ;
#3302=FACE_OUTER_BOUND('',#3297,.T.) ;
#3312=FACE_OUTER_BOUND('',#3309,.T.) ;
#3340=FACE_OUTER_BOUND('',#3337,.T.) ;
#3368=FACE_OUTER_BOUND('',#3365,.T.) ;
#3396=FACE_OUTER_BOUND('',#3393,.T.) ;
#3424=FACE_OUTER_BOUND('',#3421,.T.) ;
#3466=FACE_OUTER_BOUND('',#3463,.T.) ;
#3490=FACE_OUTER_BOUND('',#3487,.T.) ;
#3514=FACE_OUTER_BOUND('',#3511,.T.) ;
#3538=FACE_OUTER_BOUND('',#3535,.T.) ;
#3562=FACE_OUTER_BOUND('',#3559,.T.) ;
#3584=FACE_OUTER_BOUND('',#3579,.T.) ;
#3591=FACE_OUTER_BOUND('',#3586,.T.) ;
#3613=FACE_OUTER_BOUND('',#3608,.T.) ;
#3620=FACE_OUTER_BOUND('',#3615,.T.) ;
#3642=FACE_OUTER_BOUND('',#3637,.T.) ;
#3649=FACE_OUTER_BOUND('',#3644,.T.) ;
#3671=FACE_OUTER_BOUND('',#3666,.T.) ;
#3678=FACE_OUTER_BOUND('',#3673,.T.) ;
#3700=FACE_OUTER_BOUND('',#3695,.T.) ;
#3707=FACE_OUTER_BOUND('',#3702,.T.) ;
#3738=FACE_OUTER_BOUND('',#3733,.T.) ;
#3778=FACE_OUTER_BOUND('',#3773,.T.) ;
#3795=FACE_OUTER_BOUND('',#3790,.T.) ;
#3858=FACE_OUTER_BOUND('',#3849,.T.) ;
#3931=FACE_OUTER_BOUND('',#3918,.T.) ;
#3990=FACE_OUTER_BOUND('',#3983,.T.) ;
#4057=FACE_OUTER_BOUND('',#4051,.T.) ;
#4102=FACE_OUTER_BOUND('',#4097,.T.) ;
#4153=FACE_OUTER_BOUND('',#4148,.T.) ;
#4217=FACE_OUTER_BOUND('',#4212,.T.) ;
#4263=FACE_OUTER_BOUND('',#4257,.T.) ;
#4280=FACE_OUTER_BOUND('',#4275,.T.) ;
#4297=FACE_OUTER_BOUND('',#4292,.T.) ;
#4330=FACE_OUTER_BOUND('',#4323,.T.) ;
#4367=FACE_OUTER_BOUND('',#4360,.T.) ;
#4388=FACE_OUTER_BOUND('',#4383,.T.) ;
#4400=FACE_OUTER_BOUND('',#4395,.T.) ;
#4412=FACE_OUTER_BOUND('',#4407,.T.) ;
#4479=FACE_OUTER_BOUND('',#4474,.T.) ;
#4528=FACE_OUTER_BOUND('',#4523,.T.) ;
#4540=FACE_OUTER_BOUND('',#4535,.T.) ;
#4564=FACE_OUTER_BOUND('',#4561,.T.) ;
#4592=FACE_OUTER_BOUND('',#4589,.T.) ;
#4632=FACE_OUTER_BOUND('',#4627,.T.) ;
#4639=FACE_OUTER_BOUND('',#4634,.T.) ;
#4687=FACE_OUTER_BOUND('',#4681,.T.) ;
#4730=FACE_OUTER_BOUND('',#4724,.T.) ;
#4770=FACE_OUTER_BOUND('',#4761,.T.) ;
#4884=FACE_OUTER_BOUND('',#4875,.T.) ;
#4999=FACE_OUTER_BOUND('',#4994,.T.) ;
#5066=FACE_OUTER_BOUND('',#5061,.T.) ;
#5124=FACE_OUTER_BOUND('',#5119,.T.) ;
#5131=FACE_OUTER_BOUND('',#5126,.T.) ;
#5153=FACE_OUTER_BOUND('',#5148,.T.) ;
#5160=FACE_OUTER_BOUND('',#5155,.T.) ;
#5177=FACE_OUTER_BOUND('',#5172,.T.) ;
#5184=FACE_OUTER_BOUND('',#5179,.T.) ;
#5201=FACE_OUTER_BOUND('',#5196,.T.) ;
#5208=FACE_OUTER_BOUND('',#5203,.T.) ;
#5240=FACE_OUTER_BOUND('',#5234,.T.) ;
#5272=FACE_OUTER_BOUND('',#5266,.T.) ;
#5299=FACE_OUTER_BOUND('',#5293,.T.) ;
#5326=FACE_OUTER_BOUND('',#5320,.T.) ;
#5392=FACE_OUTER_BOUND('',#5381,.T.) ;
#5425=FACE_OUTER_BOUND('',#5416,.T.) ;
#5453=FACE_OUTER_BOUND('',#5444,.T.) ;
#5505=FACE_OUTER_BOUND('',#5494,.T.) ;
#5516=FACE_OUTER_BOUND('',#5512,.T.) ;
#5527=FACE_OUTER_BOUND('',#5523,.T.) ;
#5533=FACE_OUTER_BOUND('',#5529,.T.) ;
#5539=FACE_OUTER_BOUND('',#5535,.T.) ;
#5658=FACE_OUTER_BOUND('',#5653,.T.) ;
#5689=FACE_OUTER_BOUND('',#5684,.T.) ;
#5720=FACE_OUTER_BOUND('',#5715,.T.) ;
#5742=FACE_OUTER_BOUND('',#5737,.T.) ;
#5782=FACE_OUTER_BOUND('',#5777,.T.) ;
#5799=FACE_OUTER_BOUND('',#5794,.T.) ;
#5811=FACE_OUTER_BOUND('',#5806,.T.) ;
#5827=FACE_OUTER_BOUND('',#5822,.T.) ;
#5950=FACE_OUTER_BOUND('',#5945,.T.) ;
#5981=FACE_OUTER_BOUND('',#5976,.T.) ;
#6003=FACE_OUTER_BOUND('',#5998,.T.) ;
#6014=FACE_OUTER_BOUND('',#6010,.T.) ;
#6025=FACE_OUTER_BOUND('',#6021,.T.) ;
#6209=FACE_OUTER_BOUND('',#6204,.T.) ;
#6226=FACE_OUTER_BOUND('',#6221,.T.) ;
#6236=FACE_OUTER_BOUND('',#6233,.T.) ;
#6317=FACE_OUTER_BOUND('',#6312,.T.) ;
#6341=FACE_OUTER_BOUND('',#6336,.T.) ;
#6365=FACE_OUTER_BOUND('',#6360,.T.) ;
#6398=FACE_OUTER_BOUND('',#6391,.T.) ;
#6415=FACE_OUTER_BOUND('',#6410,.T.) ;
#6432=FACE_OUTER_BOUND('',#6427,.T.) ;
#6444=FACE_OUTER_BOUND('',#6439,.T.) ;
#6475=FACE_OUTER_BOUND('',#6470,.T.) ;
#6487=FACE_OUTER_BOUND('',#6482,.T.) ;
#6511=FACE_OUTER_BOUND('',#6508,.T.) ;
#6533=FACE_OUTER_BOUND('',#6528,.T.) ;
#6545=FACE_OUTER_BOUND('',#6540,.T.) ;
#6641=FACE_OUTER_BOUND('',#6634,.T.) ;
#6674=FACE_OUTER_BOUND('',#6667,.T.) ;
#6684=FACE_OUTER_BOUND('',#6681,.T.) ;
#6717=FACE_OUTER_BOUND('',#6714,.T.) ;
#6727=FACE_OUTER_BOUND('',#6724,.T.) ;
#6758=FACE_OUTER_BOUND('',#6753,.T.) ;
#6770=FACE_OUTER_BOUND('',#6765,.T.) ;
#6780=FACE_OUTER_BOUND('',#6777,.T.) ;
#6811=FACE_OUTER_BOUND('',#6806,.T.) ;
#6875=FACE_OUTER_BOUND('',#6871,.T.) ;
#6905=FACE_OUTER_BOUND('',#6901,.T.) ;
#6936=FACE_OUTER_BOUND('',#6931,.T.) ;
#6953=FACE_OUTER_BOUND('',#6948,.T.) ;
#6970=FACE_OUTER_BOUND('',#6965,.T.) ;
#7001=FACE_OUTER_BOUND('',#6996,.T.) ;
#7065=FACE_OUTER_BOUND('',#7061,.T.) ;
#7095=FACE_OUTER_BOUND('',#7091,.T.) ;
#7126=FACE_OUTER_BOUND('',#7121,.T.) ;
#7144=FACE_OUTER_BOUND('',#7138,.T.) ;
#7162=FACE_OUTER_BOUND('',#7156,.T.) ;
#7184=FACE_OUTER_BOUND('',#7179,.T.) ;
#7196=FACE_OUTER_BOUND('',#7191,.T.) ;
#7208=FACE_OUTER_BOUND('',#7203,.T.) ;
#7232=FACE_OUTER_BOUND('',#7225,.T.) ;
#7241=FACE_OUTER_BOUND('',#7234,.T.) ;
#7477=FACE_OUTER_BOUND('',#7472,.T.) ;
#7494=FACE_OUTER_BOUND('',#7489,.T.) ;
#7504=FACE_OUTER_BOUND('',#7501,.T.) ;
#7514=FACE_OUTER_BOUND('',#7511,.T.) ;
#7633=FACE_OUTER_BOUND('',#7628,.T.) ;
#7664=FACE_OUTER_BOUND('',#7659,.T.) ;
#7695=FACE_OUTER_BOUND('',#7690,.T.) ;
#7717=FACE_OUTER_BOUND('',#7712,.T.) ;
#7757=FACE_OUTER_BOUND('',#7752,.T.) ;
#7774=FACE_OUTER_BOUND('',#7769,.T.) ;
#7814=FACE_OUTER_BOUND('',#7809,.T.) ;
#7831=FACE_OUTER_BOUND('',#7826,.T.) ;
#7843=FACE_OUTER_BOUND('',#7838,.T.) ;
#7863=FACE_OUTER_BOUND('',#7858,.T.) ;
#7951=FACE_OUTER_BOUND('',#7946,.T.) ;
#7998=FACE_OUTER_BOUND('',#7991,.T.) ;
#8040=FACE_OUTER_BOUND('',#8035,.T.) ;
#8080=FACE_OUTER_BOUND('',#8073,.T.) ;
#8123=FACE_OUTER_BOUND('',#8117,.T.) ;
#8148=FACE_OUTER_BOUND('',#8142,.T.) ;
#8160=FACE_OUTER_BOUND('',#8155,.T.) ;
#8182=FACE_OUTER_BOUND('',#8177,.T.) ;
#8189=FACE_OUTER_BOUND('',#8184,.T.) ;
#8199=FACE_OUTER_BOUND('',#8196,.T.) ;
#8209=FACE_OUTER_BOUND('',#8206,.T.) ;
#8242=FACE_OUTER_BOUND('',#8235,.T.) ;
#8256=FACE_OUTER_BOUND('',#8249,.T.) ;
#8280=FACE_OUTER_BOUND('',#8277,.T.) ;
#8302=FACE_OUTER_BOUND('',#8297,.T.) ;
#8314=FACE_OUTER_BOUND('',#8309,.T.) ;
#8446=FACE_OUTER_BOUND('',#8441,.T.) ;
#8463=FACE_OUTER_BOUND('',#8458,.T.) ;
#8503=FACE_OUTER_BOUND('',#8498,.T.) ;
#8520=FACE_OUTER_BOUND('',#8515,.T.) ;
#8560=FACE_OUTER_BOUND('',#8555,.T.) ;
#8577=FACE_OUTER_BOUND('',#8572,.T.) ;
#8599=FACE_OUTER_BOUND('',#8594,.T.) ;
#8606=FACE_OUTER_BOUND('',#8601,.T.) ;
#8616=FACE_OUTER_BOUND('',#8613,.T.) ;
#8630=FACE_OUTER_BOUND('',#8627,.T.) ;
#8701=FACE_OUTER_BOUND('',#8696,.T.) ;
#8723=FACE_OUTER_BOUND('',#8718,.T.) ;
#8747=FACE_OUTER_BOUND('',#8744,.T.) ;
#8796=FACE_OUTER_BOUND('',#8791,.T.) ;
#8808=FACE_OUTER_BOUND('',#8803,.T.) ;
#8830=FACE_OUTER_BOUND('',#8825,.T.) ;
#8842=FACE_OUTER_BOUND('',#8837,.T.) ;
#8873=FACE_OUTER_BOUND('',#8868,.T.) ;
#8885=FACE_OUTER_BOUND('',#8880,.T.) ;
#8909=FACE_OUTER_BOUND('',#8906,.T.) ;
#8931=FACE_OUTER_BOUND('',#8926,.T.) ;
#8943=FACE_OUTER_BOUND('',#8938,.T.) ;
#8953=FACE_OUTER_BOUND('',#8950,.T.) ;
#9034=FACE_OUTER_BOUND('',#9029,.T.) ;
#9058=FACE_OUTER_BOUND('',#9053,.T.) ;
#9082=FACE_OUTER_BOUND('',#9077,.T.) ;
#9115=FACE_OUTER_BOUND('',#9108,.T.) ;
#9132=FACE_OUTER_BOUND('',#9127,.T.) ;
#9149=FACE_OUTER_BOUND('',#9144,.T.) ;
#9161=FACE_OUTER_BOUND('',#9156,.T.) ;
#9423=FACE_OUTER_BOUND('',#9418,.T.) ;
#9455=FACE_OUTER_BOUND('',#9450,.T.) ;
#9487=FACE_OUTER_BOUND('',#9482,.T.) ;
#9536=FACE_OUTER_BOUND('',#9527,.T.) ;
#9567=FACE_OUTER_BOUND('',#9562,.T.) ;
#9592=FACE_OUTER_BOUND('',#9587,.T.) ;
#9617=FACE_OUTER_BOUND('',#9612,.T.) ;
#9649=FACE_OUTER_BOUND('',#9644,.T.) ;
#9676=FACE_OUTER_BOUND('',#9671,.T.) ;
#9688=FACE_OUTER_BOUND('',#9683,.T.) ;
#9719=FACE_OUTER_BOUND('',#9714,.T.) ;
#9744=FACE_OUTER_BOUND('',#9739,.T.) ;
#9769=FACE_OUTER_BOUND('',#9764,.T.) ;
#9801=FACE_OUTER_BOUND('',#9796,.T.) ;
#9820=FACE_OUTER_BOUND('',#9815,.T.) ;
#9840=FACE_OUTER_BOUND('',#9835,.T.) ;
#9889=FACE_OUTER_BOUND('',#9880,.T.) ;
#9916=FACE_OUTER_BOUND('',#9907,.T.) ;
#9940=FACE_OUTER_BOUND('',#9931,.T.) ;
#9962=FACE_OUTER_BOUND('',#9957,.T.) ;
#9974=FACE_OUTER_BOUND('',#9969,.T.) ;
#9986=FACE_OUTER_BOUND('',#9981,.T.) ;
#50=UNCERTAINTY_MEASURE_WITH_UNIT(LENGTH_MEASURE(0.005),#46,'distance_accuracy_value','CONFUSED CURVE UNCERTAINTY') ;
#509=UNCERTAINTY_MEASURE_WITH_UNIT(LENGTH_MEASURE(0.005),#46,'distance_accuracy_value','CONFUSED CURVE UNCERTAINTY') ;
#1513=UNCERTAINTY_MEASURE_WITH_UNIT(LENGTH_MEASURE(0.005),#46,'distance_accuracy_value','CONFUSED CURVE UNCERTAINTY') ;
#1854=UNCERTAINTY_MEASURE_WITH_UNIT(LENGTH_MEASURE(0.005),#46,'distance_accuracy_value','CONFUSED CURVE UNCERTAINTY') ;
#2418=UNCERTAINTY_MEASURE_WITH_UNIT(LENGTH_MEASURE(0.005),#46,'distance_accuracy_value','CONFUSED CURVE UNCERTAINTY') ;
#2689=UNCERTAINTY_MEASURE_WITH_UNIT(LENGTH_MEASURE(0.005),#46,'distance_accuracy_value','CONFUSED CURVE UNCERTAINTY') ;
#4430=UNCERTAINTY_MEASURE_WITH_UNIT(LENGTH_MEASURE(0.005),#46,'distance_accuracy_value','CONFUSED CURVE UNCERTAINTY') ;
#5557=UNCERTAINTY_MEASURE_WITH_UNIT(LENGTH_MEASURE(0.005),#46,'distance_accuracy_value','CONFUSED CURVE UNCERTAINTY') ;
#5849=UNCERTAINTY_MEASURE_WITH_UNIT(LENGTH_MEASURE(0.005),#46,'distance_accuracy_value','CONFUSED CURVE UNCERTAINTY') ;
#6043=UNCERTAINTY_MEASURE_WITH_UNIT(LENGTH_MEASURE(0.005),#46,'distance_accuracy_value','CONFUSED CURVE UNCERTAINTY') ;
#6563=UNCERTAINTY_MEASURE_WITH_UNIT(LENGTH_MEASURE(0.005),#46,'distance_accuracy_value','CONFUSED CURVE UNCERTAINTY') ;
#7259=UNCERTAINTY_MEASURE_WITH_UNIT(LENGTH_MEASURE(0.005),#46,'distance_accuracy_value','CONFUSED CURVE UNCERTAINTY') ;
#7532=UNCERTAINTY_MEASURE_WITH_UNIT(LENGTH_MEASURE(0.005),#46,'distance_accuracy_value','CONFUSED CURVE UNCERTAINTY') ;
#7889=UNCERTAINTY_MEASURE_WITH_UNIT(LENGTH_MEASURE(0.005),#46,'distance_accuracy_value','CONFUSED CURVE UNCERTAINTY') ;
#8332=UNCERTAINTY_MEASURE_WITH_UNIT(LENGTH_MEASURE(0.005),#46,'distance_accuracy_value','CONFUSED CURVE UNCERTAINTY') ;
#8652=UNCERTAINTY_MEASURE_WITH_UNIT(LENGTH_MEASURE(0.005),#46,'distance_accuracy_value','CONFUSED CURVE UNCERTAINTY') ;
#9179=UNCERTAINTY_MEASURE_WITH_UNIT(LENGTH_MEASURE(0.005),#46,'distance_accuracy_value','CONFUSED CURVE UNCERTAINTY') ;
#10004=UNCERTAINTY_MEASURE_WITH_UNIT(LENGTH_MEASURE(0.005),#46,'distance_accuracy_value','CONFUSED CURVE UNCERTAINTY') ;
#78=LINE('Line',#75,#77) ;
#92=LINE('Line',#89,#91) ;
#218=LINE('Line',#215,#217) ;
#223=LINE('Line',#220,#222) ;
#277=LINE('Line',#274,#276) ;
#282=LINE('Line',#279,#281) ;
#287=LINE('Line',#284,#286) ;
#417=LINE('Line',#414,#416) ;
#422=LINE('Line',#419,#421) ;
#471=LINE('Line',#468,#470) ;
#476=LINE('Line',#473,#475) ;
#528=LINE('Line',#525,#527) ;
#544=LINE('Line',#541,#543) ;
#585=LINE('Line',#582,#584) ;
#601=LINE('Line',#598,#600) ;
#637=LINE('Line',#634,#636) ;
#653=LINE('Line',#650,#652) ;
#829=LINE('Line',#826,#828) ;
#834=LINE('Line',#831,#833) ;
#951=LINE('Line',#948,#950) ;
#956=LINE('Line',#953,#955) ;
#1010=LINE('Line',#1007,#1009) ;
#1015=LINE('Line',#1012,#1014) ;
#1259=LINE('Line',#1256,#1258) ;
#1264=LINE('Line',#1261,#1263) ;
#1313=LINE('Line',#1310,#1312) ;
#1318=LINE('Line',#1315,#1317) ;
#1367=LINE('Line',#1364,#1366) ;
#1372=LINE('Line',#1369,#1371) ;
#1421=LINE('Line',#1418,#1420) ;
#1426=LINE('Line',#1423,#1425) ;
#1475=LINE('Line',#1472,#1474) ;
#1480=LINE('Line',#1477,#1479) ;
#1532=LINE('Line',#1529,#1531) ;
#1548=LINE('Line',#1545,#1547) ;
#1579=LINE('Line',#1576,#1578) ;
#1610=LINE('Line',#1607,#1609) ;
#1733=LINE('Line',#1730,#1732) ;
#1738=LINE('Line',#1735,#1737) ;
#1778=LINE('Line',#1775,#1777) ;
#1783=LINE('Line',#1780,#1782) ;
#1800=LINE('Line',#1797,#1799) ;
#1817=LINE('Line',#1814,#1816) ;
#1873=LINE('Line',#1870,#1872) ;
#1889=LINE('Line',#1886,#1888) ;
#1913=LINE('Line',#1910,#1912) ;
#1920=LINE('Line',#1917,#1919) ;
#1927=LINE('Line',#1924,#1926) ;
#1944=LINE('Line',#1941,#1943) ;
#1951=LINE('Line',#1948,#1950) ;
#1958=LINE('Line',#1955,#1957) ;
#1982=LINE('Line',#1979,#1981) ;
#2006=LINE('Line',#2003,#2005) ;
#2013=LINE('Line',#2010,#2012) ;
#2020=LINE('Line',#2017,#2019) ;
#2044=LINE('Line',#2041,#2043) ;
#2068=LINE('Line',#2065,#2067) ;
#2075=LINE('Line',#2072,#2074) ;
#2082=LINE('Line',#2079,#2081) ;
#2106=LINE('Line',#2103,#2105) ;
#2125=LINE('Line',#2122,#2124) ;
#2132=LINE('Line',#2129,#2131) ;
#2139=LINE('Line',#2136,#2138) ;
#2156=LINE('Line',#2153,#2155) ;
#2163=LINE('Line',#2160,#2162) ;
#2170=LINE('Line',#2167,#2169) ;
#2194=LINE('Line',#2191,#2193) ;
#2249=LINE('Line',#2246,#2248) ;
#2263=LINE('Line',#2260,#2262) ;
#2306=LINE('Line',#2303,#2305) ;
#2320=LINE('Line',#2317,#2319) ;
#2470=LINE('Line',#2467,#2469) ;
#2475=LINE('Line',#2472,#2474) ;
#2532=LINE('Line',#2529,#2531) ;
#2546=LINE('Line',#2543,#2545) ;
#2604=LINE('Line',#2601,#2603) ;
#2611=LINE('Line',#2608,#2610) ;
#2647=LINE('Line',#2644,#2646) ;
#2652=LINE('Line',#2649,#2651) ;
#2708=LINE('Line',#2705,#2707) ;
#2724=LINE('Line',#2721,#2723) ;
#2793=LINE('Line',#2790,#2792) ;
#2800=LINE('Line',#2797,#2799) ;
#2814=LINE('Line',#2811,#2813) ;
#3095=LINE('Line',#3092,#3094) ;
#3109=LINE('Line',#3106,#3108) ;
#3140=LINE('Line',#3137,#3139) ;
#3154=LINE('Line',#3151,#3153) ;
#3183=LINE('Line',#3180,#3182) ;
#3197=LINE('Line',#3194,#3196) ;
#3226=LINE('Line',#3223,#3225) ;
#3240=LINE('Line',#3237,#3239) ;
#3269=LINE('Line',#3266,#3268) ;
#3283=LINE('Line',#3280,#3282) ;
#3572=LINE('Line',#3569,#3571) ;
#3577=LINE('Line',#3574,#3576) ;
#3601=LINE('Line',#3598,#3600) ;
#3606=LINE('Line',#3603,#3605) ;
#3630=LINE('Line',#3627,#3629) ;
#3635=LINE('Line',#3632,#3634) ;
#3659=LINE('Line',#3656,#3658) ;
#3664=LINE('Line',#3661,#3663) ;
#3688=LINE('Line',#3685,#3687) ;
#3693=LINE('Line',#3690,#3692) ;
#3717=LINE('Line',#3714,#3716) ;
#3724=LINE('Line',#3721,#3723) ;
#3748=LINE('Line',#3745,#3747) ;
#3764=LINE('Line',#3761,#3763) ;
#3814=LINE('Line',#3811,#3813) ;
#3821=LINE('Line',#3818,#3820) ;
#3828=LINE('Line',#3825,#3827) ;
#3867=LINE('Line',#3864,#3866) ;
#3916=LINE('Line',#3913,#3915) ;
#3941=LINE('Line',#3938,#3940) ;
#3950=LINE('Line',#3947,#3949) ;
#3957=LINE('Line',#3954,#3956) ;
#3964=LINE('Line',#3961,#3963) ;
#3971=LINE('Line',#3968,#3970) ;
#4273=LINE('Line',#4270,#4272) ;
#4290=LINE('Line',#4287,#4289) ;
#4321=LINE('Line',#4318,#4320) ;
#4358=LINE('Line',#4355,#4357) ;
#4381=LINE('Line',#4378,#4380) ;
#4393=LINE('Line',#4390,#4392) ;
#4449=LINE('Line',#4446,#4448) ;
#4465=LINE('Line',#4462,#4464) ;
#4516=LINE('Line',#4513,#4515) ;
#4521=LINE('Line',#4518,#4520) ;
#4620=LINE('Line',#4617,#4619) ;
#4625=LINE('Line',#4622,#4624) ;
#4649=LINE('Line',#4646,#4648) ;
#4665=LINE('Line',#4662,#4664) ;
#4692=LINE('Line',#4689,#4691) ;
#4708=LINE('Line',#4705,#4707) ;
#4735=LINE('Line',#4732,#4734) ;
#4742=LINE('Line',#4739,#4741) ;
#4747=LINE('Line',#4744,#4746) ;
#4752=LINE('Line',#4749,#4751) ;
#4859=LINE('Line',#4856,#4858) ;
#4866=LINE('Line',#4863,#4865) ;
#4978=LINE('Line',#4975,#4977) ;
#4985=LINE('Line',#4982,#4984) ;
#4992=LINE('Line',#4989,#4991) ;
#5045=LINE('Line',#5042,#5044) ;
#5052=LINE('Line',#5049,#5051) ;
#5059=LINE('Line',#5056,#5058) ;
#5112=LINE('Line',#5109,#5111) ;
#5117=LINE('Line',#5114,#5116) ;
#5141=LINE('Line',#5138,#5140) ;
#5146=LINE('Line',#5143,#5145) ;
#5165=LINE('Line',#5162,#5164) ;
#5170=LINE('Line',#5167,#5169) ;
#5189=LINE('Line',#5186,#5188) ;
#5194=LINE('Line',#5191,#5193) ;
#5227=LINE('Line',#5224,#5226) ;
#5232=LINE('Line',#5229,#5231) ;
#5259=LINE('Line',#5256,#5258) ;
#5264=LINE('Line',#5261,#5263) ;
#5286=LINE('Line',#5283,#5285) ;
#5291=LINE('Line',#5288,#5290) ;
#5313=LINE('Line',#5310,#5312) ;
#5318=LINE('Line',#5315,#5317) ;
#5402=LINE('Line',#5399,#5401) ;
#5409=LINE('Line',#5406,#5408) ;
#5437=LINE('Line',#5434,#5436) ;
#5442=LINE('Line',#5439,#5441) ;
#5628=LINE('Line',#5625,#5627) ;
#5637=LINE('Line',#5634,#5636) ;
#5644=LINE('Line',#5641,#5643) ;
#5651=LINE('Line',#5648,#5650) ;
#5675=LINE('Line',#5672,#5674) ;
#5699=LINE('Line',#5696,#5698) ;
#5706=LINE('Line',#5703,#5705) ;
#5713=LINE('Line',#5710,#5712) ;
#5761=LINE('Line',#5758,#5760) ;
#5775=LINE('Line',#5772,#5774) ;
#5920=LINE('Line',#5917,#5919) ;
#5936=LINE('Line',#5933,#5935) ;
#5960=LINE('Line',#5957,#5959) ;
#5974=LINE('Line',#5971,#5973) ;
#5991=LINE('Line',#5988,#5990) ;
#5996=LINE('Line',#5993,#5995) ;
#6240=LINE('Line',#6237,#6239) ;
#6249=LINE('Line',#6246,#6248) ;
#6256=LINE('Line',#6253,#6255) ;
#6263=LINE('Line',#6260,#6262) ;
#6270=LINE('Line',#6267,#6269) ;
#6277=LINE('Line',#6274,#6276) ;
#6296=LINE('Line',#6293,#6295) ;
#6303=LINE('Line',#6300,#6302) ;
#6310=LINE('Line',#6307,#6309) ;
#6327=LINE('Line',#6324,#6326) ;
#6334=LINE('Line',#6331,#6333) ;
#6351=LINE('Line',#6348,#6350) ;
#6358=LINE('Line',#6355,#6357) ;
#6375=LINE('Line',#6372,#6374) ;
#6382=LINE('Line',#6379,#6381) ;
#6389=LINE('Line',#6386,#6388) ;
#6408=LINE('Line',#6405,#6407) ;
#6425=LINE('Line',#6422,#6424) ;
#6454=LINE('Line',#6451,#6453) ;
#6461=LINE('Line',#6458,#6460) ;
#6521=LINE('Line',#6518,#6520) ;
#6526=LINE('Line',#6523,#6525) ;
#6595=LINE('Line',#6592,#6594) ;
#6611=LINE('Line',#6608,#6610) ;
#6712=LINE('Line',#6709,#6711) ;
#6722=LINE('Line',#6719,#6721) ;
#6746=LINE('Line',#6743,#6745) ;
#6751=LINE('Line',#6748,#6750) ;
#6790=LINE('Line',#6787,#6789) ;
#6804=LINE('Line',#6801,#6803) ;
#6869=LINE('Line',#6866,#6868) ;
#6899=LINE('Line',#6896,#6898) ;
#6946=LINE('Line',#6943,#6945) ;
#6963=LINE('Line',#6960,#6962) ;
#6980=LINE('Line',#6977,#6979) ;
#6994=LINE('Line',#6991,#6993) ;
#7059=LINE('Line',#7056,#7058) ;
#7089=LINE('Line',#7086,#7088) ;
#7105=LINE('Line',#7102,#7104) ;
#7112=LINE('Line',#7109,#7111) ;
#7136=LINE('Line',#7133,#7135) ;
#7154=LINE('Line',#7151,#7153) ;
#7447=LINE('Line',#7444,#7446) ;
#7463=LINE('Line',#7460,#7462) ;
#7603=LINE('Line',#7600,#7602) ;
#7619=LINE('Line',#7616,#7618) ;
#7643=LINE('Line',#7640,#7642) ;
#7650=LINE('Line',#7647,#7649) ;
#7657=LINE('Line',#7654,#7656) ;
#7681=LINE('Line',#7678,#7680) ;
#7705=LINE('Line',#7702,#7704) ;
#7710=LINE('Line',#7707,#7709) ;
#7736=LINE('Line',#7733,#7735) ;
#7750=LINE('Line',#7747,#7749) ;
#7793=LINE('Line',#7790,#7792) ;
#7807=LINE('Line',#7804,#7806) ;
#7921=LINE('Line',#7918,#7920) ;
#7930=LINE('Line',#7927,#7929) ;
#7937=LINE('Line',#7934,#7936) ;
#7944=LINE('Line',#7941,#7943) ;
#7961=LINE('Line',#7958,#7960) ;
#7970=LINE('Line',#7967,#7969) ;
#7977=LINE('Line',#7974,#7976) ;
#7989=LINE('Line',#7986,#7988) ;
#8033=LINE('Line',#8030,#8032) ;
#8050=LINE('Line',#8047,#8049) ;
#8057=LINE('Line',#8054,#8056) ;
#8064=LINE('Line',#8061,#8063) ;
#8071=LINE('Line',#8068,#8070) ;
#8140=LINE('Line',#8137,#8139) ;
#8170=LINE('Line',#8167,#8169) ;
#8175=LINE('Line',#8172,#8174) ;
#8219=LINE('Line',#8216,#8218) ;
#8226=LINE('Line',#8223,#8225) ;
#8290=LINE('Line',#8287,#8289) ;
#8295=LINE('Line',#8292,#8294) ;
#8416=LINE('Line',#8413,#8415) ;
#8432=LINE('Line',#8429,#8431) ;
#8473=LINE('Line',#8470,#8472) ;
#8489=LINE('Line',#8486,#8488) ;
#8530=LINE('Line',#8527,#8529) ;
#8546=LINE('Line',#8543,#8545) ;
#8671=LINE('Line',#8668,#8670) ;
#8687=LINE('Line',#8684,#8686) ;
#8775=LINE('Line',#8772,#8774) ;
#8782=LINE('Line',#8779,#8781) ;
#8818=LINE('Line',#8815,#8817) ;
#8823=LINE('Line',#8820,#8822) ;
#8852=LINE('Line',#8849,#8851) ;
#8859=LINE('Line',#8856,#8858) ;
#8919=LINE('Line',#8916,#8918) ;
#8924=LINE('Line',#8921,#8923) ;
#8957=LINE('Line',#8954,#8956) ;
#8966=LINE('Line',#8963,#8965) ;
#8973=LINE('Line',#8970,#8972) ;
#8980=LINE('Line',#8977,#8979) ;
#8987=LINE('Line',#8984,#8986) ;
#8994=LINE('Line',#8991,#8993) ;
#9013=LINE('Line',#9010,#9012) ;
#9020=LINE('Line',#9017,#9019) ;
#9027=LINE('Line',#9024,#9026) ;
#9044=LINE('Line',#9041,#9043) ;
#9051=LINE('Line',#9048,#9050) ;
#9068=LINE('Line',#9065,#9067) ;
#9075=LINE('Line',#9072,#9074) ;
#9092=LINE('Line',#9089,#9091) ;
#9099=LINE('Line',#9096,#9098) ;
#9106=LINE('Line',#9103,#9105) ;
#9125=LINE('Line',#9122,#9124) ;
#9142=LINE('Line',#9139,#9141) ;
#9393=LINE('Line',#9390,#9392) ;
#9409=LINE('Line',#9406,#9408) ;
#9497=LINE('Line',#9494,#9496) ;
#9504=LINE('Line',#9501,#9503) ;
#9546=LINE('Line',#9543,#9545) ;
#9560=LINE('Line',#9557,#9559) ;
#9627=LINE('Line',#9624,#9626) ;
#9662=LINE('Line',#9659,#9661) ;
#9698=LINE('Line',#9695,#9697) ;
#9712=LINE('Line',#9709,#9711) ;
#9788=LINE('Line',#9785,#9787) ;
#9813=LINE('Line',#9810,#9812) ;
#9873=LINE('Line',#9870,#9872) ;
#9878=LINE('Line',#9875,#9877) ;
#9950=LINE('Line',#9947,#9949) ;
#9955=LINE('Line',#9952,#9954) ;
#2=MECHANICAL_CONTEXT(' ',#1,'mechanical') ;
#496=NEXT_ASSEMBLY_USAGE_OCCURRENCE('Part21.1','Part21.1','',#17,#56,' ') ;
#1500=NEXT_ASSEMBLY_USAGE_OCCURRENCE('Part20.1','Part20.1','',#17,#515,' ') ;
#1841=NEXT_ASSEMBLY_USAGE_OCCURRENCE('Part1.1','Part1.1','',#17,#1519,' ') ;
#2405=NEXT_ASSEMBLY_USAGE_OCCURRENCE('Part20.2','Part20.2','',#17,#1860,' ') ;
#2676=NEXT_ASSEMBLY_USAGE_OCCURRENCE('Part1.2','Part1.2','',#17,#2424,' ') ;
#4417=NEXT_ASSEMBLY_USAGE_OCCURRENCE('Part20.3','Part20.3','',#17,#2695,' ') ;
#5544=NEXT_ASSEMBLY_USAGE_OCCURRENCE('Part20.4','Part20.4','',#17,#4436,' ') ;
#5559=NEXT_ASSEMBLY_USAGE_OCCURRENCE('Part20.1.2.13','Part20.1.2.13','',#17,#4436,' ') ;
#5572=NEXT_ASSEMBLY_USAGE_OCCURRENCE('Part20.1.2.14','Part20.1.2.14','',#17,#4436,' ') ;
#5585=NEXT_ASSEMBLY_USAGE_OCCURRENCE('Part20.1.2.15','Part20.1.2.15','',#17,#4436,' ') ;
#5598=NEXT_ASSEMBLY_USAGE_OCCURRENCE('Part20.1.2.16','Part20.1.2.16','',#17,#4436,' ') ;
#5836=NEXT_ASSEMBLY_USAGE_OCCURRENCE('Part2.21','Part2.21','',#17,#5615,' ') ;
#5851=NEXT_ASSEMBLY_USAGE_OCCURRENCE('Part2.22','Part2.22','',#17,#5615,' ') ;
#5864=NEXT_ASSEMBLY_USAGE_OCCURRENCE('Part2.23','Part2.23','',#17,#5615,' ') ;
#5877=NEXT_ASSEMBLY_USAGE_OCCURRENCE('Part2.24','Part2.24','',#17,#5615,' ') ;
#5890=NEXT_ASSEMBLY_USAGE_OCCURRENCE('Part2.25','Part2.25','',#17,#5615,' ') ;
#6030=NEXT_ASSEMBLY_USAGE_OCCURRENCE('Part20.1.2.3.1','Part20.1.2.3.1','',#17,#5907,' ') ;
#6045=NEXT_ASSEMBLY_USAGE_OCCURRENCE('grip_arm_support.1','grip_arm_support.1','',#17,#5907,' ') ;
#6058=NEXT_ASSEMBLY_USAGE_OCCURRENCE('grip_arm_support.2','grip_arm_support.2','',#17,#5907,' ') ;
#6071=NEXT_ASSEMBLY_USAGE_OCCURRENCE('grip_arm_support.3','grip_arm_support.3','',#17,#5907,' ') ;
#6084=NEXT_ASSEMBLY_USAGE_OCCURRENCE('grip_arm_support.4','grip_arm_support.4','',#17,#5907,' ') ;
#6097=NEXT_ASSEMBLY_USAGE_OCCURRENCE('grip_arm_support.5','grip_arm_support.5','',#17,#5907,' ') ;
#6110=NEXT_ASSEMBLY_USAGE_OCCURRENCE('grip_arm_support.6','grip_arm_support.6','',#17,#5907,' ') ;
#6123=NEXT_ASSEMBLY_USAGE_OCCURRENCE('grip_arm_support.7','grip_arm_support.7','',#17,#5907,' ') ;
#6136=NEXT_ASSEMBLY_USAGE_OCCURRENCE('grip_arm_support.8','grip_arm_support.8','',#17,#5907,' ') ;
#6149=NEXT_ASSEMBLY_USAGE_OCCURRENCE('grip_arm_support.9','grip_arm_support.9','',#17,#5907,' ') ;
#6550=NEXT_ASSEMBLY_USAGE_OCCURRENCE('ball_head.1','ball_head.1','',#17,#6166,' ') ;
#6565=NEXT_ASSEMBLY_USAGE_OCCURRENCE('ball_head.6','ball_head.6','',#17,#6166,' ') ;
#7246=NEXT_ASSEMBLY_USAGE_OCCURRENCE('metal_joint_link.3','metal_joint_link.3','',#17,#6582,' ') ;
#7261=NEXT_ASSEMBLY_USAGE_OCCURRENCE('metal_joint_link.4','metal_joint_link.4','',#17,#6582,' ') ;
#7274=NEXT_ASSEMBLY_USAGE_OCCURRENCE('metal_joint_link.5','metal_joint_link.5','',#17,#6582,' ') ;
#7287=NEXT_ASSEMBLY_USAGE_OCCURRENCE('metal_joint_link.6','metal_joint_link.6','',#17,#6582,' ') ;
#7300=NEXT_ASSEMBLY_USAGE_OCCURRENCE('metal_joint_link.10','metal_joint_link.10','',#17,#6582,' ') ;
#7313=NEXT_ASSEMBLY_USAGE_OCCURRENCE('ball_head.17','ball_head.17','',#17,#6166,' ') ;
#7326=NEXT_ASSEMBLY_USAGE_OCCURRENCE('ball_head.18','ball_head.18','',#17,#6166,' ') ;
#7339=NEXT_ASSEMBLY_USAGE_OCCURRENCE('ball_head.19','ball_head.19','',#17,#6166,' ') ;
#7352=NEXT_ASSEMBLY_USAGE_OCCURRENCE('ball_head.20','ball_head.20','',#17,#6166,' ') ;
#7365=NEXT_ASSEMBLY_USAGE_OCCURRENCE('metal_joint_link.11','metal_joint_link.11','',#17,#6582,' ') ;
#7378=NEXT_ASSEMBLY_USAGE_OCCURRENCE('metal_joint_link.12','metal_joint_link.12','',#17,#6582,' ') ;
#7391=NEXT_ASSEMBLY_USAGE_OCCURRENCE('metal_joint_link.13','metal_joint_link.13','',#17,#6582,' ') ;
#7404=NEXT_ASSEMBLY_USAGE_OCCURRENCE('metal_joint_link.14','metal_joint_link.14','',#17,#6582,' ') ;
#7417=NEXT_ASSEMBLY_USAGE_OCCURRENCE('metal_joint_link.15','metal_joint_link.15','',#17,#6582,' ') ;
#7519=NEXT_ASSEMBLY_USAGE_OCCURRENCE('feather_shaft.1','feather_shaft.1','',#17,#7434,' ') ;
#7534=NEXT_ASSEMBLY_USAGE_OCCURRENCE('feather_shaft.2','feather_shaft.2','',#17,#7434,' ') ;
#7547=NEXT_ASSEMBLY_USAGE_OCCURRENCE('feather_shaft.3','feather_shaft.3','',#17,#7434,' ') ;
#7560=NEXT_ASSEMBLY_USAGE_OCCURRENCE('feather_shaft.4','feather_shaft.4','',#17,#7434,' ') ;
#7573=NEXT_ASSEMBLY_USAGE_OCCURRENCE('feather_shaft.5','feather_shaft.5','',#17,#7434,' ') ;
#7876=NEXT_ASSEMBLY_USAGE_OCCURRENCE('hub_connector.1','hub_connector.1','',#17,#7590,' ') ;
#7891=NEXT_ASSEMBLY_USAGE_OCCURRENCE('hub_connector.2','hub_connector.2','',#17,#7590,' ') ;
#8319=NEXT_ASSEMBLY_USAGE_OCCURRENCE('hub_connector2.1','hub_connector2.1','',#17,#7908,' ') ;
#8334=NEXT_ASSEMBLY_USAGE_OCCURRENCE('ball_head.21','ball_head.21','',#17,#6166,' ') ;
#8347=NEXT_ASSEMBLY_USAGE_OCCURRENCE('ball_head.22','ball_head.22','',#17,#6166,' ') ;
#8360=NEXT_ASSEMBLY_USAGE_OCCURRENCE('ball_head.23','ball_head.23','',#17,#6166,' ') ;
#8373=NEXT_ASSEMBLY_USAGE_OCCURRENCE('ball_head.24','ball_head.24','',#17,#6166,' ') ;
#8386=NEXT_ASSEMBLY_USAGE_OCCURRENCE('ball_head.25','ball_head.25','',#17,#6166,' ') ;
#8639=NEXT_ASSEMBLY_USAGE_OCCURRENCE('head_plate.1','head_plate.1','',#17,#8403,' ') ;
#9166=NEXT_ASSEMBLY_USAGE_OCCURRENCE('main_shaft_screw.1','main_shaft_screw.1','',#17,#8658,' ') ;
#9181=NEXT_ASSEMBLY_USAGE_OCCURRENCE('main_shaft_screw.2','main_shaft_screw.2','',#17,#8658,' ') ;
#9194=NEXT_ASSEMBLY_USAGE_OCCURRENCE('main_shaft_screw.3','main_shaft_screw.3','',#17,#8658,' ') ;
#9207=NEXT_ASSEMBLY_USAGE_OCCURRENCE('main_shaft_screw.4','main_shaft_screw.4','',#17,#8658,' ') ;
#9220=NEXT_ASSEMBLY_USAGE_OCCURRENCE('main_shaft_screw.5','main_shaft_screw.5','',#17,#8658,' ') ;
#9233=NEXT_ASSEMBLY_USAGE_OCCURRENCE('main_shaft_screw.6','main_shaft_screw.6','',#17,#8658,' ') ;
#9246=NEXT_ASSEMBLY_USAGE_OCCURRENCE('ball_head.26','ball_head.26','',#17,#6166,' ') ;
#9259=NEXT_ASSEMBLY_USAGE_OCCURRENCE('ball_head.27','ball_head.27','',#17,#6166,' ') ;
#9272=NEXT_ASSEMBLY_USAGE_OCCURRENCE('ball_head.28','ball_head.28','',#17,#6166,' ') ;
#9285=NEXT_ASSEMBLY_USAGE_OCCURRENCE('metal_joint_link.16','metal_joint_link.16','',#17,#6582,' ') ;
#9298=NEXT_ASSEMBLY_USAGE_OCCURRENCE('metal_joint_link.17','metal_joint_link.17','',#17,#6582,' ') ;
#9311=NEXT_ASSEMBLY_USAGE_OCCURRENCE('metal_joint_link.18','metal_joint_link.18','',#17,#6582,' ') ;
#9324=NEXT_ASSEMBLY_USAGE_OCCURRENCE('feather_shaft.6','feather_shaft.6','',#17,#7434,' ') ;
#9337=NEXT_ASSEMBLY_USAGE_OCCURRENCE('feather_shaft.7','feather_shaft.7','',#17,#7434,' ') ;
#9350=NEXT_ASSEMBLY_USAGE_OCCURRENCE('feather_shaft.8','feather_shaft.8','',#17,#7434,' ') ;
#9363=NEXT_ASSEMBLY_USAGE_OCCURRENCE('metal_joint_link.19','metal_joint_link.19','',#17,#6582,' ') ;
#9991=NEXT_ASSEMBLY_USAGE_OCCURRENCE('main_shaft_screw_washer.1','main_shaft_screw_washer.1','',#17,#9380,' ') ;
#27=PERSONAL_ADDRESS(' ',' ',' ',' ',' ',' ',' ',' ',' ',' ',' ',' ',(#25),' ') ;
#122=PLANE('Plane',#121) ;
#150=PLANE('Plane',#149) ;
#178=PLANE('Plane',#177) ;
#389=PLANE('Plane',#388) ;
#443=PLANE('Plane',#442) ;
#690=PLANE('Plane',#689) ;
#718=PLANE('Plane',#717) ;
#732=PLANE('Plane',#731) ;
#746=PLANE('Plane',#745) ;
#774=PLANE('Plane',#773) ;
#911=PLANE('Plane',#910) ;
#1231=PLANE('Plane',#1230) ;
#1285=PLANE('Plane',#1284) ;
#1339=PLANE('Plane',#1338) ;
#1393=PLANE('Plane',#1392) ;
#1447=PLANE('Plane',#1446) ;
#1909=PLANE('Plane',#1908) ;
#1940=PLANE('Plane',#1939) ;
#2002=PLANE('Plane',#2001) ;
#2064=PLANE('Plane',#2063) ;
#2152=PLANE('Plane',#2151) ;
#2350=PLANE('Plane',#2349) ;
#2378=PLANE('Plane',#2377) ;
#2433=PLANE('Plane',#2432) ;
#2500=PLANE('Plane',#2499) ;
#2576=PLANE('Plane',#2575) ;
#2761=PLANE('Plane',#2760) ;
#3063=PLANE('Plane',#3062) ;
#3308=PLANE('Plane',#3307) ;
#3336=PLANE('Plane',#3335) ;
#3364=PLANE('Plane',#3363) ;
#3392=PLANE('Plane',#3391) ;
#3420=PLANE('Plane',#3419) ;
#3448=PLANE('Plane',#3447) ;
#3472=PLANE('Plane',#3471) ;
#3496=PLANE('Plane',#3495) ;
#3520=PLANE('Plane',#3519) ;
#3544=PLANE('Plane',#3543) ;
#3801=PLANE('Plane',#3800) ;
#3937=PLANE('Plane',#3936) ;
#4303=PLANE('Plane',#4302) ;
#4340=PLANE('Plane',#4339) ;
#4406=PLANE('Plane',#4405) ;
#4445=PLANE('Plane',#4444) ;
#4546=PLANE('Plane',#4545) ;
#4588=PLANE('Plane',#4587) ;
#4645=PLANE('Plane',#4644) ;
#4974=PLANE('Plane',#4973) ;
#5041=PLANE('Plane',#5040) ;
#5214=PLANE('Plane',#5213) ;
#5246=PLANE('Plane',#5245) ;
#5398=PLANE('Plane',#5397) ;
#5624=PLANE('Plane',#5623) ;
#5695=PLANE('Plane',#5694) ;
#5805=PLANE('Plane',#5804) ;
#5821=PLANE('Plane',#5820) ;
#5916=PLANE('Plane',#5915) ;
#6009=PLANE('Plane',#6008) ;
#6020=PLANE('Plane',#6019) ;
#6232=PLANE('Plane',#6231) ;
#6292=PLANE('Plane',#6291) ;
#6323=PLANE('Plane',#6322) ;
#6347=PLANE('Plane',#6346) ;
#6371=PLANE('Plane',#6370) ;
#6404=PLANE('Plane',#6403) ;
#6421=PLANE('Plane',#6420) ;
#6438=PLANE('Plane',#6437) ;
#6493=PLANE('Plane',#6492) ;
#6680=PLANE('Plane',#6679) ;
#6708=PLANE('Plane',#6707) ;
#6776=PLANE('Plane',#6775) ;
#6786=PLANE('Plane',#6785) ;
#6976=PLANE('Plane',#6975) ;
#7132=PLANE('Plane',#7131) ;
#7150=PLANE('Plane',#7149) ;
#7500=PLANE('Plane',#7499) ;
#7510=PLANE('Plane',#7509) ;
#7639=PLANE('Plane',#7638) ;
#7701=PLANE('Plane',#7700) ;
#7837=PLANE('Plane',#7836) ;
#7857=PLANE('Plane',#7856) ;
#7917=PLANE('Plane',#7916) ;
#7957=PLANE('Plane',#7956) ;
#8046=PLANE('Plane',#8045) ;
#8104=PLANE('Plane',#8103) ;
#8154=PLANE('Plane',#8153) ;
#8262=PLANE('Plane',#8261) ;
#8612=PLANE('Plane',#8611) ;
#8626=PLANE('Plane',#8625) ;
#8729=PLANE('Plane',#8728) ;
#8891=PLANE('Plane',#8890) ;
#8949=PLANE('Plane',#8948) ;
#9009=PLANE('Plane',#9008) ;
#9040=PLANE('Plane',#9039) ;
#9064=PLANE('Plane',#9063) ;
#9088=PLANE('Plane',#9087) ;
#9121=PLANE('Plane',#9120) ;
#9138=PLANE('Plane',#9137) ;
#9155=PLANE('Plane',#9154) ;
#9493=PLANE('Plane',#9492) ;
#9846=PLANE('Plane',#9845) ;
#9895=PLANE('Plane',#9894) ;
#9922=PLANE('Plane',#9921) ;
#48=PLANE_ANGLE_MEASURE_WITH_UNIT(PLANE_ANGLE_MEASURE(0.0174532925199),#47) ;
#7=PRODUCT_CATEGORY('part',$) ;
#14=PRODUCT_CATEGORY('part',$) ;
#9=PRODUCT_CATEGORY_RELATIONSHIP(' ',' ',#7,#8) ;
#16=PRODUCT_CATEGORY_RELATIONSHIP(' ',' ',#14,#15) ;
#6=PRODUCT_DEFINITION_FORMATION_WITH_SPECIFIED_SOURCE('',' ',#5,.NOT_KNOWN.) ;
#55=PRODUCT_DEFINITION_FORMATION_WITH_SPECIFIED_SOURCE('',' ',#54,.NOT_KNOWN.) ;
#514=PRODUCT_DEFINITION_FORMATION_WITH_SPECIFIED_SOURCE('',' ',#513,.NOT_KNOWN.) ;
#1518=PRODUCT_DEFINITION_FORMATION_WITH_SPECIFIED_SOURCE('',' ',#1517,.NOT_KNOWN.) ;
#1859=PRODUCT_DEFINITION_FORMATION_WITH_SPECIFIED_SOURCE('',' ',#1858,.NOT_KNOWN.) ;
#2423=PRODUCT_DEFINITION_FORMATION_WITH_SPECIFIED_SOURCE('',' ',#2422,.NOT_KNOWN.) ;
#2694=PRODUCT_DEFINITION_FORMATION_WITH_SPECIFIED_SOURCE('',' ',#2693,.NOT_KNOWN.) ;
#4435=PRODUCT_DEFINITION_FORMATION_WITH_SPECIFIED_SOURCE('',' ',#4434,.NOT_KNOWN.) ;
#5614=PRODUCT_DEFINITION_FORMATION_WITH_SPECIFIED_SOURCE('',' ',#5613,.NOT_KNOWN.) ;
#5906=PRODUCT_DEFINITION_FORMATION_WITH_SPECIFIED_SOURCE('',' ',#5905,.NOT_KNOWN.) ;
#6165=PRODUCT_DEFINITION_FORMATION_WITH_SPECIFIED_SOURCE('',' ',#6164,.NOT_KNOWN.) ;
#6581=PRODUCT_DEFINITION_FORMATION_WITH_SPECIFIED_SOURCE('',' ',#6580,.NOT_KNOWN.) ;
#7433=PRODUCT_DEFINITION_FORMATION_WITH_SPECIFIED_SOURCE('',' ',#7432,.NOT_KNOWN.) ;
#7589=PRODUCT_DEFINITION_FORMATION_WITH_SPECIFIED_SOURCE('',' ',#7588,.NOT_KNOWN.) ;
#7907=PRODUCT_DEFINITION_FORMATION_WITH_SPECIFIED_SOURCE('',' ',#7906,.NOT_KNOWN.) ;
#8402=PRODUCT_DEFINITION_FORMATION_WITH_SPECIFIED_SOURCE('',' ',#8401,.NOT_KNOWN.) ;
#8657=PRODUCT_DEFINITION_FORMATION_WITH_SPECIFIED_SOURCE('',' ',#8656,.NOT_KNOWN.) ;
#9379=PRODUCT_DEFINITION_FORMATION_WITH_SPECIFIED_SOURCE('',' ',#9378,.NOT_KNOWN.) ;
#56=PRODUCT_DEFINITION_WITH_ASSOCIATED_DOCUMENTS('swash_plate_down',' ',#55,#3,(#58)) ;
#515=PRODUCT_DEFINITION_WITH_ASSOCIATED_DOCUMENTS('swash_plate_up',' ',#514,#3,(#517)) ;
#1519=PRODUCT_DEFINITION_WITH_ASSOCIATED_DOCUMENTS('sphere',' ',#1518,#3,(#1521)) ;
#1860=PRODUCT_DEFINITION_WITH_ASSOCIATED_DOCUMENTS('washer',' ',#1859,#3,(#1862)) ;
#2424=PRODUCT_DEFINITION_WITH_ASSOCIATED_DOCUMENTS('main_shaft',' ',#2423,#3,(#2426)) ;
#2695=PRODUCT_DEFINITION_WITH_ASSOCIATED_DOCUMENTS('hub',' ',#2694,#3,(#2697)) ;
#4436=PRODUCT_DEFINITION_WITH_ASSOCIATED_DOCUMENTS('blade_grip',' ',#4435,#3,(#4438)) ;
#5615=PRODUCT_DEFINITION_WITH_ASSOCIATED_DOCUMENTS('grip_arm',' ',#5614,#3,(#5617)) ;
#5907=PRODUCT_DEFINITION_WITH_ASSOCIATED_DOCUMENTS('grip_arm_support',' ',#5906,#3,(#5909)) ;
#6166=PRODUCT_DEFINITION_WITH_ASSOCIATED_DOCUMENTS('ball_head',' ',#6165,#3,(#6168)) ;
#6582=PRODUCT_DEFINITION_WITH_ASSOCIATED_DOCUMENTS('metal_joint_link',' ',#6581,#3,(#6584)) ;
#7434=PRODUCT_DEFINITION_WITH_ASSOCIATED_DOCUMENTS('feather_shaft',' ',#7433,#3,(#7436)) ;
#7590=PRODUCT_DEFINITION_WITH_ASSOCIATED_DOCUMENTS('hub_connector',' ',#7589,#3,(#7592)) ;
#7908=PRODUCT_DEFINITION_WITH_ASSOCIATED_DOCUMENTS('hub_connector2',' ',#7907,#3,(#7910)) ;
#8403=PRODUCT_DEFINITION_WITH_ASSOCIATED_DOCUMENTS('head_plate',' ',#8402,#3,(#8405)) ;
#8658=PRODUCT_DEFINITION_WITH_ASSOCIATED_DOCUMENTS('main_shaft_screw',' ',#8657,#3,(#8660)) ;
#9380=PRODUCT_DEFINITION_WITH_ASSOCIATED_DOCUMENTS('main_shaft_screw_washer',' ',#9379,#3,(#9382)) ;
#8=PRODUCT_RELATED_PRODUCT_CATEGORY('detail',$,(#54,#513,#1517,#1858,#2422,#2693,#4434,#5613,#5905,#6164,#6580,#7432,#7588,#7906,#8401,#8656,#9378)) ;
#15=PRODUCT_RELATED_PRODUCT_CATEGORY('part',$,(#5)) ;
#43=SHAPE_DEFINITION_REPRESENTATION(#45,#44) ;
#53=SHAPE_DEFINITION_REPRESENTATION(#59,#52) ;
#512=SHAPE_DEFINITION_REPRESENTATION(#518,#511) ;
#1516=SHAPE_DEFINITION_REPRESENTATION(#1522,#1515) ;
#1857=SHAPE_DEFINITION_REPRESENTATION(#1863,#1856) ;
#2421=SHAPE_DEFINITION_REPRESENTATION(#2427,#2420) ;
#2692=SHAPE_DEFINITION_REPRESENTATION(#2698,#2691) ;
#4433=SHAPE_DEFINITION_REPRESENTATION(#4439,#4432) ;
#5612=SHAPE_DEFINITION_REPRESENTATION(#5618,#5611) ;
#5904=SHAPE_DEFINITION_REPRESENTATION(#5910,#5903) ;
#6163=SHAPE_DEFINITION_REPRESENTATION(#6169,#6162) ;
#6579=SHAPE_DEFINITION_REPRESENTATION(#6585,#6578) ;
#7431=SHAPE_DEFINITION_REPRESENTATION(#7437,#7430) ;
#7587=SHAPE_DEFINITION_REPRESENTATION(#7593,#7586) ;
#7905=SHAPE_DEFINITION_REPRESENTATION(#7911,#7904) ;
#8400=SHAPE_DEFINITION_REPRESENTATION(#8406,#8399) ;
#8655=SHAPE_DEFINITION_REPRESENTATION(#8661,#8654) ;
#9377=SHAPE_DEFINITION_REPRESENTATION(#9383,#9376) ;
#859=SPHERICAL_SURFACE('',#858,9.) ;
#1652=SPHERICAL_SURFACE('',#1651,9.) ;
#6175=SPHERICAL_SURFACE('',#6174,2.5) ;
#7214=SPHERICAL_SURFACE('',#7213,2.5) ;
#8583=SPHERICAL_SURFACE('',#8582,52.) ;
#71=VERTEX_POINT('',#70) ;
#73=VERTEX_POINT('',#72) ;
#80=VERTEX_POINT('',#79) ;
#87=VERTEX_POINT('',#86) ;
#128=VERTEX_POINT('',#127) ;
#130=VERTEX_POINT('',#129) ;
#156=VERTEX_POINT('',#155) ;
#158=VERTEX_POINT('',#157) ;
#184=VERTEX_POINT('',#183) ;
#186=VERTEX_POINT('',#185) ;
#211=VERTEX_POINT('',#210) ;
#213=VERTEX_POINT('',#212) ;
#225=VERTEX_POINT('',#224) ;
#251=VERTEX_POINT('',#250) ;
#306=VERTEX_POINT('',#305) ;
#308=VERTEX_POINT('',#307) ;
#321=VERTEX_POINT('',#320) ;
#354=VERTEX_POINT('',#353) ;
#356=VERTEX_POINT('',#355) ;
#369=VERTEX_POINT('',#368) ;
#395=VERTEX_POINT('',#394) ;
#397=VERTEX_POINT('',#396) ;
#449=VERTEX_POINT('',#448) ;
#451=VERTEX_POINT('',#450) ;
#530=VERTEX_POINT('',#529) ;
#532=VERTEX_POINT('',#531) ;
#539=VERTEX_POINT('',#538) ;
#546=VERTEX_POINT('',#545) ;
#587=VERTEX_POINT('',#586) ;
#589=VERTEX_POINT('',#588) ;
#596=VERTEX_POINT('',#595) ;
#603=VERTEX_POINT('',#602) ;
#639=VERTEX_POINT('',#638) ;
#641=VERTEX_POINT('',#640) ;
#648=VERTEX_POINT('',#647) ;
#655=VERTEX_POINT('',#654) ;
#700=VERTEX_POINT('',#699) ;
#702=VERTEX_POINT('',#701) ;
#752=VERTEX_POINT('',#751) ;
#754=VERTEX_POINT('',#753) ;
#780=VERTEX_POINT('',#779) ;
#782=VERTEX_POINT('',#781) ;
#798=VERTEX_POINT('',#797) ;
#800=VERTEX_POINT('',#799) ;
#822=VERTEX_POINT('',#821) ;
#824=VERTEX_POINT('',#823) ;
#865=VERTEX_POINT('',#864) ;
#867=VERTEX_POINT('',#866) ;
#917=VERTEX_POINT('',#916) ;
#919=VERTEX_POINT('',#918) ;
#944=VERTEX_POINT('',#943) ;
#946=VERTEX_POINT('',#945) ;
#958=VERTEX_POINT('',#957) ;
#984=VERTEX_POINT('',#983) ;
#1037=VERTEX_POINT('',#1036) ;
#1039=VERTEX_POINT('',#1038) ;
#1049=VERTEX_POINT('',#1048) ;
#1075=VERTEX_POINT('',#1074) ;
#1077=VERTEX_POINT('',#1076) ;
#1087=VERTEX_POINT('',#1086) ;
#1113=VERTEX_POINT('',#1112) ;
#1115=VERTEX_POINT('',#1114) ;
#1125=VERTEX_POINT('',#1124) ;
#1158=VERTEX_POINT('',#1157) ;
#1160=VERTEX_POINT('',#1159) ;
#1170=VERTEX_POINT('',#1169) ;
#1196=VERTEX_POINT('',#1195) ;
#1198=VERTEX_POINT('',#1197) ;
#1208=VERTEX_POINT('',#1207) ;
#1237=VERTEX_POINT('',#1236) ;
#1239=VERTEX_POINT('',#1238) ;
#1291=VERTEX_POINT('',#1290) ;
#1293=VERTEX_POINT('',#1292) ;
#1345=VERTEX_POINT('',#1344) ;
#1347=VERTEX_POINT('',#1346) ;
#1399=VERTEX_POINT('',#1398) ;
#1401=VERTEX_POINT('',#1400) ;
#1453=VERTEX_POINT('',#1452) ;
#1455=VERTEX_POINT('',#1454) ;
#1534=VERTEX_POINT('',#1533) ;
#1536=VERTEX_POINT('',#1535) ;
#1543=VERTEX_POINT('',#1542) ;
#1550=VERTEX_POINT('',#1549) ;
#1574=VERTEX_POINT('',#1573) ;
#1581=VERTEX_POINT('',#1580) ;
#1605=VERTEX_POINT('',#1604) ;
#1612=VERTEX_POINT('',#1611) ;
#1658=VERTEX_POINT('',#1657) ;
#1665=VERTEX_POINT('',#1664) ;
#1672=VERTEX_POINT('',#1671) ;
#1693=VERTEX_POINT('',#1692) ;
#1719=VERTEX_POINT('',#1718) ;
#1721=VERTEX_POINT('',#1720) ;
#1728=VERTEX_POINT('',#1727) ;
#1754=VERTEX_POINT('',#1753) ;
#1875=VERTEX_POINT('',#1874) ;
#1877=VERTEX_POINT('',#1876) ;
#1884=VERTEX_POINT('',#1883) ;
#1891=VERTEX_POINT('',#1890) ;
#1915=VERTEX_POINT('',#1914) ;
#1922=VERTEX_POINT('',#1921) ;
#1946=VERTEX_POINT('',#1945) ;
#1953=VERTEX_POINT('',#1952) ;
#1977=VERTEX_POINT('',#1976) ;
#1984=VERTEX_POINT('',#1983) ;
#2008=VERTEX_POINT('',#2007) ;
#2015=VERTEX_POINT('',#2014) ;
#2039=VERTEX_POINT('',#2038) ;
#2046=VERTEX_POINT('',#2045) ;
#2070=VERTEX_POINT('',#2069) ;
#2077=VERTEX_POINT('',#2076) ;
#2101=VERTEX_POINT('',#2100) ;
#2108=VERTEX_POINT('',#2107) ;
#2127=VERTEX_POINT('',#2126) ;
#2134=VERTEX_POINT('',#2133) ;
#2158=VERTEX_POINT('',#2157) ;
#2165=VERTEX_POINT('',#2164) ;
#2189=VERTEX_POINT('',#2188) ;
#2196=VERTEX_POINT('',#2195) ;
#2242=VERTEX_POINT('',#2241) ;
#2244=VERTEX_POINT('',#2243) ;
#2251=VERTEX_POINT('',#2250) ;
#2258=VERTEX_POINT('',#2257) ;
#2299=VERTEX_POINT('',#2298) ;
#2301=VERTEX_POINT('',#2300) ;
#2308=VERTEX_POINT('',#2307) ;
#2315=VERTEX_POINT('',#2314) ;
#2439=VERTEX_POINT('',#2438) ;
#2441=VERTEX_POINT('',#2440) ;
#2463=VERTEX_POINT('',#2462) ;
#2465=VERTEX_POINT('',#2464) ;
#2506=VERTEX_POINT('',#2505) ;
#2508=VERTEX_POINT('',#2507) ;
#2534=VERTEX_POINT('',#2533) ;
#2541=VERTEX_POINT('',#2540) ;
#2582=VERTEX_POINT('',#2581) ;
#2584=VERTEX_POINT('',#2583) ;
#2606=VERTEX_POINT('',#2605) ;
#2613=VERTEX_POINT('',#2612) ;
#2710=VERTEX_POINT('',#2709) ;
#2712=VERTEX_POINT('',#2711) ;
#2719=VERTEX_POINT('',#2718) ;
#2726=VERTEX_POINT('',#2725) ;
#2767=VERTEX_POINT('',#2766) ;
#2769=VERTEX_POINT('',#2768) ;
#2795=VERTEX_POINT('',#2794) ;
#2802=VERTEX_POINT('',#2801) ;
#2809=VERTEX_POINT('',#2808) ;
#2816=VERTEX_POINT('',#2815) ;
#2832=VERTEX_POINT('',#2831) ;
#2874=VERTEX_POINT('',#2873) ;
#2876=VERTEX_POINT('',#2875) ;
#2916=VERTEX_POINT('',#2915) ;
#2918=VERTEX_POINT('',#2917) ;
#2955=VERTEX_POINT('',#2954) ;
#2991=VERTEX_POINT('',#2990) ;
#2993=VERTEX_POINT('',#2992) ;
#3033=VERTEX_POINT('',#3032) ;
#3035=VERTEX_POINT('',#3034) ;
#3073=VERTEX_POINT('',#3072) ;
#3075=VERTEX_POINT('',#3074) ;
#3097=VERTEX_POINT('',#3096) ;
#3104=VERTEX_POINT('',#3103) ;
#3142=VERTEX_POINT('',#3141) ;
#3149=VERTEX_POINT('',#3148) ;
#3185=VERTEX_POINT('',#3184) ;
#3192=VERTEX_POINT('',#3191) ;
#3228=VERTEX_POINT('',#3227) ;
#3235=VERTEX_POINT('',#3234) ;
#3271=VERTEX_POINT('',#3270) ;
#3278=VERTEX_POINT('',#3277) ;
#3318=VERTEX_POINT('',#3317) ;
#3320=VERTEX_POINT('',#3319) ;
#3346=VERTEX_POINT('',#3345) ;
#3348=VERTEX_POINT('',#3347) ;
#3374=VERTEX_POINT('',#3373) ;
#3376=VERTEX_POINT('',#3375) ;
#3402=VERTEX_POINT('',#3401) ;
#3404=VERTEX_POINT('',#3403) ;
#3430=VERTEX_POINT('',#3429) ;
#3432=VERTEX_POINT('',#3431) ;
#3454=VERTEX_POINT('',#3453) ;
#3456=VERTEX_POINT('',#3455) ;
#3478=VERTEX_POINT('',#3477) ;
#3480=VERTEX_POINT('',#3479) ;
#3502=VERTEX_POINT('',#3501) ;
#3504=VERTEX_POINT('',#3503) ;
#3526=VERTEX_POINT('',#3525) ;
#3528=VERTEX_POINT('',#3527) ;
#3550=VERTEX_POINT('',#3549) ;
#3552=VERTEX_POINT('',#3551) ;
#3719=VERTEX_POINT('',#3718) ;
#3726=VERTEX_POINT('',#3725) ;
#3750=VERTEX_POINT('',#3749) ;
#3752=VERTEX_POINT('',#3751) ;
#3759=VERTEX_POINT('',#3758) ;
#3766=VERTEX_POINT('',#3765) ;
#3807=VERTEX_POINT('',#3806) ;
#3809=VERTEX_POINT('',#3808) ;
#3816=VERTEX_POINT('',#3815) ;
#3823=VERTEX_POINT('',#3822) ;
#3830=VERTEX_POINT('',#3829) ;
#3837=VERTEX_POINT('',#3836) ;
#3869=VERTEX_POINT('',#3868) ;
#3878=VERTEX_POINT('',#3877) ;
#3886=VERTEX_POINT('',#3885) ;
#3894=VERTEX_POINT('',#3893) ;
#3902=VERTEX_POINT('',#3901) ;
#3911=VERTEX_POINT('',#3910) ;
#3943=VERTEX_POINT('',#3942) ;
#3945=VERTEX_POINT('',#3944) ;
#3952=VERTEX_POINT('',#3951) ;
#3959=VERTEX_POINT('',#3958) ;
#3966=VERTEX_POINT('',#3965) ;
#3973=VERTEX_POINT('',#3972) ;
#4036=VERTEX_POINT('',#4035) ;
#4199=VERTEX_POINT('',#4198) ;
#4309=VERTEX_POINT('',#4308) ;
#4316=VERTEX_POINT('',#4315) ;
#4346=VERTEX_POINT('',#4345) ;
#4353=VERTEX_POINT('',#4352) ;
#4451=VERTEX_POINT('',#4450) ;
#4453=VERTEX_POINT('',#4452) ;
#4460=VERTEX_POINT('',#4459) ;
#4467=VERTEX_POINT('',#4466) ;
#4485=VERTEX_POINT('',#4484) ;
#4487=VERTEX_POINT('',#4486) ;
#4509=VERTEX_POINT('',#4508) ;
#4511=VERTEX_POINT('',#4510) ;
#4552=VERTEX_POINT('',#4551) ;
#4554=VERTEX_POINT('',#4553) ;
#4570=VERTEX_POINT('',#4569) ;
#4572=VERTEX_POINT('',#4571) ;
#4598=VERTEX_POINT('',#4597) ;
#4600=VERTEX_POINT('',#4599) ;
#4651=VERTEX_POINT('',#4650) ;
#4653=VERTEX_POINT('',#4652) ;
#4660=VERTEX_POINT('',#4659) ;
#4667=VERTEX_POINT('',#4666) ;
#4674=VERTEX_POINT('',#4673) ;
#4694=VERTEX_POINT('',#4693) ;
#4696=VERTEX_POINT('',#4695) ;
#4703=VERTEX_POINT('',#4702) ;
#4710=VERTEX_POINT('',#4709) ;
#4717=VERTEX_POINT('',#4716) ;
#4737=VERTEX_POINT('',#4736) ;
#4754=VERTEX_POINT('',#4753) ;
#4788=VERTEX_POINT('',#4787) ;
#4790=VERTEX_POINT('',#4789) ;
#4830=VERTEX_POINT('',#4829) ;
#4832=VERTEX_POINT('',#4831) ;
#4861=VERTEX_POINT('',#4860) ;
#4868=VERTEX_POINT('',#4867) ;
#4902=VERTEX_POINT('',#4901) ;
#4904=VERTEX_POINT('',#4903) ;
#4944=VERTEX_POINT('',#4943) ;
#4946=VERTEX_POINT('',#4945) ;
#4980=VERTEX_POINT('',#4979) ;
#4987=VERTEX_POINT('',#4986) ;
#5005=VERTEX_POINT('',#5004) ;
#5007=VERTEX_POINT('',#5006) ;
#5023=VERTEX_POINT('',#5022) ;
#5025=VERTEX_POINT('',#5024) ;
#5047=VERTEX_POINT('',#5046) ;
#5054=VERTEX_POINT('',#5053) ;
#5072=VERTEX_POINT('',#5071) ;
#5074=VERTEX_POINT('',#5073) ;
#5090=VERTEX_POINT('',#5089) ;
#5092=VERTEX_POINT('',#5091) ;
#5220=VERTEX_POINT('',#5219) ;
#5222=VERTEX_POINT('',#5221) ;
#5252=VERTEX_POINT('',#5251) ;
#5254=VERTEX_POINT('',#5253) ;
#5279=VERTEX_POINT('',#5278) ;
#5281=VERTEX_POINT('',#5280) ;
#5306=VERTEX_POINT('',#5305) ;
#5308=VERTEX_POINT('',#5307) ;
#5350=VERTEX_POINT('',#5349) ;
#5369=VERTEX_POINT('',#5368) ;
#5404=VERTEX_POINT('',#5403) ;
#5432=VERTEX_POINT('',#5431) ;
#5630=VERTEX_POINT('',#5629) ;
#5632=VERTEX_POINT('',#5631) ;
#5639=VERTEX_POINT('',#5638) ;
#5646=VERTEX_POINT('',#5645) ;
#5670=VERTEX_POINT('',#5669) ;
#5677=VERTEX_POINT('',#5676) ;
#5701=VERTEX_POINT('',#5700) ;
#5708=VERTEX_POINT('',#5707) ;
#5754=VERTEX_POINT('',#5753) ;
#5756=VERTEX_POINT('',#5755) ;
#5763=VERTEX_POINT('',#5762) ;
#5770=VERTEX_POINT('',#5769) ;
#5922=VERTEX_POINT('',#5921) ;
#5924=VERTEX_POINT('',#5923) ;
#5931=VERTEX_POINT('',#5930) ;
#5938=VERTEX_POINT('',#5937) ;
#5962=VERTEX_POINT('',#5961) ;
#5969=VERTEX_POINT('',#5968) ;
#6181=VERTEX_POINT('',#6180) ;
#6183=VERTEX_POINT('',#6182) ;
#6190=VERTEX_POINT('',#6189) ;
#6197=VERTEX_POINT('',#6196) ;
#6242=VERTEX_POINT('',#6241) ;
#6244=VERTEX_POINT('',#6243) ;
#6251=VERTEX_POINT('',#6250) ;
#6258=VERTEX_POINT('',#6257) ;
#6265=VERTEX_POINT('',#6264) ;
#6272=VERTEX_POINT('',#6271) ;
#6298=VERTEX_POINT('',#6297) ;
#6305=VERTEX_POINT('',#6304) ;
#6329=VERTEX_POINT('',#6328) ;
#6353=VERTEX_POINT('',#6352) ;
#6377=VERTEX_POINT('',#6376) ;
#6384=VERTEX_POINT('',#6383) ;
#6456=VERTEX_POINT('',#6455) ;
#6463=VERTEX_POINT('',#6462) ;
#6499=VERTEX_POINT('',#6498) ;
#6501=VERTEX_POINT('',#6500) ;
#6597=VERTEX_POINT('',#6596) ;
#6599=VERTEX_POINT('',#6598) ;
#6606=VERTEX_POINT('',#6605) ;
#6613=VERTEX_POINT('',#6612) ;
#6620=VERTEX_POINT('',#6619) ;
#6627=VERTEX_POINT('',#6626) ;
#6653=VERTEX_POINT('',#6652) ;
#6660=VERTEX_POINT('',#6659) ;
#6690=VERTEX_POINT('',#6689) ;
#6692=VERTEX_POINT('',#6691) ;
#6739=VERTEX_POINT('',#6738) ;
#6741=VERTEX_POINT('',#6740) ;
#6792=VERTEX_POINT('',#6791) ;
#6799=VERTEX_POINT('',#6798) ;
#6817=VERTEX_POINT('',#6816) ;
#6819=VERTEX_POINT('',#6818) ;
#6826=VERTEX_POINT('',#6825) ;
#6833=VERTEX_POINT('',#6832) ;
#6864=VERTEX_POINT('',#6863) ;
#6894=VERTEX_POINT('',#6893) ;
#6917=VERTEX_POINT('',#6916) ;
#6924=VERTEX_POINT('',#6923) ;
#6982=VERTEX_POINT('',#6981) ;
#6989=VERTEX_POINT('',#6988) ;
#7007=VERTEX_POINT('',#7006) ;
#7009=VERTEX_POINT('',#7008) ;
#7016=VERTEX_POINT('',#7015) ;
#7023=VERTEX_POINT('',#7022) ;
#7054=VERTEX_POINT('',#7053) ;
#7084=VERTEX_POINT('',#7083) ;
#7107=VERTEX_POINT('',#7106) ;
#7114=VERTEX_POINT('',#7113) ;
#7449=VERTEX_POINT('',#7448) ;
#7451=VERTEX_POINT('',#7450) ;
#7458=VERTEX_POINT('',#7457) ;
#7465=VERTEX_POINT('',#7464) ;
#7605=VERTEX_POINT('',#7604) ;
#7607=VERTEX_POINT('',#7606) ;
#7614=VERTEX_POINT('',#7613) ;
#7621=VERTEX_POINT('',#7620) ;
#7645=VERTEX_POINT('',#7644) ;
#7652=VERTEX_POINT('',#7651) ;
#7676=VERTEX_POINT('',#7675) ;
#7683=VERTEX_POINT('',#7682) ;
#7729=VERTEX_POINT('',#7728) ;
#7731=VERTEX_POINT('',#7730) ;
#7738=VERTEX_POINT('',#7737) ;
#7745=VERTEX_POINT('',#7744) ;
#7786=VERTEX_POINT('',#7785) ;
#7788=VERTEX_POINT('',#7787) ;
#7795=VERTEX_POINT('',#7794) ;
#7802=VERTEX_POINT('',#7801) ;
#7923=VERTEX_POINT('',#7922) ;
#7925=VERTEX_POINT('',#7924) ;
#7932=VERTEX_POINT('',#7931) ;
#7939=VERTEX_POINT('',#7938) ;
#7963=VERTEX_POINT('',#7962) ;
#7965=VERTEX_POINT('',#7964) ;
#7972=VERTEX_POINT('',#7971) ;
#7984=VERTEX_POINT('',#7983) ;
#8004=VERTEX_POINT('',#8003) ;
#8006=VERTEX_POINT('',#8005) ;
#8028=VERTEX_POINT('',#8027) ;
#8052=VERTEX_POINT('',#8051) ;
#8059=VERTEX_POINT('',#8058) ;
#8066=VERTEX_POINT('',#8065) ;
#8086=VERTEX_POINT('',#8085) ;
#8088=VERTEX_POINT('',#8087) ;
#8110=VERTEX_POINT('',#8109) ;
#8130=VERTEX_POINT('',#8129) ;
#8221=VERTEX_POINT('',#8220) ;
#8228=VERTEX_POINT('',#8227) ;
#8268=VERTEX_POINT('',#8267) ;
#8270=VERTEX_POINT('',#8269) ;
#8418=VERTEX_POINT('',#8417) ;
#8420=VERTEX_POINT('',#8419) ;
#8427=VERTEX_POINT('',#8426) ;
#8434=VERTEX_POINT('',#8433) ;
#8475=VERTEX_POINT('',#8474) ;
#8477=VERTEX_POINT('',#8476) ;
#8484=VERTEX_POINT('',#8483) ;
#8491=VERTEX_POINT('',#8490) ;
#8532=VERTEX_POINT('',#8531) ;
#8534=VERTEX_POINT('',#8533) ;
#8541=VERTEX_POINT('',#8540) ;
#8548=VERTEX_POINT('',#8547) ;
#8673=VERTEX_POINT('',#8672) ;
#8675=VERTEX_POINT('',#8674) ;
#8682=VERTEX_POINT('',#8681) ;
#8689=VERTEX_POINT('',#8688) ;
#8735=VERTEX_POINT('',#8734) ;
#8737=VERTEX_POINT('',#8736) ;
#8753=VERTEX_POINT('',#8752) ;
#8755=VERTEX_POINT('',#8754) ;
#8777=VERTEX_POINT('',#8776) ;
#8784=VERTEX_POINT('',#8783) ;
#8854=VERTEX_POINT('',#8853) ;
#8861=VERTEX_POINT('',#8860) ;
#8897=VERTEX_POINT('',#8896) ;
#8899=VERTEX_POINT('',#8898) ;
#8959=VERTEX_POINT('',#8958) ;
#8961=VERTEX_POINT('',#8960) ;
#8968=VERTEX_POINT('',#8967) ;
#8975=VERTEX_POINT('',#8974) ;
#8982=VERTEX_POINT('',#8981) ;
#8989=VERTEX_POINT('',#8988) ;
#9015=VERTEX_POINT('',#9014) ;
#9022=VERTEX_POINT('',#9021) ;
#9046=VERTEX_POINT('',#9045) ;
#9070=VERTEX_POINT('',#9069) ;
#9094=VERTEX_POINT('',#9093) ;
#9101=VERTEX_POINT('',#9100) ;
#9395=VERTEX_POINT('',#9394) ;
#9397=VERTEX_POINT('',#9396) ;
#9404=VERTEX_POINT('',#9403) ;
#9411=VERTEX_POINT('',#9410) ;
#9436=VERTEX_POINT('',#9435) ;
#9438=VERTEX_POINT('',#9437) ;
#9468=VERTEX_POINT('',#9467) ;
#9470=VERTEX_POINT('',#9469) ;
#9499=VERTEX_POINT('',#9498) ;
#9506=VERTEX_POINT('',#9505) ;
#9513=VERTEX_POINT('',#9512) ;
#9520=VERTEX_POINT('',#9519) ;
#9548=VERTEX_POINT('',#9547) ;
#9555=VERTEX_POINT('',#9554) ;
#9580=VERTEX_POINT('',#9579) ;
#9605=VERTEX_POINT('',#9604) ;
#9629=VERTEX_POINT('',#9628) ;
#9637=VERTEX_POINT('',#9636) ;
#9657=VERTEX_POINT('',#9656) ;
#9664=VERTEX_POINT('',#9663) ;
#9700=VERTEX_POINT('',#9699) ;
#9707=VERTEX_POINT('',#9706) ;
#9731=VERTEX_POINT('',#9730) ;
#9756=VERTEX_POINT('',#9755) ;
#9781=VERTEX_POINT('',#9780) ;
#9783=VERTEX_POINT('',#9782) ;
#9808=VERTEX_POINT('',#9807) ;
#9827=VERTEX_POINT('',#9826) ;
#9852=VERTEX_POINT('',#9851) ;
#9854=VERTEX_POINT('',#9853) ;
#9861=VERTEX_POINT('',#9860) ;
#9868=VERTEX_POINT('',#9867) ;
#46=(LENGTH_UNIT()NAMED_UNIT(*)SI_UNIT(.MILLI.,.METRE.)) ;
#47=(NAMED_UNIT(*)PLANE_ANGLE_UNIT()SI_UNIT($,.RADIAN.)) ;
#49=(NAMED_UNIT(*)SI_UNIT($,.STERADIAN.)SOLID_ANGLE_UNIT()) ;
#51=(GEOMETRIC_REPRESENTATION_CONTEXT(3)GLOBAL_UNCERTAINTY_ASSIGNED_CONTEXT((#50))GLOBAL_UNIT_ASSIGNED_CONTEXT((#46,#47,#49))REPRESENTATION_CONTEXT(' ',' ')) ;
#510=(GEOMETRIC_REPRESENTATION_CONTEXT(3)GLOBAL_UNCERTAINTY_ASSIGNED_CONTEXT((#509))GLOBAL_UNIT_ASSIGNED_CONTEXT((#46,#47,#49))REPRESENTATION_CONTEXT(' ',' ')) ;
#1514=(GEOMETRIC_REPRESENTATION_CONTEXT(3)GLOBAL_UNCERTAINTY_ASSIGNED_CONTEXT((#1513))GLOBAL_UNIT_ASSIGNED_CONTEXT((#46,#47,#49))REPRESENTATION_CONTEXT(' ',' ')) ;
#1855=(GEOMETRIC_REPRESENTATION_CONTEXT(3)GLOBAL_UNCERTAINTY_ASSIGNED_CONTEXT((#1854))GLOBAL_UNIT_ASSIGNED_CONTEXT((#46,#47,#49))REPRESENTATION_CONTEXT(' ',' ')) ;
#2419=(GEOMETRIC_REPRESENTATION_CONTEXT(3)GLOBAL_UNCERTAINTY_ASSIGNED_CONTEXT((#2418))GLOBAL_UNIT_ASSIGNED_CONTEXT((#46,#47,#49))REPRESENTATION_CONTEXT(' ',' ')) ;
#2690=(GEOMETRIC_REPRESENTATION_CONTEXT(3)GLOBAL_UNCERTAINTY_ASSIGNED_CONTEXT((#2689))GLOBAL_UNIT_ASSIGNED_CONTEXT((#46,#47,#49))REPRESENTATION_CONTEXT(' ',' ')) ;
#4431=(GEOMETRIC_REPRESENTATION_CONTEXT(3)GLOBAL_UNCERTAINTY_ASSIGNED_CONTEXT((#4430))GLOBAL_UNIT_ASSIGNED_CONTEXT((#46,#47,#49))REPRESENTATION_CONTEXT(' ',' ')) ;
#5558=(GEOMETRIC_REPRESENTATION_CONTEXT(3)GLOBAL_UNCERTAINTY_ASSIGNED_CONTEXT((#5557))GLOBAL_UNIT_ASSIGNED_CONTEXT((#46,#47,#49))REPRESENTATION_CONTEXT(' ',' ')) ;
#5850=(GEOMETRIC_REPRESENTATION_CONTEXT(3)GLOBAL_UNCERTAINTY_ASSIGNED_CONTEXT((#5849))GLOBAL_UNIT_ASSIGNED_CONTEXT((#46,#47,#49))REPRESENTATION_CONTEXT(' ',' ')) ;
#6044=(GEOMETRIC_REPRESENTATION_CONTEXT(3)GLOBAL_UNCERTAINTY_ASSIGNED_CONTEXT((#6043))GLOBAL_UNIT_ASSIGNED_CONTEXT((#46,#47,#49))REPRESENTATION_CONTEXT(' ',' ')) ;
#6564=(GEOMETRIC_REPRESENTATION_CONTEXT(3)GLOBAL_UNCERTAINTY_ASSIGNED_CONTEXT((#6563))GLOBAL_UNIT_ASSIGNED_CONTEXT((#46,#47,#49))REPRESENTATION_CONTEXT(' ',' ')) ;
#7260=(GEOMETRIC_REPRESENTATION_CONTEXT(3)GLOBAL_UNCERTAINTY_ASSIGNED_CONTEXT((#7259))GLOBAL_UNIT_ASSIGNED_CONTEXT((#46,#47,#49))REPRESENTATION_CONTEXT(' ',' ')) ;
#7533=(GEOMETRIC_REPRESENTATION_CONTEXT(3)GLOBAL_UNCERTAINTY_ASSIGNED_CONTEXT((#7532))GLOBAL_UNIT_ASSIGNED_CONTEXT((#46,#47,#49))REPRESENTATION_CONTEXT(' ',' ')) ;
#7890=(GEOMETRIC_REPRESENTATION_CONTEXT(3)GLOBAL_UNCERTAINTY_ASSIGNED_CONTEXT((#7889))GLOBAL_UNIT_ASSIGNED_CONTEXT((#46,#47,#49))REPRESENTATION_CONTEXT(' ',' ')) ;
#8333=(GEOMETRIC_REPRESENTATION_CONTEXT(3)GLOBAL_UNCERTAINTY_ASSIGNED_CONTEXT((#8332))GLOBAL_UNIT_ASSIGNED_CONTEXT((#46,#47,#49))REPRESENTATION_CONTEXT(' ',' ')) ;
#8653=(GEOMETRIC_REPRESENTATION_CONTEXT(3)GLOBAL_UNCERTAINTY_ASSIGNED_CONTEXT((#8652))GLOBAL_UNIT_ASSIGNED_CONTEXT((#46,#47,#49))REPRESENTATION_CONTEXT(' ',' ')) ;
#9180=(GEOMETRIC_REPRESENTATION_CONTEXT(3)GLOBAL_UNCERTAINTY_ASSIGNED_CONTEXT((#9179))GLOBAL_UNIT_ASSIGNED_CONTEXT((#46,#47,#49))REPRESENTATION_CONTEXT(' ',' ')) ;
#10005=(GEOMETRIC_REPRESENTATION_CONTEXT(3)GLOBAL_UNCERTAINTY_ASSIGNED_CONTEXT((#10004))GLOBAL_UNIT_ASSIGNED_CONTEXT((#46,#47,#49))REPRESENTATION_CONTEXT(' ',' ')) ;
#499=(REPRESENTATION_RELATIONSHIP(' ',' ',#52,#44)REPRESENTATION_RELATIONSHIP_WITH_TRANSFORMATION(#500)SHAPE_REPRESENTATION_RELATIONSHIP()) ;
#1503=(REPRESENTATION_RELATIONSHIP(' ',' ',#511,#44)REPRESENTATION_RELATIONSHIP_WITH_TRANSFORMATION(#1504)SHAPE_REPRESENTATION_RELATIONSHIP()) ;
#1844=(REPRESENTATION_RELATIONSHIP(' ',' ',#1515,#44)REPRESENTATION_RELATIONSHIP_WITH_TRANSFORMATION(#1845)SHAPE_REPRESENTATION_RELATIONSHIP()) ;
#2408=(REPRESENTATION_RELATIONSHIP(' ',' ',#1856,#44)REPRESENTATION_RELATIONSHIP_WITH_TRANSFORMATION(#2409)SHAPE_REPRESENTATION_RELATIONSHIP()) ;
#2679=(REPRESENTATION_RELATIONSHIP(' ',' ',#2420,#44)REPRESENTATION_RELATIONSHIP_WITH_TRANSFORMATION(#2680)SHAPE_REPRESENTATION_RELATIONSHIP()) ;
#4420=(REPRESENTATION_RELATIONSHIP(' ',' ',#2691,#44)REPRESENTATION_RELATIONSHIP_WITH_TRANSFORMATION(#4421)SHAPE_REPRESENTATION_RELATIONSHIP()) ;
#5547=(REPRESENTATION_RELATIONSHIP(' ',' ',#4432,#44)REPRESENTATION_RELATIONSHIP_WITH_TRANSFORMATION(#5548)SHAPE_REPRESENTATION_RELATIONSHIP()) ;
#5562=(REPRESENTATION_RELATIONSHIP(' ',' ',#4432,#44)REPRESENTATION_RELATIONSHIP_WITH_TRANSFORMATION(#5563)SHAPE_REPRESENTATION_RELATIONSHIP()) ;
#5575=(REPRESENTATION_RELATIONSHIP(' ',' ',#4432,#44)REPRESENTATION_RELATIONSHIP_WITH_TRANSFORMATION(#5576)SHAPE_REPRESENTATION_RELATIONSHIP()) ;
#5588=(REPRESENTATION_RELATIONSHIP(' ',' ',#4432,#44)REPRESENTATION_RELATIONSHIP_WITH_TRANSFORMATION(#5589)SHAPE_REPRESENTATION_RELATIONSHIP()) ;
#5601=(REPRESENTATION_RELATIONSHIP(' ',' ',#4432,#44)REPRESENTATION_RELATIONSHIP_WITH_TRANSFORMATION(#5602)SHAPE_REPRESENTATION_RELATIONSHIP()) ;
#5839=(REPRESENTATION_RELATIONSHIP(' ',' ',#5611,#44)REPRESENTATION_RELATIONSHIP_WITH_TRANSFORMATION(#5840)SHAPE_REPRESENTATION_RELATIONSHIP()) ;
#5854=(REPRESENTATION_RELATIONSHIP(' ',' ',#5611,#44)REPRESENTATION_RELATIONSHIP_WITH_TRANSFORMATION(#5855)SHAPE_REPRESENTATION_RELATIONSHIP()) ;
#5867=(REPRESENTATION_RELATIONSHIP(' ',' ',#5611,#44)REPRESENTATION_RELATIONSHIP_WITH_TRANSFORMATION(#5868)SHAPE_REPRESENTATION_RELATIONSHIP()) ;
#5880=(REPRESENTATION_RELATIONSHIP(' ',' ',#5611,#44)REPRESENTATION_RELATIONSHIP_WITH_TRANSFORMATION(#5881)SHAPE_REPRESENTATION_RELATIONSHIP()) ;
#5893=(REPRESENTATION_RELATIONSHIP(' ',' ',#5611,#44)REPRESENTATION_RELATIONSHIP_WITH_TRANSFORMATION(#5894)SHAPE_REPRESENTATION_RELATIONSHIP()) ;
#6033=(REPRESENTATION_RELATIONSHIP(' ',' ',#5903,#44)REPRESENTATION_RELATIONSHIP_WITH_TRANSFORMATION(#6034)SHAPE_REPRESENTATION_RELATIONSHIP()) ;
#6048=(REPRESENTATION_RELATIONSHIP(' ',' ',#5903,#44)REPRESENTATION_RELATIONSHIP_WITH_TRANSFORMATION(#6049)SHAPE_REPRESENTATION_RELATIONSHIP()) ;
#6061=(REPRESENTATION_RELATIONSHIP(' ',' ',#5903,#44)REPRESENTATION_RELATIONSHIP_WITH_TRANSFORMATION(#6062)SHAPE_REPRESENTATION_RELATIONSHIP()) ;
#6074=(REPRESENTATION_RELATIONSHIP(' ',' ',#5903,#44)REPRESENTATION_RELATIONSHIP_WITH_TRANSFORMATION(#6075)SHAPE_REPRESENTATION_RELATIONSHIP()) ;
#6087=(REPRESENTATION_RELATIONSHIP(' ',' ',#5903,#44)REPRESENTATION_RELATIONSHIP_WITH_TRANSFORMATION(#6088)SHAPE_REPRESENTATION_RELATIONSHIP()) ;
#6100=(REPRESENTATION_RELATIONSHIP(' ',' ',#5903,#44)REPRESENTATION_RELATIONSHIP_WITH_TRANSFORMATION(#6101)SHAPE_REPRESENTATION_RELATIONSHIP()) ;
#6113=(REPRESENTATION_RELATIONSHIP(' ',' ',#5903,#44)REPRESENTATION_RELATIONSHIP_WITH_TRANSFORMATION(#6114)SHAPE_REPRESENTATION_RELATIONSHIP()) ;
#6126=(REPRESENTATION_RELATIONSHIP(' ',' ',#5903,#44)REPRESENTATION_RELATIONSHIP_WITH_TRANSFORMATION(#6127)SHAPE_REPRESENTATION_RELATIONSHIP()) ;
#6139=(REPRESENTATION_RELATIONSHIP(' ',' ',#5903,#44)REPRESENTATION_RELATIONSHIP_WITH_TRANSFORMATION(#6140)SHAPE_REPRESENTATION_RELATIONSHIP()) ;
#6152=(REPRESENTATION_RELATIONSHIP(' ',' ',#5903,#44)REPRESENTATION_RELATIONSHIP_WITH_TRANSFORMATION(#6153)SHAPE_REPRESENTATION_RELATIONSHIP()) ;
#6553=(REPRESENTATION_RELATIONSHIP(' ',' ',#6162,#44)REPRESENTATION_RELATIONSHIP_WITH_TRANSFORMATION(#6554)SHAPE_REPRESENTATION_RELATIONSHIP()) ;
#6568=(REPRESENTATION_RELATIONSHIP(' ',' ',#6162,#44)REPRESENTATION_RELATIONSHIP_WITH_TRANSFORMATION(#6569)SHAPE_REPRESENTATION_RELATIONSHIP()) ;
#7249=(REPRESENTATION_RELATIONSHIP(' ',' ',#6578,#44)REPRESENTATION_RELATIONSHIP_WITH_TRANSFORMATION(#7250)SHAPE_REPRESENTATION_RELATIONSHIP()) ;
#7264=(REPRESENTATION_RELATIONSHIP(' ',' ',#6578,#44)REPRESENTATION_RELATIONSHIP_WITH_TRANSFORMATION(#7265)SHAPE_REPRESENTATION_RELATIONSHIP()) ;
#7277=(REPRESENTATION_RELATIONSHIP(' ',' ',#6578,#44)REPRESENTATION_RELATIONSHIP_WITH_TRANSFORMATION(#7278)SHAPE_REPRESENTATION_RELATIONSHIP()) ;
#7290=(REPRESENTATION_RELATIONSHIP(' ',' ',#6578,#44)REPRESENTATION_RELATIONSHIP_WITH_TRANSFORMATION(#7291)SHAPE_REPRESENTATION_RELATIONSHIP()) ;
#7303=(REPRESENTATION_RELATIONSHIP(' ',' ',#6578,#44)REPRESENTATION_RELATIONSHIP_WITH_TRANSFORMATION(#7304)SHAPE_REPRESENTATION_RELATIONSHIP()) ;
#7316=(REPRESENTATION_RELATIONSHIP(' ',' ',#6162,#44)REPRESENTATION_RELATIONSHIP_WITH_TRANSFORMATION(#7317)SHAPE_REPRESENTATION_RELATIONSHIP()) ;
#7329=(REPRESENTATION_RELATIONSHIP(' ',' ',#6162,#44)REPRESENTATION_RELATIONSHIP_WITH_TRANSFORMATION(#7330)SHAPE_REPRESENTATION_RELATIONSHIP()) ;
#7342=(REPRESENTATION_RELATIONSHIP(' ',' ',#6162,#44)REPRESENTATION_RELATIONSHIP_WITH_TRANSFORMATION(#7343)SHAPE_REPRESENTATION_RELATIONSHIP()) ;
#7355=(REPRESENTATION_RELATIONSHIP(' ',' ',#6162,#44)REPRESENTATION_RELATIONSHIP_WITH_TRANSFORMATION(#7356)SHAPE_REPRESENTATION_RELATIONSHIP()) ;
#7368=(REPRESENTATION_RELATIONSHIP(' ',' ',#6578,#44)REPRESENTATION_RELATIONSHIP_WITH_TRANSFORMATION(#7369)SHAPE_REPRESENTATION_RELATIONSHIP()) ;
#7381=(REPRESENTATION_RELATIONSHIP(' ',' ',#6578,#44)REPRESENTATION_RELATIONSHIP_WITH_TRANSFORMATION(#7382)SHAPE_REPRESENTATION_RELATIONSHIP()) ;
#7394=(REPRESENTATION_RELATIONSHIP(' ',' ',#6578,#44)REPRESENTATION_RELATIONSHIP_WITH_TRANSFORMATION(#7395)SHAPE_REPRESENTATION_RELATIONSHIP()) ;
#7407=(REPRESENTATION_RELATIONSHIP(' ',' ',#6578,#44)REPRESENTATION_RELATIONSHIP_WITH_TRANSFORMATION(#7408)SHAPE_REPRESENTATION_RELATIONSHIP()) ;
#7420=(REPRESENTATION_RELATIONSHIP(' ',' ',#6578,#44)REPRESENTATION_RELATIONSHIP_WITH_TRANSFORMATION(#7421)SHAPE_REPRESENTATION_RELATIONSHIP()) ;
#7522=(REPRESENTATION_RELATIONSHIP(' ',' ',#7430,#44)REPRESENTATION_RELATIONSHIP_WITH_TRANSFORMATION(#7523)SHAPE_REPRESENTATION_RELATIONSHIP()) ;
#7537=(REPRESENTATION_RELATIONSHIP(' ',' ',#7430,#44)REPRESENTATION_RELATIONSHIP_WITH_TRANSFORMATION(#7538)SHAPE_REPRESENTATION_RELATIONSHIP()) ;
#7550=(REPRESENTATION_RELATIONSHIP(' ',' ',#7430,#44)REPRESENTATION_RELATIONSHIP_WITH_TRANSFORMATION(#7551)SHAPE_REPRESENTATION_RELATIONSHIP()) ;
#7563=(REPRESENTATION_RELATIONSHIP(' ',' ',#7430,#44)REPRESENTATION_RELATIONSHIP_WITH_TRANSFORMATION(#7564)SHAPE_REPRESENTATION_RELATIONSHIP()) ;
#7576=(REPRESENTATION_RELATIONSHIP(' ',' ',#7430,#44)REPRESENTATION_RELATIONSHIP_WITH_TRANSFORMATION(#7577)SHAPE_REPRESENTATION_RELATIONSHIP()) ;
#7879=(REPRESENTATION_RELATIONSHIP(' ',' ',#7586,#44)REPRESENTATION_RELATIONSHIP_WITH_TRANSFORMATION(#7880)SHAPE_REPRESENTATION_RELATIONSHIP()) ;
#7894=(REPRESENTATION_RELATIONSHIP(' ',' ',#7586,#44)REPRESENTATION_RELATIONSHIP_WITH_TRANSFORMATION(#7895)SHAPE_REPRESENTATION_RELATIONSHIP()) ;
#8322=(REPRESENTATION_RELATIONSHIP(' ',' ',#7904,#44)REPRESENTATION_RELATIONSHIP_WITH_TRANSFORMATION(#8323)SHAPE_REPRESENTATION_RELATIONSHIP()) ;
#8337=(REPRESENTATION_RELATIONSHIP(' ',' ',#6162,#44)REPRESENTATION_RELATIONSHIP_WITH_TRANSFORMATION(#8338)SHAPE_REPRESENTATION_RELATIONSHIP()) ;
#8350=(REPRESENTATION_RELATIONSHIP(' ',' ',#6162,#44)REPRESENTATION_RELATIONSHIP_WITH_TRANSFORMATION(#8351)SHAPE_REPRESENTATION_RELATIONSHIP()) ;
#8363=(REPRESENTATION_RELATIONSHIP(' ',' ',#6162,#44)REPRESENTATION_RELATIONSHIP_WITH_TRANSFORMATION(#8364)SHAPE_REPRESENTATION_RELATIONSHIP()) ;
#8376=(REPRESENTATION_RELATIONSHIP(' ',' ',#6162,#44)REPRESENTATION_RELATIONSHIP_WITH_TRANSFORMATION(#8377)SHAPE_REPRESENTATION_RELATIONSHIP()) ;
#8389=(REPRESENTATION_RELATIONSHIP(' ',' ',#6162,#44)REPRESENTATION_RELATIONSHIP_WITH_TRANSFORMATION(#8390)SHAPE_REPRESENTATION_RELATIONSHIP()) ;
#8642=(REPRESENTATION_RELATIONSHIP(' ',' ',#8399,#44)REPRESENTATION_RELATIONSHIP_WITH_TRANSFORMATION(#8643)SHAPE_REPRESENTATION_RELATIONSHIP()) ;
#9169=(REPRESENTATION_RELATIONSHIP(' ',' ',#8654,#44)REPRESENTATION_RELATIONSHIP_WITH_TRANSFORMATION(#9170)SHAPE_REPRESENTATION_RELATIONSHIP()) ;
#9184=(REPRESENTATION_RELATIONSHIP(' ',' ',#8654,#44)REPRESENTATION_RELATIONSHIP_WITH_TRANSFORMATION(#9185)SHAPE_REPRESENTATION_RELATIONSHIP()) ;
#9197=(REPRESENTATION_RELATIONSHIP(' ',' ',#8654,#44)REPRESENTATION_RELATIONSHIP_WITH_TRANSFORMATION(#9198)SHAPE_REPRESENTATION_RELATIONSHIP()) ;
#9210=(REPRESENTATION_RELATIONSHIP(' ',' ',#8654,#44)REPRESENTATION_RELATIONSHIP_WITH_TRANSFORMATION(#9211)SHAPE_REPRESENTATION_RELATIONSHIP()) ;
#9223=(REPRESENTATION_RELATIONSHIP(' ',' ',#8654,#44)REPRESENTATION_RELATIONSHIP_WITH_TRANSFORMATION(#9224)SHAPE_REPRESENTATION_RELATIONSHIP()) ;
#9236=(REPRESENTATION_RELATIONSHIP(' ',' ',#8654,#44)REPRESENTATION_RELATIONSHIP_WITH_TRANSFORMATION(#9237)SHAPE_REPRESENTATION_RELATIONSHIP()) ;
#9249=(REPRESENTATION_RELATIONSHIP(' ',' ',#6162,#44)REPRESENTATION_RELATIONSHIP_WITH_TRANSFORMATION(#9250)SHAPE_REPRESENTATION_RELATIONSHIP()) ;
#9262=(REPRESENTATION_RELATIONSHIP(' ',' ',#6162,#44)REPRESENTATION_RELATIONSHIP_WITH_TRANSFORMATION(#9263)SHAPE_REPRESENTATION_RELATIONSHIP()) ;
#9275=(REPRESENTATION_RELATIONSHIP(' ',' ',#6162,#44)REPRESENTATION_RELATIONSHIP_WITH_TRANSFORMATION(#9276)SHAPE_REPRESENTATION_RELATIONSHIP()) ;
#9288=(REPRESENTATION_RELATIONSHIP(' ',' ',#6578,#44)REPRESENTATION_RELATIONSHIP_WITH_TRANSFORMATION(#9289)SHAPE_REPRESENTATION_RELATIONSHIP()) ;
#9301=(REPRESENTATION_RELATIONSHIP(' ',' ',#6578,#44)REPRESENTATION_RELATIONSHIP_WITH_TRANSFORMATION(#9302)SHAPE_REPRESENTATION_RELATIONSHIP()) ;
#9314=(REPRESENTATION_RELATIONSHIP(' ',' ',#6578,#44)REPRESENTATION_RELATIONSHIP_WITH_TRANSFORMATION(#9315)SHAPE_REPRESENTATION_RELATIONSHIP()) ;
#9327=(REPRESENTATION_RELATIONSHIP(' ',' ',#7430,#44)REPRESENTATION_RELATIONSHIP_WITH_TRANSFORMATION(#9328)SHAPE_REPRESENTATION_RELATIONSHIP()) ;
#9340=(REPRESENTATION_RELATIONSHIP(' ',' ',#7430,#44)REPRESENTATION_RELATIONSHIP_WITH_TRANSFORMATION(#9341)SHAPE_REPRESENTATION_RELATIONSHIP()) ;
#9353=(REPRESENTATION_RELATIONSHIP(' ',' ',#7430,#44)REPRESENTATION_RELATIONSHIP_WITH_TRANSFORMATION(#9354)SHAPE_REPRESENTATION_RELATIONSHIP()) ;
#9366=(REPRESENTATION_RELATIONSHIP(' ',' ',#6578,#44)REPRESENTATION_RELATIONSHIP_WITH_TRANSFORMATION(#9367)SHAPE_REPRESENTATION_RELATIONSHIP()) ;
#9994=(REPRESENTATION_RELATIONSHIP(' ',' ',#9376,#44)REPRESENTATION_RELATIONSHIP_WITH_TRANSFORMATION(#9995)SHAPE_REPRESENTATION_RELATIONSHIP()) ;
ENDSEC;
END-ISO-10303-21;
